phrase,meaning_ja,example_sentence,translated_sentence,source_url,error,deepl_filled_fields
abstract concept,抽象概念,Philosophy often deals with an abstract concept like truth or beauty.,哲学は真実や美といった抽象概念を扱うことが多い。,https://ejje.weblio.jp/content/abstract%20concept,,
academic achievement,学業成就,Students are recognized for their outstanding academic achievement at the annual awards ceremony.,学生たちは年次授賞式で卓越した学業成績を認められます。,https://ejje.weblio.jp/content/academic%20achievement,,
academic career,学歴,She decided to pursue an academic career after completing her doctoral degree.,彼女は博士号取得後、学究の道に進むことを決めた。,https://ejje.weblio.jp/content/academic%20career,,
academic circles,学界,The new theory generated significant interest within academic circles.,その新しい理論は学界で大きな関心を集めた。,https://ejje.weblio.jp/content/academic%20circles,,
academic community,学術界,The conference brought together experts from across the global academic community.,その会議は世界中の学術界から専門家を集めた。,https://ejje.weblio.jp/content/academic%20community,404 Client Error: 404 for url: https://ejje.weblio.jp/content/academic%20community,meaning_ja
academic debate,学術的な議論,A lively academic debate ensued regarding the interpretation of the historical data.,その歴史的データの解釈を巡って活発な学術的議論が繰り広げられた。,https://ejje.weblio.jp/content/academic%20debate,404 Client Error: 404 for url: https://ejje.weblio.jp/content/academic%20debate,meaning_ja
academic discipline,学問分野,Linguistics is an academic discipline focused on the study of language.,言語学は言語の研究に焦点を当てた学問分野です。,https://ejje.weblio.jp/content/academic%20discipline,,meaning_ja
academic discourse,学術的言説,Mastering academic discourse is crucial for effective communication in higher education.,高等教育において効果的なコミュニケーションのためには、学術的言説を習得することが不可欠です。,https://ejje.weblio.jp/content/academic%20discourse,404 Client Error: 404 for url: https://ejje.weblio.jp/content/academic%20discourse,meaning_ja
academic institution,学術研究機関,This academic institution is renowned for its cutting-edge research in science.,この学術研究機関は、科学における最先端の研究で有名です。,https://ejje.weblio.jp/content/academic%20institution,,
academic journal,学術雑誌、学術誌,Researchers often publish their findings in a peer-reviewed academic journal.,研究者たちは査読付き学術雑誌に研究結果を発表することが多い。,https://ejje.weblio.jp/content/academic%20journal,,
academic life,学究生活,Balancing research and teaching is a common challenge in academic life.,研究と教育のバランスを取ることは、学究生活における一般的な課題です。,https://ejje.weblio.jp/content/academic%20life,,
academic performance,学力；学業成績,Parental involvement can significantly influence a child's academic performance.,親の関与は子供の学業成績に大きく影響を与えることがあります。,https://ejje.weblio.jp/content/academic%20performance,,
academic research,学術研究,Funding for academic research is essential for advancing knowledge and innovation.,学術研究への資金提供は、知識と革新を進めるために不可欠です。,https://ejje.weblio.jp/content/academic%20research,,
academic skills,学力,Developing strong academic skills is vital for success in university studies.,大学での学習を成功させるには、優れた学力を身につけることが不可欠です。,https://ejje.weblio.jp/content/academic%20skills,404 Client Error: 404 for url: https://ejje.weblio.jp/content/academic%20skills,meaning_ja
academic study,学術研究,The project involves an extensive academic study of ancient civilizations.,そのプロジェクトは古代文明に関する広範な学術研究を含みます。,https://ejje.weblio.jp/content/academic%20study,,
academic success,学業の成功,Hard work and effective study habits contribute to academic success.,勤勉さと効果的な学習習慣が学業の成功に貢献します。,https://ejje.weblio.jp/content/academic%20success,,meaning_ja
academic work,学術研究,Submitting original academic work is a fundamental principle of integrity.,独創的な学術研究を提出することは、誠実さの基本原則です。,https://ejje.weblio.jp/content/academic%20work,404 Client Error: 404 for url: https://ejje.weblio.jp/content/academic%20work,meaning_ja
academic world,学界,Her innovative ideas quickly gained recognition in the academic world.,彼女の革新的なアイデアは学界で急速に認められた。,https://ejje.weblio.jp/content/academic%20world,,
academic writing,学術論文の執筆,Clear and concise academic writing is crucial for publishing research papers.,明確で簡潔な学術論文の執筆は、研究論文の発表に不可欠です。,https://ejje.weblio.jp/content/academic%20writing,,meaning_ja
academic year,学年,The new academic year begins in September for most universities.,ほとんどの大学では、新しい学年は9月に始まります。,https://ejje.weblio.jp/content/academic%20year,,
accept responsibility,責任を引き受ける,Leaders must be willing to accept responsibility for their team's performance.,リーダーはチームの業績に対する責任を喜んで引き受けるべきだ。,https://ejje.weblio.jp/content/accept%20responsibility,404 Client Error: 404 for url: https://ejje.weblio.jp/content/accept%20responsibility,meaning_ja
acceptable behaviour,許容される行動,Students are expected to maintain acceptable behaviour in the classroom at all times.,生徒は常に教室で許容される行動を維持することが求められます。,https://ejje.weblio.jp/content/acceptable%20behaviour,404 Client Error: 404 for url: https://ejje.weblio.jp/content/acceptable%20behaviour,meaning_ja
accurate assessment,正確な評価,An accurate assessment of the situation is crucial for making informed decisions.,状況を正確に評価することは、情報に基づいた意思決定をする上で不可欠です。,https://ejje.weblio.jp/content/accurate%20assessment,404 Client Error: 404 for url: https://ejje.weblio.jp/content/accurate%20assessment,meaning_ja
accurate description,的確な描写,Please provide an accurate description of the incident for the report.,報告書のために、その出来事の的確な描写を提供してください。,https://ejje.weblio.jp/content/accurate%20description,,
accurate information,正確な情報,We rely on accurate information to make sound business judgments.,私たちは健全な事業判断を下すために正確な情報に頼っています。,https://ejje.weblio.jp/content/accurate%20information,404 Client Error: 404 for url: https://ejje.weblio.jp/content/accurate%20information,meaning_ja
accurate measurement,正確な計量,Accurate measurement is essential for quality control in manufacturing processes.,製造工程における品質管理には正確な計量が不可欠です。,https://ejje.weblio.jp/content/accurate%20measurement,,
accurate picture,正確な状況,The report aims to provide an accurate picture of current market trends.,その報告書は、現在の市場動向の正確な状況を提供することを目指しています。,https://ejje.weblio.jp/content/accurate%20picture,404 Client Error: 404 for url: https://ejje.weblio.jp/content/accurate%20picture,meaning_ja
accurate record,正確な記録,Maintaining an accurate record of expenses is vital for financial transparency.,経費の正確な記録を維持することは、財務の透明性にとって極めて重要です。,https://ejje.weblio.jp/content/accurate%20record,404 Client Error: 404 for url: https://ejje.weblio.jp/content/accurate%20record,meaning_ja
achieve a goal,目標を実現する,Hard work and dedication are necessary to achieve a goal in any field.,どのような分野でも目標を実現するには、勤勉さと献身が必要です。,https://ejje.weblio.jp/content/achieve%20a%20goal,,
achieve an objective,目標を達成する,Our team works collaboratively to achieve an objective within the given timeframe.,私たちのチームは、与えられた期間内に目標を達成するために協力して働きます。,https://ejje.weblio.jp/content/achieve%20an%20objective,404 Client Error: 404 for url: https://ejje.weblio.jp/content/achieve%20an%20objective,meaning_ja
achieve an outcome,成果を上げる,Effective communication is key to achieve an outcome that benefits all parties.,効果的なコミュニケーションは、すべての関係者に利益をもたらす成果を上げるための鍵です。,https://ejje.weblio.jp/content/achieve%20an%20outcome,404 Client Error: 404 for url: https://ejje.weblio.jp/content/achieve%20an%20outcome,meaning_ja
acquire knowledge,知識を得る,Continuous learning helps individuals to acquire knowledge and adapt to new challenges.,継続的な学習は、個人が知識を得て新しい課題に適応するのに役立ちます。,https://ejje.weblio.jp/content/acquire%20knowledge,,
active involvement,積極的な関与,Active involvement from all stakeholders is crucial for project success.,すべての利害関係者からの積極的な関与がプロジェクトの成功には不可欠です。,https://ejje.weblio.jp/content/active%20involvement,404 Client Error: 404 for url: https://ejje.weblio.jp/content/active%20involvement,meaning_ja
active participant,積極的な参加者,We encourage every student to be an active participant in class discussions.,私たちはすべての生徒が授業での議論に積極的な参加者となることを奨励します。,https://ejje.weblio.jp/content/active%20participant,404 Client Error: 404 for url: https://ejje.weblio.jp/content/active%20participant,meaning_ja
active participation,積極的な参加,Active participation in community events fosters a stronger sense of belonging.,地域イベントへの積極的な参加は、より強い帰属意識を育みます。,https://ejje.weblio.jp/content/active%20participation,,
active role,能動的役割,Employees are encouraged to take an active role in shaping company culture.,従業員は企業文化の形成に能動的役割を果たすことを奨励されています。,https://ejje.weblio.jp/content/active%20role,,
actively involved,積極的に関与している,Management is actively involved in the development and implementation of new policies.,経営陣は新しい方針の開発と実施に積極的に関与しています。,https://ejje.weblio.jp/content/actively%20involved,404 Client Error: 404 for url: https://ejje.weblio.jp/content/actively%20involved,meaning_ja
acutely aware,痛感して；強く認識して；強く意識して,We are acutely aware of the need for sustainable practices in our industry.,私たちは業界における持続可能な実践の必要性を痛感しています。,https://ejje.weblio.jp/content/acutely%20aware,,
add information,情報を追加する,Please add information regarding the latest sales figures to the report.,報告書に最新の売上高に関する情報を追加してください。,https://ejje.weblio.jp/content/add%20information,404 Client Error: 404 for url: https://ejje.weblio.jp/content/add%20information,meaning_ja
additional cost,追加費用,Implementing the new system will incur an additional cost for training staff.,新システムを導入すると、スタッフの研修に追加費用が発生します。,https://ejje.weblio.jp/content/additional%20cost,,
additional information,追加情報; 付加情報,Please refer to the appendix for additional information on the study.,その調査に関する追加情報については付録を参照してください。,https://ejje.weblio.jp/content/additional%20information,,
additional problem,さらなる問題,The budget cuts created an additional problem for the project timeline.,予算削減がプロジェクトのスケジュールにとってさらなる問題を生み出しました。,https://ejje.weblio.jp/content/additional%20problem,404 Client Error: 404 for url: https://ejje.weblio.jp/content/additional%20problem,meaning_ja
additional resources,その他のリソース,We need to secure additional resources to complete the task on time.,期限内にタスクを完了するには、追加のリソースを確保する必要があります。,https://ejje.weblio.jp/content/additional%20resources,404 Client Error: 404 for url: https://ejje.weblio.jp/content/additional%20resources,meaning_ja
additional support,追加のサポート,Students requiring additional support can contact the academic advisor.,追加のサポートが必要な学生は、アカデミックアドバイザーに連絡できます。,https://ejje.weblio.jp/content/additional%20support,404 Client Error: 404 for url: https://ejje.weblio.jp/content/additional%20support,meaning_ja
address an issue,問題に対処する,The committee met to address an issue concerning data privacy.,委員会はデータプライバシーに関する問題に対処するために会合を開きました。,https://ejje.weblio.jp/content/address%20an%20issue,404 Client Error: 404 for url: https://ejje.weblio.jp/content/address%20an%20issue,meaning_ja
administrative practices,行政実務,The new guidelines aim to improve efficiency in administrative practices.,新しいガイドラインは、行政実務の効率向上を目指しています。,https://ejje.weblio.jp/content/administrative%20practices,404 Client Error: 404 for url: https://ejje.weblio.jp/content/administrative%20practices,meaning_ja
adopt a procedure,手順を定める,Our team decided to adopt a procedure for handling customer complaints.,私たちのチームは、顧客の苦情処理の手順を定めることにしました。,https://ejje.weblio.jp/content/adopt%20a%20procedure,404 Client Error: 404 for url: https://ejje.weblio.jp/content/adopt%20a%20procedure,meaning_ja
adopt an approach,あるアプローチを採用する,The company will adopt an approach focused on sustainable development.,その会社は持続可能な開発に焦点を当てたアプローチを採用するでしょう。,https://ejje.weblio.jp/content/adopt%20an%20approach,404 Client Error: 404 for url: https://ejje.weblio.jp/content/adopt%20an%20approach,meaning_ja
advanced economy,先進経済,Many challenges exist for an advanced economy in the global market.,グローバル市場において、先進経済には多くの課題が存在します。,https://ejje.weblio.jp/content/advanced%20economy,,
advanced technology,高い技術,This project utilizes advanced technology to optimize energy consumption.,このプロジェクトはエネルギー消費を最適化するために高い技術を活用しています。,https://ejje.weblio.jp/content/advanced%20technology,,
adverse effect,有害作用、副作用,The new policy may have an adverse effect on small businesses.,その新しい政策は中小企業に有害な作用を及ぼす可能性があります。,https://ejje.weblio.jp/content/adverse%20effect,,
adverse reaction,有害反応、副作用,Patients should report any adverse reaction to their doctor immediately.,患者は有害反応があれば直ちに医師に報告すべきです。,https://ejje.weblio.jp/content/adverse%20reaction,,
adversely affect,悪影響が出る；悪い影響を及ぼす,Climate change could adversely affect agricultural production worldwide.,気候変動は世界中の農業生産に悪影響を及ぼす可能性があります。,https://ejje.weblio.jp/content/adversely%20affect,,
affect the outcome,結果に影響を与える,Several factors can significantly affect the outcome of the experiment.,いくつかの要因が実験の結果に大きく影響を与える可能性があります。,https://ejje.weblio.jp/content/affect%20the%20outcome,404 Client Error: 404 for url: https://ejje.weblio.jp/content/affect%20the%20outcome,meaning_ja
affect the development of,～の発達に影響を与える,Early childhood experiences significantly affect the development of social skills.,幼少期の経験は社会性の発達に大きく影響を与えます。,https://ejje.weblio.jp/content/affect%20the%20development%20of,404 Client Error: 404 for url: https://ejje.weblio.jp/content/affect%20the%20development%20of,meaning_ja
allocate resources,リソースを割り当てる,It is crucial to wisely allocate resources for maximum project efficiency.,プロジェクトの効率を最大化するために、資源を賢く割り当てることが重要です。,https://ejje.weblio.jp/content/allocate%20resources,404 Client Error: 404 for url: https://ejje.weblio.jp/content/allocate%20resources,meaning_ja
allow access to,へのアクセスを許可する,The system will allow access to confidential data only for authorized users.,このシステムは、承認されたユーザーのみが機密データにアクセスすることを許可します。,https://ejje.weblio.jp/content/allow%20access%20to,404 Client Error: 404 for url: https://ejje.weblio.jp/content/allow%20access%20to,meaning_ja
almost identical,ほぼ同じ,"The two research findings were almost identical, confirming the hypothesis.",2つの研究結果はほぼ同じで、仮説を裏付けました。,https://ejje.weblio.jp/content/almost%20identical,,meaning_ja
alternative approach,代替的方法; 代替アプローチ,We need to consider an alternative approach if the current plan fails.,現在の計画が失敗した場合、代替的方法を検討する必要があります。,https://ejje.weblio.jp/content/alternative%20approach,,
alternative explanation,別の説明,Scientists are looking for an alternative explanation for the observed phenomenon.,科学者たちは観察された現象に対する別の説明を探しています。,https://ejje.weblio.jp/content/alternative%20explanation,404 Client Error: 404 for url: https://ejje.weblio.jp/content/alternative%20explanation,meaning_ja
alternative form,異表記,Some words have an alternative form that is also considered grammatically correct.,いくつかの単語には、文法的に正しいとされている異表記があります。,https://ejje.weblio.jp/content/alternative%20form,,
alternative interpretation,別の解釈,The data could lead to an alternative interpretation of the experimental results.,そのデータは、実験結果に対する別の解釈をもたらす可能性があります。,https://ejje.weblio.jp/content/alternative%20interpretation,404 Client Error: 404 for url: https://ejje.weblio.jp/content/alternative%20interpretation,meaning_ja
alternative means,代替手段,We must find an alternative means to achieve our objectives more efficiently.,目標をより効率的に達成するための代替手段を見つけなければなりません。,https://ejje.weblio.jp/content/alternative%20means,,
alternative method,代替法、変法,Researchers developed an alternative method to analyze complex biological samples.,研究者たちは、複雑な生物学的サンプルを分析するための代替法を開発しました。,https://ejje.weblio.jp/content/alternative%20method,,
alternative model,選択モデル; 代替モデル,The team proposed an alternative model for predicting market trends next year.,チームは来年の市場動向を予測するための代替モデルを提案しました。,https://ejje.weblio.jp/content/alternative%20model,,
alternative solution,代替解; 別解法; 別解,Exploring an alternative solution is crucial when the initial plan faces challenges.,最初の計画が課題に直面した際には、代替解を探ることが重要です。,https://ejje.weblio.jp/content/alternative%20solution,,
alternative source,代替源; 代替資源,Many companies are seeking an alternative source of energy to reduce costs.,多くの企業がコスト削減のため、エネルギーの代替源を求めています。,https://ejje.weblio.jp/content/alternative%20source,,
alternative strategy,代替戦略,Developing an alternative strategy is wise if the current approach proves ineffective.,現在の手法が非効率だと判明した場合、代替戦略を立てることは賢明です。,https://ejje.weblio.jp/content/alternative%20strategy,,
alternative view,別の見方,It is important to consider an alternative view before making a final decision.,最終決定を下す前に、別の見方を考慮することが重要です。,https://ejje.weblio.jp/content/alternative%20view,404 Client Error: 404 for url: https://ejje.weblio.jp/content/alternative%20view,meaning_ja
alternative way,別の方法,There might be an alternative way to solve this complex problem more efficiently.,この複雑な問題をより効率的に解決する別の方法があるかもしれません。,https://ejje.weblio.jp/content/alternative%20way,404 Client Error: 404 for url: https://ejje.weblio.jp/content/alternative%20way,meaning_ja
ample evidence,十分な証拠,There is ample evidence to support the new theory proposed by the scientists.,科学者たちによって提案された新しい理論を裏付ける十分な証拠があります。,https://ejje.weblio.jp/content/ample%20evidence,404 Client Error: 404 for url: https://ejje.weblio.jp/content/ample%20evidence,meaning_ja
analytical approach,解析手法、分析手法,The study employed a rigorous analytical approach to examine the market data.,その研究は、市場データを調査するために厳密な分析手法を採用しました。,https://ejje.weblio.jp/content/analytical%20approach,,
analytical tool,分析手段,Advanced software serves as a powerful analytical tool for data scientists.,高度なソフトウェアは、データ科学者にとって強力な分析手段として機能します。,https://ejje.weblio.jp/content/analytical%20tool,,
anecdotal evidence,事例証拠,"While interesting, anecdotal evidence alone is not sufficient for scientific conclusions.",興味深いものの、事例証拠だけでは科学的な結論には不十分です。,https://ejje.weblio.jp/content/anecdotal%20evidence,,
annual conference,年次会議,The department will host its annual conference to discuss recent research findings.,その部署は、最近の研究結果を議論するため年次会議を主催します。,https://ejje.weblio.jp/content/annual%20conference,,
annual meeting,年次会議、学術集会,All stakeholders are invited to attend the company's annual meeting next month.,来月開催される会社の年次会議に、すべての利害関係者が招待されています。,https://ejje.weblio.jp/content/annual%20meeting,,
annual rate,年率,The economy grew at an annual rate of three percent during the last fiscal year.,経済は前会計年度中に年率3パーセントで成長しました。,https://ejje.weblio.jp/content/annual%20rate,,
annual report,年次報告書,The company's annual report provides a comprehensive overview of its financial performance.,会社の年次報告書は、その財務実績の包括的な概要を提供します。,https://ejje.weblio.jp/content/annual%20report,,meaning_ja
annual review,年次評価,Employees receive an annual review to assess their performance and set new goals.,従業員は、業績を評価し新たな目標を設定するために年次評価を受けます。,https://ejje.weblio.jp/content/annual%20review,,
apply equally,均等に適用する,"The new regulations will apply equally to all businesses, regardless of their size.",新しい規制は、規模に関わらずすべての企業に均等に適用されます。,https://ejje.weblio.jp/content/apply%20equally,404 Client Error: 404 for url: https://ejje.weblio.jp/content/apply%20equally,meaning_ja
apply a method,メソッドを適用する,We need to apply a method to analyze the complex data effectively.,複雑なデータを効果的に分析するためには、ある手法を適用する必要があります。,https://ejje.weblio.jp/content/apply%20a%20method,404 Client Error: 404 for url: https://ejje.weblio.jp/content/apply%20a%20method,meaning_ja
apply the theory,理論を適用する,Scientists often apply the theory to new situations to test its validity.,科学者はその理論の妥当性を検証するため、しばしば新しい状況に適用します。,https://ejje.weblio.jp/content/apply%20the%20theory,404 Client Error: 404 for url: https://ejje.weblio.jp/content/apply%20the%20theory,meaning_ja
appropriate action,適切な措置,The team took appropriate action to resolve the critical issue quickly.,チームは重要な問題を迅速に解決するため、適切な措置を取りました。,https://ejje.weblio.jp/content/appropriate%20action,404 Client Error: 404 for url: https://ejje.weblio.jp/content/appropriate%20action,meaning_ja
appropriate behaviour,適切な振る舞い,Employees are expected to demonstrate appropriate behaviour in the workplace.,従業員は職場において適切な振る舞いを示すことが期待されます。,https://ejje.weblio.jp/content/appropriate%20behaviour,404 Client Error: 404 for url: https://ejje.weblio.jp/content/appropriate%20behaviour,meaning_ja
appropriate conditions,適切な条件,"For optimal growth, plants require appropriate conditions like sunlight and water.",最適な成長のためには、植物は日光や水といった適切な条件を必要とします。,https://ejje.weblio.jp/content/appropriate%20conditions,404 Client Error: 404 for url: https://ejje.weblio.jp/content/appropriate%20conditions,meaning_ja
appropriate data,適切なデータ,Ensure you collect appropriate data to support your research findings.,研究結果を裏付けるために、適切なデータを収集するようにしてください。,https://ejje.weblio.jp/content/appropriate%20data,404 Client Error: 404 for url: https://ejje.weblio.jp/content/appropriate%20data,meaning_ja
appropriate form,適切な形式,Please submit your application in the appropriate form by the deadline.,期限までに適切な形式で申請書を提出してください。,https://ejje.weblio.jp/content/appropriate%20form,404 Client Error: 404 for url: https://ejje.weblio.jp/content/appropriate%20form,meaning_ja
appropriate language,適切な表現,Using appropriate language is crucial for effective communication in professional settings.,専門的な場面では、適切な表現を用いることが効果的なコミュニケーションに不可欠です。,https://ejje.weblio.jp/content/appropriate%20language,404 Client Error: 404 for url: https://ejje.weblio.jp/content/appropriate%20language,meaning_ja
appropriate level,適正値,We must maintain the water quality at an appropriate level for public safety.,公衆の安全のため、水質を適正なレベルに保つ必要があります。,https://ejje.weblio.jp/content/appropriate%20level,,
appropriate point,適切な時点,It's important to intervene at the appropriate point to prevent further complications.,さらなる合併症を防ぐためには、適切な時点で介入することが重要です。,https://ejje.weblio.jp/content/appropriate%20point,404 Client Error: 404 for url: https://ejje.weblio.jp/content/appropriate%20point,meaning_ja
appropriate response,適切な対応,The company issued an appropriate response to the customer's complaint.,会社は顧客からの苦情に対し、適切な対応をしました。,https://ejje.weblio.jp/content/appropriate%20response,,
appropriate skills,適切なスキル,The role requires candidates to possess appropriate skills and experience.,その職務には、候補者が適切なスキルと経験を持っていることが求められます。,https://ejje.weblio.jp/content/appropriate%20skills,404 Client Error: 404 for url: https://ejje.weblio.jp/content/appropriate%20skills,meaning_ja
appropriate treatment,適正処理,All hazardous waste requires appropriate treatment before disposal.,すべての有害廃棄物は、廃棄前に適切な処理が必要です。,https://ejje.weblio.jp/content/appropriate%20treatment,,
appropriate way,適切な方法,We need to find an appropriate way to address the current challenges.,現在の課題に対処するための適切な方法を見つける必要があります。,https://ejje.weblio.jp/content/appropriate%20way,,meaning_ja
armed conflict,武力衝突,International organizations work to prevent armed conflict and promote peace.,国際機関は武力衝突を防ぎ、平和を促進するために活動しています。,https://ejje.weblio.jp/content/armed%20conflict,,
artificial intelligence,人工知能,Artificial intelligence is transforming many industries with its innovative applications.,人工知能は革新的な応用によって、多くの産業を変革しています。,https://ejje.weblio.jp/content/artificial%20intelligence,,meaning_ja
assess the impact of,～の影響を評価する,We need to assess the impact of the new policy on small businesses.,新しい政策が中小企業に与える影響を評価する必要があります。,https://ejje.weblio.jp/content/assess%20the%20impact%20of,404 Client Error: 404 for url: https://ejje.weblio.jp/content/assess%20the%20impact%20of,meaning_ja
assessment process,評価プロセス,The assessment process helps identify areas for improvement in performance.,評価プロセスは、パフォーマンスの改善点を見つけるのに役立ちます。,https://ejje.weblio.jp/content/assessment%20process,404 Client Error: 404 for url: https://ejje.weblio.jp/content/assessment%20process,meaning_ja
associated factors,関連要因,Researchers are studying the associated factors contributing to the disease's spread.,研究者たちは、病気の蔓延に寄与する関連要因を調査しています。,https://ejje.weblio.jp/content/associated%20factors,404 Client Error: 404 for url: https://ejje.weblio.jp/content/associated%20factors,meaning_ja
assume responsibility,引き受ける,The new manager will assume responsibility for the entire department next month.,新しいマネージャーは来月、部門全体の責任を引き受けます。,https://ejje.weblio.jp/content/assume%20responsibility,,
assume the role of,～の役割を担う,The new manager will assume the role of team leader next month.,新しいマネージャーは来月、チームリーダーの役割を担います。,https://ejje.weblio.jp/content/assume%20the%20role%20of,404 Client Error: 404 for url: https://ejje.weblio.jp/content/assume%20the%20role%20of,meaning_ja
atomic energy,原子(核)エネルギー、原子力,The debate about the safety of atomic energy continues globally.,原子力エネルギーの安全性に関する議論は世界中で続いています。,https://ejje.weblio.jp/content/atomic%20energy,,
attend a conference,会議に列する,Many researchers plan to attend a conference on artificial intelligence this year.,多くの研究者が今年、人工知能に関する会議に出席する予定です。,https://ejje.weblio.jp/content/attend%20a%20conference,,
available data,入手可能なデータ,We need to analyze all available data before making a final decision.,最終決定を下す前に、利用可能なすべてのデータを分析する必要があります。,https://ejje.weblio.jp/content/available%20data,,
available evidence,入手可能な証拠,"Based on the available evidence, the theory appears to be plausible.",入手可能な証拠に基づくと、その理論はもっともらしいと思われます。,https://ejje.weblio.jp/content/available%20evidence,404 Client Error: 404 for url: https://ejje.weblio.jp/content/available%20evidence,meaning_ja
available information,入手可能な情報,Please review all available information to understand the project scope.,プロジェクトの範囲を理解するために、利用可能なすべての情報をご確認ください。,https://ejje.weblio.jp/content/available%20information,404 Client Error: 404 for url: https://ejje.weblio.jp/content/available%20information,meaning_ja
available resources,利用可能なリソース,We must efficiently utilize all available resources to complete the task on time.,タスクを期限内に完了するために、利用可能なすべての資源を効率的に活用しなければなりません。,https://ejje.weblio.jp/content/available%20resources,404 Client Error: 404 for url: https://ejje.weblio.jp/content/available%20resources,meaning_ja
average score,平均スコア,The class average score on the exam was slightly higher than expected.,試験のクラス平均点は予想よりもわずかに高かった。,https://ejje.weblio.jp/content/average%20score,404 Client Error: 404 for url: https://ejje.weblio.jp/content/average%20score,meaning_ja
background knowledge,予備知識、予備知識,Some background knowledge in statistics is helpful for understanding this report.,このレポートを理解するには、統計学の予備知識があると役立ちます。,https://ejje.weblio.jp/content/background%20knowledge,,
basic assumption,大前提,The entire argument rests on a basic assumption about human behavior.,この議論全体は、人間の行動に関する基本的な前提に基づいています。,https://ejje.weblio.jp/content/basic%20assumption,,
basic component,基本成分,Trust is a basic component of any successful professional relationship.,信頼は、成功するあらゆる職業上の関係における基本的な要素です。,https://ejje.weblio.jp/content/basic%20component,,
basic concept,基礎的概念; 基本的考え方; 基本構想; 基本的概念; 基礎概念; 基本概念,Understanding the basic concept of supply and demand is crucial in economics.,経済学において、需要と供給の基本概念を理解することは非常に重要です。,https://ejje.weblio.jp/content/basic%20concept,,
basic element,基本要素,Cooperation is a basic element for achieving team goals effectively.,協力は、チームの目標を効果的に達成するための基本要素です。,https://ejje.weblio.jp/content/basic%20element,,
basic function,基本的機能; 基本機能,This software's basic function is to process and store customer data.,このソフトウェアの基本的な機能は、顧客データを処理し保存することです。,https://ejje.weblio.jp/content/basic%20function,,
basic information,基礎情報,"Please provide your basic information, including your name and contact details.",お名前と連絡先を含む基本的な情報をご提供ください。,https://ejje.weblio.jp/content/basic%20information,,
basic premise,大前提,The project's success depends on the basic premise that users will adopt the new system.,プロジェクトの成功は、ユーザーが新しいシステムを採用するという基本的な前提にかかっています。,https://ejje.weblio.jp/content/basic%20premise,,
basic principle,基本原理、基本的原理,Respect for privacy is a basic principle of this organization's policy.,プライバシーの尊重は、この組織のポリシーの基本原則です。,https://ejje.weblio.jp/content/basic%20principle,,
basic research,基礎的研究; 基礎研究; 基礎調査,Government funding is essential for conducting long-term basic research in science.,科学における長期的な基礎研究を行うには、政府の資金提供が不可欠です。,https://ejje.weblio.jp/content/basic%20research,,
basic structure,基本構造、基本骨格,The report outlines the basic structure of the proposed new system.,その報告書は、提案されている新システムの基本構造を概説しています。,https://ejje.weblio.jp/content/basic%20structure,,
basic technique,基礎技術,Mastering the basic technique is crucial before attempting advanced procedures.,高度な手順を試みる前に、基本的な技術を習得することが重要です。,https://ejje.weblio.jp/content/basic%20technique,,
bear resemblance to,～に似ている,The new design appears to bear a strong resemblance to its predecessor.,新しいデザインは、その前身と強い類似性があるように見える。,https://ejje.weblio.jp/content/bear%20resemblance%20to,404 Client Error: 404 for url: https://ejje.weblio.jp/content/bear%20resemblance%20to,meaning_ja
become apparent,現れる、現われる、表れる、顕れる、表われる,The solution to the complex problem will become apparent with further analysis.,その複雑な問題の解決策は、さらなる分析によって明らかになるだろう。,https://ejje.weblio.jp/content/become%20apparent,,
become available,利用可能になる,New research data will become available to the public next quarter.,新しい研究データは来四半期に一般公開される予定だ。,https://ejje.weblio.jp/content/become%20available,404 Client Error: 404 for url: https://ejje.weblio.jp/content/become%20available,meaning_ja
become aware,思い至る、想い到る、思いいたる、思い到る、想い至る、〈知る〉・認識する、気付く,It is crucial for leaders to become aware of emerging market trends.,リーダーにとって、新たな市場トレンドを認識することが極めて重要である。,https://ejje.weblio.jp/content/become%20aware,,
become blurred,ぼやけてくる,The lines between work and personal life have become blurred for many.,仕事と私生活の境界線が多くの人にとって曖昧になってきた。,https://ejje.weblio.jp/content/become%20blurred,404 Client Error: 404 for url: https://ejje.weblio.jp/content/become%20blurred,meaning_ja
become established,定着する,This new methodology is expected to become established as the industry standard.,この新しい方法論は、業界標準として定着することが期待されている。,https://ejje.weblio.jp/content/become%20established,,
become evident,～が明白になる；顕著となる,The potential risks of the project will become evident after a thorough review.,そのプロジェクトの潜在的なリスクは、徹底的な見直し後に明らかになるだろう。,https://ejje.weblio.jp/content/become%20evident,,
become independent,手が離れる、巣立つ、手を離れる、独り立ちする、巣立つ、一本立ちになる、一人前になる、〈独立する〉・自立する,Many young professionals aspire to become independent entrepreneurs in their careers.,多くの若い専門家が、キャリアにおいて独立した起業家になることを目指している。,https://ejje.weblio.jp/content/become%20independent,,
become involved with/in,～に関与する／～に加わる,It is important for citizens to become involved in community development initiatives.,市民が地域開発の取り組みに関与することは重要である。,https://ejje.weblio.jp/content/become%20involved%20with/in,404 Client Error: 404 for url: https://ejje.weblio.jp/content/become%20involved%20with/in,meaning_ja
become obvious,顕在化する,The need for sustainable practices will become obvious as resources diminish.,資源が減少するにつれて、持続可能な実践の必要性が明らかになるだろう。,https://ejje.weblio.jp/content/become%20obvious,,
become visible,現れる、現われる、表れる、顕れる、表われる,The results of the experiment will become visible in the coming weeks.,実験の結果は今後数週間で明らかになるだろう。,https://ejje.weblio.jp/content/become%20visible,,
become widespread,花開く、花ひらく、華開く、華ひらく、行き渡る、〈広まる〉・普及する,Digital payment systems have become widespread globally in recent years.,デジタル決済システムは近年、世界中で普及している。,https://ejje.weblio.jp/content/become%20widespread,,
become a source of,～の源となる,Renewable energy is expected to become a major source of power.,再生可能エネルギーは主要な電力源になると期待されている。,https://ejje.weblio.jp/content/become%20a%20source%20of,404 Client Error: 404 for url: https://ejje.weblio.jp/content/become%20a%20source%20of,meaning_ja
become the focus of,注目を集める,Environmental issues have become the focus of international policy discussions.,環境問題は国際的な政策議論の焦点となっている。,https://ejje.weblio.jp/content/become%20the%20focus%20of,404 Client Error: 404 for url: https://ejje.weblio.jp/content/become%20the%20focus%20of,meaning_ja
begin a process,プロセスを開始する,The committee will begin a process of reviewing all submitted proposals.,委員会は提出されたすべての提案を審査するプロセスを開始する。,https://ejje.weblio.jp/content/begin%20a%20process,404 Client Error: 404 for url: https://ejje.weblio.jp/content/begin%20a%20process,meaning_ja
behave differently,異なる振る舞いをする,Materials at the nanoscale often behave differently than their bulk counterparts.,ナノスケールの材料は、そのバルク体とは異なる振る舞いをすることがよくある。,https://ejje.weblio.jp/content/behave%20differently,404 Client Error: 404 for url: https://ejje.weblio.jp/content/behave%20differently,meaning_ja
beneficial effect,有益作用; 好影響; 有益効果; 薬効,Regular exercise has a beneficial effect on overall physical and mental health.,定期的な運動は、全体的な身体的・精神的健康に良い影響を与える。,https://ejje.weblio.jp/content/beneficial%20effect,,
"best described as, in terms of",次のように表現するのが最も適切でしょう、つまり,"The current economic situation could be best described as volatile, in terms of market stability.",現在の経済状況は、市場の安定性という点では、不安定と表現するのが最も適切でしょう。,https://ejje.weblio.jp/content/best%20described%20as%2C%20in%20terms%20of,404 Client Error: 404 for url: https://ejje.weblio.jp/content/best%20described%20as%2C%20in%20terms%20of,meaning_ja
binary opposition,二項対立,Many philosophical theories explore the concept of binary opposition in thought.,多くの哲学的理論は、思考における二項対立の概念を探求している。,https://ejje.weblio.jp/content/binary%20opposition,,meaning_ja
binary system,二進法,Computers rely on a binary system to process and store information efficiently.,コンピュータは情報を効率的に処理・保存するために二進法に依存している。,https://ejje.weblio.jp/content/binary%20system,,
biological evolution,生物進化、生物学的進化,The study of biological evolution helps us understand the diversity of life.,生物進化の研究は、生命の多様性を理解するのに役立つ。,https://ejje.weblio.jp/content/biological%20evolution,,
biological science,生物科学,Advances in biological science have led to significant medical breakthroughs.,生物科学の進歩は、重要な医学的ブレークスルーにつながった。,https://ejje.weblio.jp/content/biological%20science,,
biological sex,生物学的性。個人を女性、男性、インターセックスかを区別するために用いられる、染色体、ホルモン、および解剖学上の特性を指す,The distinction between biological sex and gender identity is increasingly discussed.,生物学的性と性自認の区別は、ますます議論されている。,https://ejje.weblio.jp/content/biological%20sex,,
brief account,略叙,The report provides a brief account of the project's initial findings.,その報告書は、プロジェクトの初期調査結果に関する簡単な記述を提供している。,https://ejje.weblio.jp/content/brief%20account,,
brief description,概要、簡単な説明,Please provide a brief description of your research proposal in the abstract.,抄録にあなたの研究提案の簡単な説明を記載してください。,https://ejje.weblio.jp/content/brief%20description,,
brief discussion,頭出し、頭だし,We will have a brief discussion on the implications of the new data.,新しいデータの意味合いについて簡単に議論する予定だ。,https://ejje.weblio.jp/content/brief%20discussion,,
brief history,略歴; 略史,The presentation began with a brief history of the company's innovation.,プレゼンテーションは、会社の革新の簡単な歴史から始まった。,https://ejje.weblio.jp/content/brief%20history,,
brief introduction,簡易入門；簡単な手引き,The article offers a brief introduction to the theory of quantum mechanics.,この記事は量子力学の理論への簡単な入門を提供している。,https://ejje.weblio.jp/content/brief%20introduction,,
brief overview,概要,The seminar started with a brief overview of the current economic situation.,セミナーは現在の経済状況の簡単な概要から始まった。,https://ejje.weblio.jp/content/brief%20overview,,
brief period,短い期間,The market experienced a brief period of instability before recovering.,市場は回復する前に一時的な不安定期を経験した。,https://ejje.weblio.jp/content/brief%20period,,
brief review,寸評,This paper offers a brief review of existing literature on the topic.,この論文は、そのトピックに関する既存の文献の簡単なレビューを提供している。,https://ejje.weblio.jp/content/brief%20review,,
brief summary,概要,"At the end, I will provide a brief summary of the key findings.",最後に、主要な発見の簡単な要約を提供する。,https://ejje.weblio.jp/content/brief%20summary,,meaning_ja
brief time,短い期間,We have a brief time to finalize the proposal before the deadline.,締め切り前に提案を最終決定するための短い時間がある。,https://ejje.weblio.jp/content/brief%20time,404 Client Error: 404 for url: https://ejje.weblio.jp/content/brief%20time,meaning_ja
briefly describe,… を簡潔に説明する,Could you briefly describe the main challenges you faced during the project?,プロジェクト中に直面した主な課題を簡単に説明していただけますか？,https://ejje.weblio.jp/content/briefly%20describe,,
briefly discuss,簡単に論じる,This section will briefly discuss the implications for future research.,このセクションでは、将来の研究への影響について簡単に議論する。,https://ejje.weblio.jp/content/briefly%20discuss,404 Client Error: 404 for url: https://ejje.weblio.jp/content/briefly%20discuss,meaning_ja
broad agreement,広範な合意,There is broad agreement among experts on the urgency of climate action.,気候変動対策の緊急性については、専門家の間で幅広い合意がある。,https://ejje.weblio.jp/content/broad%20agreement,404 Client Error: 404 for url: https://ejje.weblio.jp/content/broad%20agreement,meaning_ja
broad category,大区分,Environmental sustainability falls into a broad category of global challenges.,環境の持続可能性は、地球規模の課題という広いカテゴリーに属する。,https://ejje.weblio.jp/content/broad%20category,,
broad definition,広義の定義,"The term ""culture"" has a broad definition encompassing many aspects of society.",「文化」という用語は、社会の多くの側面を含む広義の定義を持つ。,https://ejje.weblio.jp/content/broad%20definition,404 Client Error: 404 for url: https://ejje.weblio.jp/content/broad%20definition,meaning_ja
broad range of,幅広い,The university offers a broad range of courses across various disciplines.,その大学は、様々な分野にわたる幅広いコースを提供している。,https://ejje.weblio.jp/content/broad%20range%20of,404 Client Error: 404 for url: https://ejje.weblio.jp/content/broad%20range%20of,meaning_ja
broad spectrum,薬効範囲が広い、広範囲に使用される,The new drug covers a broad spectrum of bacterial infections effectively.,この新薬は、幅広い種類の細菌感染症に効果的に対応する。,https://ejje.weblio.jp/content/broad%20spectrum,,
broader context,より広い文脈,Understanding this issue requires considering its broader context and implications.,この問題を理解するには、より広い文脈と影響を考慮する必要がある。,https://ejje.weblio.jp/content/broader%20context,404 Client Error: 404 for url: https://ejje.weblio.jp/content/broader%20context,meaning_ja
broadly defined,広義に定義すると,The scope of the project is broadly defined to allow for flexibility.,プロジェクトの範囲は、柔軟性を持たせるために広義に定義されている。,https://ejje.weblio.jp/content/broadly%20defined,404 Client Error: 404 for url: https://ejje.weblio.jp/content/broadly%20defined,meaning_ja
broadly similar,おおむね似ている,The two research methodologies produced broadly similar results in the study.,その2つの研究方法は、研究において概ね同様の結果をもたらした。,https://ejje.weblio.jp/content/broadly%20similar,404 Client Error: 404 for url: https://ejje.weblio.jp/content/broadly%20similar,meaning_ja
business sector,集合的な企業,The business sector plays a vital role in economic growth and job creation.,ビジネス部門は経済成長と雇用創出において重要な役割を果たす。,https://ejje.weblio.jp/content/business%20sector,,
business transaction,取引がある,Blockchain technology can enhance security and transparency in every business transaction.,ブロックチェーン技術は、あらゆる商取引におけるセキュリティと透明性を高めることができる。,https://ejje.weblio.jp/content/business%20transaction,,
capitalist country,資本主義国,A capitalist country typically emphasizes private ownership and free markets.,資本主義国は通常、私有財産と自由市場を重視する。,https://ejje.weblio.jp/content/capitalist%20country,,
capitalist economy,資本主義経済,Innovation is a key driver in a dynamic capitalist economy.,革新は、ダイナミックな資本主義経済における主要な推進力である。,https://ejje.weblio.jp/content/capitalist%20economy,,
capitalist society,資本主義社会,Competition is often seen as a fundamental aspect of a capitalist society.,競争は、資本主義社会の基本的な側面と見なされることが多い。,https://ejje.weblio.jp/content/capitalist%20society,,
capitalist system,資本主義体制,The capitalist system allows for individual economic freedom and private enterprise.,資本主義体制は個人の経済的自由と私企業を可能にする。,https://ejje.weblio.jp/content/capitalist%20system,,
capitalist world,資本主義世界,Many multinational corporations operate across the capitalist world.,多くの多国籍企業が資本主義世界中で事業を展開している。,https://ejje.weblio.jp/content/capitalist%20world,404 Client Error: 404 for url: https://ejje.weblio.jp/content/capitalist%20world,meaning_ja
career development,職業発達; キャリア発達; キャリア開発,Providing opportunities for career development is essential for employee retention.,キャリア開発の機会を提供することは、従業員の定着に不可欠である。,https://ejje.weblio.jp/content/career%20development,,
career opportunity,採用情報,The company offers an excellent career opportunity for skilled engineers.,その会社は、熟練したエンジニアに素晴らしいキャリアの機会を提供している。,https://ejje.weblio.jp/content/career%20opportunity,404 Client Error: 404 for url: https://ejje.weblio.jp/content/career%20opportunity,meaning_ja
careful analysis,綿密な分析,A careful analysis of the data is required before drawing conclusions.,結論を出す前に、データの綿密な分析が必要である。,https://ejje.weblio.jp/content/careful%20analysis,404 Client Error: 404 for url: https://ejje.weblio.jp/content/careful%20analysis,meaning_ja
careful attention,細心の注意,The new policy demands careful attention to its implementation details.,新しい政策は、その実施の詳細に細心の注意を払うことを要求する。,https://ejje.weblio.jp/content/careful%20attention,404 Client Error: 404 for url: https://ejje.weblio.jp/content/careful%20attention,meaning_ja
careful consideration,一分別、思料、思量、熟考、詮議立て、細やかな気配り,Each proposal deserves careful consideration before a final decision is made.,最終決定が下される前に、各提案は慎重な検討に値する。,https://ejje.weblio.jp/content/careful%20consideration,,
careful thought,思案、考慮,Developing a robust strategy requires careful thought and planning.,堅牢な戦略を開発するには、慎重な思考と計画が必要である。,https://ejje.weblio.jp/content/careful%20thought,,
carefully controlled,厳密に管理された,The experiment was carefully controlled to minimize external variables.,その実験は、外部変数を最小限に抑えるために厳密に管理された。,https://ejje.weblio.jp/content/carefully%20controlled,,meaning_ja
carefully selected,謹選,The samples for the study were carefully selected to ensure validity.,研究のためのサンプルは、有効性を確保するために慎重に選定された。,https://ejje.weblio.jp/content/carefully%20selected,,
carry information,情報を伝達する,DNA molecules carry information essential for the development and function of organisms.,DNA分子は、生物の発生と機能に不可欠な情報を伝達する。,https://ejje.weblio.jp/content/carry%20information,404 Client Error: 404 for url: https://ejje.weblio.jp/content/carry%20information,meaning_ja
carry out research of,～に関する調査を行う,Scientists will carry out research of the new phenomenon next year.,科学者たちは来年、その新しい現象に関する調査を行うだろう。,https://ejje.weblio.jp/content/carry%20out%20research%20of,404 Client Error: 404 for url: https://ejje.weblio.jp/content/carry%20out%20research%20of,meaning_ja
carry out the task,その作業を行う,It is crucial to have clear instructions to carry out the task efficiently.,その作業を効率的に行うためには、明確な指示があることが重要だ。,https://ejje.weblio.jp/content/carry%20out%20the%20task,404 Client Error: 404 for url: https://ejje.weblio.jp/content/carry%20out%20the%20task,meaning_ja
cast doubt on,疑問を呈する,New findings may cast doubt on previous assumptions about the theory.,新しい発見は、その理論に関する以前の仮定に疑問を投げかけるかもしれない。,https://ejje.weblio.jp/content/cast%20doubt%20on,,
causal link,因果関係,Researchers are investigating a potential causal link between diet and disease.,研究者たちは、食事と病気の間の潜在的な因果関係を調査している。,https://ejje.weblio.jp/content/causal%20link,,
causal relation,因果関係,Establishing a clear causal relation is key to understanding complex phenomena.,明確な因果関係を確立することは、複雑な現象を理解する鍵である。,https://ejje.weblio.jp/content/causal%20relation,,
causal relationship,因果関係,The study aims to identify the causal relationship between these variables.,その研究は、これらの変数間の因果関係を特定することを目的としている。,https://ejje.weblio.jp/content/causal%20relationship,,
cause consequences,原因と結果,Policy decisions can cause significant consequences for society and the economy.,政策決定は、社会と経済に重大な結果をもたらす可能性がある。,https://ejje.weblio.jp/content/cause%20consequences,404 Client Error: 404 for url: https://ejje.weblio.jp/content/cause%20consequences,meaning_ja
cause stress,ストレスを引き起こす,Excessive workloads can cause stress and reduce employee productivity.,過剰な仕事量はストレスを引き起こし、従業員の生産性を低下させる可能性がある。,https://ejje.weblio.jp/content/cause%20stress,,meaning_ja
central authority,中央機関,"In some systems, a central authority manages all critical operations.",一部のシステムでは、中央機関がすべての重要な操作を管理する。,https://ejje.weblio.jp/content/central%20authority,,
central concept,中心的な概念,The central concept of this theory is its focus on interconnectedness.,この理論の中心的な概念は、その相互関連性への焦点である。,https://ejje.weblio.jp/content/central%20concept,404 Client Error: 404 for url: https://ejje.weblio.jp/content/central%20concept,meaning_ja
central concern,中心的な関心事,Environmental protection has become a central concern for global policy makers.,環境保護は、世界の政策立案者にとって中心的な関心事となっている。,https://ejje.weblio.jp/content/central%20concern,404 Client Error: 404 for url: https://ejje.weblio.jp/content/central%20concern,meaning_ja
central control,中央管制、中枢制御、一元管理、中央制御,The system is designed with central control for optimal efficiency and security.,そのシステムは、最適な効率とセキュリティのために中央制御で設計されている。,https://ejje.weblio.jp/content/central%20control,,
central core,中心部,The central core of the planet consists mainly of iron and nickel.,その惑星の中心核は主に鉄とニッケルで構成されている。,https://ejje.weblio.jp/content/central%20core,404 Client Error: 404 for url: https://ejje.weblio.jp/content/central%20core,meaning_ja
central feature,中心的な特徴,User-friendliness is a central feature of the new software interface.,ユーザーフレンドリーさは、新しいソフトウェアインターフェースの中心的な特徴である。,https://ejje.weblio.jp/content/central%20feature,404 Client Error: 404 for url: https://ejje.weblio.jp/content/central%20feature,meaning_ja
central focus,中心的な焦点,The central focus of the conference was sustainable urban development.,会議の中心的な焦点は、持続可能な都市開発だった。,https://ejje.weblio.jp/content/central%20focus,404 Client Error: 404 for url: https://ejje.weblio.jp/content/central%20focus,meaning_ja
central government,中央政府,The central government announced new measures to stimulate economic growth.,中央政府は経済成長を刺激するための新しい措置を発表した。,https://ejje.weblio.jp/content/central%20government,,meaning_ja
central importance,極めて重要な,Data privacy is of central importance in the digital age.,データプライバシーはデジタル時代において極めて重要である。,https://ejje.weblio.jp/content/central%20importance,404 Client Error: 404 for url: https://ejje.weblio.jp/content/central%20importance,meaning_ja
central issue,中心課題、中心的課題,Resource allocation remains a central issue in project management.,資源配分は、プロジェクト管理における中心課題であり続けている。,https://ejje.weblio.jp/content/central%20issue,,
central part,中心部、中心部分,Collaboration plays a central part in successful scientific research.,協力は、成功する科学研究において中心的な役割を果たす。,https://ejje.weblio.jp/content/central%20part,,
central point,枢軸、焦点、〈中枢〉・枢軸、中心点,The central point of the argument is the need for ethical AI.,議論の中心点は、倫理的なAIの必要性である。,https://ejje.weblio.jp/content/central%20point,,
central position,中心的な位置,The company holds a central position in the global market.,その会社はグローバル市場で中心的な地位を占めている。,https://ejje.weblio.jp/content/central%20position,404 Client Error: 404 for url: https://ejje.weblio.jp/content/central%20position,meaning_ja
central problem,中心課題、中心的課題,Funding for scientific research is often a central problem for institutions.,科学研究のための資金調達は、機関にとってしばしば中心的な問題である。,https://ejje.weblio.jp/content/central%20problem,,
central question,中心課題、中心的課題,The central question of the study addresses the causes of inequality.,その研究の中心課題は、不平等の原因に取り組んでいる。,https://ejje.weblio.jp/content/central%20question,,
central role,中心的役割,Technology plays a central role in modern economic development.,テクノロジーは現代の経済発展において中心的な役割を果たす。,https://ejje.weblio.jp/content/central%20role,,
central tenet,中心的な教義,Free speech is a central tenet of democratic societies.,言論の自由は民主主義社会の中心的な教義である。,https://ejje.weblio.jp/content/central%20tenet,404 Client Error: 404 for url: https://ejje.weblio.jp/content/central%20tenet,meaning_ja
central theme,中心テーマ,The central theme of the novel explores human resilience.,その小説の中心テーマは人間の回復力を探求している。,https://ejje.weblio.jp/content/central%20theme,,
central aspect,中心的な側面,Sustainability is a central aspect of modern business strategies.,持続可能性は現代のビジネス戦略の中心的な側面である。,https://ejje.weblio.jp/content/central%20aspect,404 Client Error: 404 for url: https://ejje.weblio.jp/content/central%20aspect,meaning_ja
central assumptions,中心的な仮定,We must critically examine the central assumptions underlying this economic model.,この経済モデルの根底にある中心的な仮定を批判的に検証する必要がある。,https://ejje.weblio.jp/content/central%20assumptions,404 Client Error: 404 for url: https://ejje.weblio.jp/content/central%20assumptions,meaning_ja
central characteristics,主な特徴,Understanding a culture involves identifying its central characteristics and values.,文化を理解するには、その主な特徴と価値を特定することが含まれる。,https://ejje.weblio.jp/content/central%20characteristics,404 Client Error: 404 for url: https://ejje.weblio.jp/content/central%20characteristics,meaning_ja
central circumstances,中心的な状況,The report analyzes the central circumstances that led to the crisis.,その報告書は、危機につながった中心的な状況を分析している。,https://ejje.weblio.jp/content/central%20circumstances,404 Client Error: 404 for url: https://ejje.weblio.jp/content/central%20circumstances,meaning_ja
change constantly,絶えず変化する,"Customer preferences in the market change constantly, requiring agile responses.",市場における顧客の好みは絶えず変化しており、迅速な対応が求められる。,https://ejje.weblio.jp/content/change%20constantly,404 Client Error: 404 for url: https://ejje.weblio.jp/content/change%20constantly,meaning_ja
change dramatically,劇的に変わる,Technology can change dramatically how industries operate and interact.,テクノロジーは、産業の運営方法や相互作用を劇的に変えることができる。,https://ejje.weblio.jp/content/change%20dramatically,404 Client Error: 404 for url: https://ejje.weblio.jp/content/change%20dramatically,meaning_ja
change rapidly,急速に変化する,"The global economic landscape continues to change rapidly, posing new challenges.",世界経済の状況は急速に変化し続けており、新たな課題を提起している。,https://ejje.weblio.jp/content/change%20rapidly,404 Client Error: 404 for url: https://ejje.weblio.jp/content/change%20rapidly,meaning_ja
change an attitude,考え方を変える,Education can help individuals change an attitude towards environmental conservation.,教育は、個人が環境保護に対する考え方を変えるのに役立つ。,https://ejje.weblio.jp/content/change%20an%20attitude,404 Client Error: 404 for url: https://ejje.weblio.jp/content/change%20an%20attitude,meaning_ja
changing attitudes,意識の変化,The survey revealed changing attitudes towards remote work among employees.,その調査は、従業員のリモートワークに対する意識の変化を明らかにした。,https://ejje.weblio.jp/content/changing%20attitudes,404 Client Error: 404 for url: https://ejje.weblio.jp/content/changing%20attitudes,meaning_ja
changing circumstances,状況の変化,Businesses must adapt their strategies to changing circumstances in the market.,企業は市場の変化する状況に戦略を適応させなければならない。,https://ejje.weblio.jp/content/changing%20circumstances,,meaning_ja
changing nature,変化する性質,Understanding the changing nature of work is vital for future planning.,仕事の変化する性質を理解することは、将来の計画にとって不可欠である。,https://ejje.weblio.jp/content/changing%20nature,404 Client Error: 404 for url: https://ejje.weblio.jp/content/changing%20nature,meaning_ja
changing needs,変化するニーズ,Public services must evolve to meet the changing needs of citizens.,公共サービスは、市民の変化するニーズを満たすために進化しなければならない。,https://ejje.weblio.jp/content/changing%20needs,404 Client Error: 404 for url: https://ejje.weblio.jp/content/changing%20needs,meaning_ja
changing pattern,変化するパターン,Researchers observed a changing pattern in consumer spending habits.,研究者たちは、消費者の支出習慣における変化するパターンを観察した。,https://ejje.weblio.jp/content/changing%20pattern,404 Client Error: 404 for url: https://ejje.weblio.jp/content/changing%20pattern,meaning_ja
changing world,変わりゆく世界,Adapting to a rapidly changing world is essential for personal and professional growth.,急速に変わりゆく世界に適応することは、個人的および専門的な成長に不可欠である。,https://ejje.weblio.jp/content/changing%20world,404 Client Error: 404 for url: https://ejje.weblio.jp/content/changing%20world,meaning_ja
characteristic feature,特色,Its characteristic feature is its ability to operate silently.,その特色は、静かに動作する能力である。,https://ejje.weblio.jp/content/characteristic%20feature,,
chemical reaction,化学反応,Catalysts accelerate the rate of a chemical reaction without being consumed.,触媒は、それ自体が消費されることなく化学反応の速度を加速させる。,https://ejje.weblio.jp/content/chemical%20reaction,,
civil case,民事事件,The legal team is preparing to argue a complex civil case.,法務チームは複雑な民事事件を弁護する準備をしている。,https://ejje.weblio.jp/content/civil%20case,,
civil society,市民社会、市民社会,Non-profit organizations are an important component of civil society.,非営利団体は市民社会の重要な構成要素である。,https://ejje.weblio.jp/content/civil%20society,,
class consciousness,階級意識,The theory suggests that economic disparities can lead to class consciousness.,その理論は、経済格差が階級意識につながる可能性があることを示唆している。,https://ejje.weblio.jp/content/class%20consciousness,,
classic example,典型例、代名詞,This case serves as a classic example of market failure.,この事例は、市場の失敗の典型例として機能する。,https://ejje.weblio.jp/content/classic%20example,,
classic study,古典的研究,The research builds upon a classic study in developmental psychology.,その研究は、発達心理学における古典的研究に基づいている。,https://ejje.weblio.jp/content/classic%20study,404 Client Error: 404 for url: https://ejje.weblio.jp/content/classic%20study,meaning_ja
classic text,古典的なテキスト,Students are required to read a classic text on political philosophy.,学生は政治哲学に関する古典的なテキストを読むことが求められている。,https://ejje.weblio.jp/content/classic%20text,404 Client Error: 404 for url: https://ejje.weblio.jp/content/classic%20text,meaning_ja
classic work,名作,This novel is considered a classic work of modern literature.,この小説は、現代文学の傑作と見なされている。,https://ejje.weblio.jp/content/classic%20work,404 Client Error: 404 for url: https://ejje.weblio.jp/content/classic%20work,meaning_ja
classical theory,古典論,The new discovery challenges some aspects of classical theory in physics.,その新しい発見は、物理学における古典論のいくつかの側面に異議を唱えている。,https://ejje.weblio.jp/content/classical%20theory,,
clear boundary,明確な境界,It is important to establish a clear boundary between personal and professional life.,私生活と職業生活の間に明確な境界線を設けることが重要である。,https://ejje.weblio.jp/content/clear%20boundary,404 Client Error: 404 for url: https://ejje.weblio.jp/content/clear%20boundary,meaning_ja
clear distinction,明らかな区別,There is a clear distinction between correlation and causation in statistics.,統計学において、相関と因果関係の間には明確な区別がある。,https://ejje.weblio.jp/content/clear%20distinction,,
clear evidence,明確な証拠,The study provides clear evidence supporting the effectiveness of the treatment.,その研究は、治療の有効性を裏付ける明確な証拠を提供している。,https://ejje.weblio.jp/content/clear%20evidence,,
clear focus,明確な焦点,The project needs a clear focus to achieve its objectives effectively.,プロジェクトは、目標を効果的に達成するために明確な焦点が必要である。,https://ejje.weblio.jp/content/clear%20focus,404 Client Error: 404 for url: https://ejje.weblio.jp/content/clear%20focus,meaning_ja
clear indication,明示,The data provides a clear indication of improving economic conditions.,そのデータは、経済状況が改善している明確な兆候を示している。,https://ejje.weblio.jp/content/clear%20indication,,
clear relationship,明確な関係,The research aims to establish a clear relationship between these factors.,その研究は、これらの要因間の明確な関係を確立することを目指している。,https://ejje.weblio.jp/content/clear%20relationship,404 Client Error: 404 for url: https://ejje.weblio.jp/content/clear%20relationship,meaning_ja
clear statement,明確な表明,The policy document makes a clear statement about human rights.,その政策文書は、人権について明確な表明をしている。,https://ejje.weblio.jp/content/clear%20statement,404 Client Error: 404 for url: https://ejje.weblio.jp/content/clear%20statement,meaning_ja
clear structure,明確な構造,A well-organized report always has a clear structure for readability.,よく整理された報告書は、読みやすさのために常に明確な構造を持っている。,https://ejje.weblio.jp/content/clear%20structure,404 Client Error: 404 for url: https://ejje.weblio.jp/content/clear%20structure,meaning_ja
clearly defined,明確に定義された,The roles and responsibilities of team members are clearly defined.,チームメンバーの役割と責任は明確に定義されている。,https://ejje.weblio.jp/content/clearly%20defined,404 Client Error: 404 for url: https://ejje.weblio.jp/content/clearly%20defined,meaning_ja
clearly demonstrated,はっきりと示された,The experiment clearly demonstrated the principle of conservation of energy.,その実験は、エネルギー保存の法則をはっきりと示した。,https://ejje.weblio.jp/content/clearly%20demonstrated,404 Client Error: 404 for url: https://ejje.weblio.jp/content/clearly%20demonstrated,meaning_ja
clearly established,明確に確立された,The link between exercise and health is clearly established.,運動と健康の間の関連性は明確に確立されている。,https://ejje.weblio.jp/content/clearly%20established,404 Client Error: 404 for url: https://ejje.weblio.jp/content/clearly%20established,meaning_ja
clearly evident,明々白々、明明白白,The impact of climate change on ecosystems is clearly evident globally.,気候変動が生態系に与える影響は、世界中で明白である。,https://ejje.weblio.jp/content/clearly%20evident,,
clearly identified,明確に特定された,The key challenges for the project were clearly identified in the report.,プロジェクトの主要な課題は、報告書で明確に特定された。,https://ejje.weblio.jp/content/clearly%20identified,404 Client Error: 404 for url: https://ejje.weblio.jp/content/clearly%20identified,meaning_ja
clearly important,明らかに重要だ,Ethical considerations are clearly important in all scientific research.,倫理的配慮は、すべての科学研究において明らかに重要である。,https://ejje.weblio.jp/content/clearly%20important,404 Client Error: 404 for url: https://ejje.weblio.jp/content/clearly%20important,meaning_ja
clearly related to,明らかに～に関連している,Economic growth is clearly related to innovation and technological advancement.,経済成長は、革新と技術の進歩に明らかに関連している。,https://ejje.weblio.jp/content/clearly%20related%20to,404 Client Error: 404 for url: https://ejje.weblio.jp/content/clearly%20related%20to,meaning_ja
clearly understand,明確に理解する,It's essential that all participants clearly understand their roles.,すべての参加者が自分の役割を明確に理解することが不可欠である。,https://ejje.weblio.jp/content/clearly%20understand,404 Client Error: 404 for url: https://ejje.weblio.jp/content/clearly%20understand,meaning_ja
clearly visible,現然,The effects of the new policy are already clearly visible.,新しい政策の効果はすでに明白である。,https://ejje.weblio.jp/content/clearly%20visible,,
climate change,気候変動,Addressing climate change requires global cooperation and innovative solutions.,気候変動に対処するには、地球規模の協力と革新的な解決策が必要である。,https://ejje.weblio.jp/content/climate%20change,,
climatic conditions,ひより,Agricultural productivity is highly dependent on local climatic conditions.,農業生産性は、地域の気候条件に大きく依存している。,https://ejje.weblio.jp/content/climatic%20conditions,,
close contact,接触者、濃厚接触者、濃厚接触、濃厚接触者,Maintaining close contact with clients is vital for business relationships.,顧客との密接な連絡を維持することは、ビジネス関係にとって不可欠である。,https://ejje.weblio.jp/content/close%20contact,,
close proximity,咫尺,Living in close proximity to nature offers numerous health benefits.,自然に近接して暮らすことは、数多くの健康上の利点をもたらす。,https://ejje.weblio.jp/content/close%20proximity,,
close relationship,親しい間柄,There is a close relationship between education levels and economic prosperity.,教育水準と経済的繁栄の間には密接な関係がある。,https://ejje.weblio.jp/content/close%20relationship,,
close scrutiny,検査されて；調査されて；監視されて,The new regulations will come under close scrutiny from industry experts.,新しい規制は、業界の専門家から厳密な精査を受けるだろう。,https://ejje.weblio.jp/content/close%20scrutiny,,
"closely allied to, with",…と密接に結びついている、～とともに,This research area is closely allied to the field of neuroscience.,この研究分野は、神経科学の分野と密接に結びついている。,https://ejje.weblio.jp/content/closely%20allied%20to%2C%20with,404 Client Error: 404 for url: https://ejje.weblio.jp/content/closely%20allied%20to%2C%20with,meaning_ja
closely associated with,密接に関連している,Innovation is closely associated with economic growth and competitiveness.,革新は経済成長と競争力に密接に関連している。,https://ejje.weblio.jp/content/closely%20associated%20with,404 Client Error: 404 for url: https://ejje.weblio.jp/content/closely%20associated%20with,meaning_ja
"closely connected to, with",…と密接に関連している、…と,These historical events are closely connected to the current political climate.,これらの歴史的出来事は、現在の政治情勢と密接に関連している。,https://ejje.weblio.jp/content/closely%20connected%20to%2C%20with,404 Client Error: 404 for url: https://ejje.weblio.jp/content/closely%20connected%20to%2C%20with,meaning_ja
"closely linked to, with",…と密接に関連している,Public health is closely linked to environmental quality and policy.,公衆衛生は、環境の質と政策に密接に関連している。,https://ejje.weblio.jp/content/closely%20linked%20to%2C%20with,404 Client Error: 404 for url: https://ejje.weblio.jp/content/closely%20linked%20to%2C%20with,meaning_ja
closely related to,密接に関連している,The findings are closely related to previous studies on human behavior.,その発見は、人間の行動に関する以前の研究と密接に関連している。,https://ejje.weblio.jp/content/closely%20related%20to,404 Client Error: 404 for url: https://ejje.weblio.jp/content/closely%20related%20to,meaning_ja
closely resemble,酷似,Some synthetic materials closely resemble natural compounds in their properties.,一部の合成材料は、その特性において天然化合物に酷似している。,https://ejje.weblio.jp/content/closely%20resemble,,
closely tied,密接に関連している,Economic stability is closely tied to political stability in many regions.,多くの地域で、経済の安定は政治の安定に密接に関連している。,https://ejje.weblio.jp/content/closely%20tied,404 Client Error: 404 for url: https://ejje.weblio.jp/content/closely%20tied,meaning_ja
closer examination,詳細な検討,A closer examination of the data revealed subtle but significant trends.,データを詳細に検討した結果、微妙だが重要な傾向が明らかになった。,https://ejje.weblio.jp/content/closer%20examination,404 Client Error: 404 for url: https://ejje.weblio.jp/content/closer%20examination,meaning_ja
closer inspection,詳しく調べてみると,"Upon closer inspection, some anomalies were discovered in the results.",詳しく調べてみると、結果にいくつかの異常が発見された。,https://ejje.weblio.jp/content/closer%20inspection,404 Client Error: 404 for url: https://ejje.weblio.jp/content/closer%20inspection,meaning_ja
closer look,よく見ると,Let's take a closer look at the methodology used in this research.,この研究で使用された方法論について、もう少し詳しく見てみましょう。,https://ejje.weblio.jp/content/closer%20look,,
cognitive ability,認知能力,Education aims to enhance a student's cognitive ability and critical thinking.,教育は、学生の認知能力と批判的思考を高めることを目指している。,https://ejje.weblio.jp/content/cognitive%20ability,,
cognitive development,認知発達,Early childhood experiences are crucial for healthy cognitive development.,幼児期の経験は、健全な認知発達にとって極めて重要である。,https://ejje.weblio.jp/content/cognitive%20development,,
cognitive skills,認知能力,"Learning new languages can improve various cognitive skills, such as memory.",新しい言語を学ぶことは、記憶力などの様々な認知能力を向上させることができる。,https://ejje.weblio.jp/content/cognitive%20skills,,
collaborative learning,協調学習,Collaborative learning strategies foster teamwork and communication among students.,協調学習戦略は、学生間のチームワークとコミュニケーションを育む。,https://ejje.weblio.jp/content/collaborative%20learning,,
collect data,資料を取り集める、取材する、材料を集める,Researchers plan to collect data from diverse sources for their study.,研究者たちは、彼らの研究のために多様な情報源からデータを収集する予定だ。,https://ejje.weblio.jp/content/collect%20data,,
collect information,情報を収集する,It is important to collect information from reliable sources.,信頼できる情報源から情報を収集することが重要である。,https://ejje.weblio.jp/content/collect%20information,,
collective action,団体行動、集団行動,Addressing global challenges often requires collective action from nations.,世界的な課題に対処するには、しばしば各国からの集団行動が必要である。,https://ejje.weblio.jp/content/collective%20action,,
collective identity,集団的アイデンティティ,Shared cultural heritage contributes to a strong collective identity.,共有された文化遺産は、強力な集団的アイデンティティに貢献する。,https://ejje.weblio.jp/content/collective%20identity,,meaning_ja
collective memory,集合的記憶（しゅうごうてききおく、フランス語: la mémoire collective、英語: collective memory、中国語: 集體記憶）とは、ある社会集団が共有する記憶、知識、および情報の集合体であり、その集団のアイデンティティと深く結びついているものを指す概念である。,Societies often rely on collective memory to understand their shared history and identity.,社会は、共有された歴史とアイデンティティを理解するために、しばしば集合的記憶に依拠します。,https://ejje.weblio.jp/content/collective%20memory,,
combined effect,併用効果,The combined effect of these policies led to significant economic growth.,これらの政策の併用効果が、大幅な経済成長をもたらしました。,https://ejje.weblio.jp/content/combined%20effect,,
come into conflict with,対立する,Their new proposal might come into conflict with existing regulations.,彼らの新しい提案は、既存の規制と対立する可能性があります。,https://ejje.weblio.jp/content/come%20into%20conflict%20with,,meaning_ja
come into contact with,触れ合う、触れあう、触れ合う,It's important for students to come into contact with diverse perspectives.,学生が多様な視点に触れ合うことは重要です。,https://ejje.weblio.jp/content/come%20into%20contact%20with,,
commercial activity,商業事業の一部として企てられる活動,The city aims to promote more commercial activity in the downtown area.,その都市は、中心街でのより多くの商業活動を促進することを目指しています。,https://ejje.weblio.jp/content/commercial%20activity,,
commercial transaction,商行為,Every commercial transaction must adhere to strict legal guidelines.,すべての商行為は、厳格な法的ガイドラインに従う必要があります。,https://ejje.weblio.jp/content/commercial%20transaction,,
commit a crime,悪事を働く、犯罪に及ぶ、ヤマを踏む、山を踏む、罪を犯す、犯罪を犯す[構成する]、悪事を働く、罪を犯す、罪を犯す,Individuals who commit a crime face severe penalties under the law.,罪を犯す個人は、法律により厳しい罰則を受けます。,https://ejje.weblio.jp/content/commit%20a%20crime,,
commit an offence,犯罪を犯す,Individuals who commit an offence must face the legal consequences of their actions.,犯罪を犯した個人は、その行為の法的結果に直面しなければなりません。,https://ejje.weblio.jp/content/commit%20an%20offence,404 Client Error: 404 for url: https://ejje.weblio.jp/content/commit%20an%20offence,meaning_ja
common ancestor,共通祖先,All living organisms share a common ancestor from billions of years ago.,すべての生物は、数十億年前の共通祖先を共有しています。,https://ejje.weblio.jp/content/common%20ancestor,,
common approach,一般的なアプローチ,This common approach helps streamline processes across different departments.,この一般的なアプローチは、異なる部署間のプロセスを効率化するのに役立ちます。,https://ejje.weblio.jp/content/common%20approach,404 Client Error: 404 for url: https://ejje.weblio.jp/content/common%20approach,meaning_ja
common assumption,共通の仮定,We challenged the common assumption that innovation always requires new technology.,私たちは、イノベーションには常に新しい技術が必要だという共通の仮定に異議を唱えました。,https://ejje.weblio.jp/content/common%20assumption,,
common characteristic,共通の特徴,A common characteristic of successful leaders is strong communication skills.,成功するリーダーに共通の特徴は、強力なコミュニケーションスキルです。,https://ejje.weblio.jp/content/common%20characteristic,404 Client Error: 404 for url: https://ejje.weblio.jp/content/common%20characteristic,meaning_ja
common culture,共通の文化,Shared values are essential for building a strong common culture.,共有された価値観は、強力な共通の文化を築くために不可欠です。,https://ejje.weblio.jp/content/common%20culture,404 Client Error: 404 for url: https://ejje.weblio.jp/content/common%20culture,meaning_ja
common error,共通エラー,Forgetting to save your work is a common error in digital tasks.,作業を保存し忘れることは、デジタル作業におけるよくある間違いです。,https://ejje.weblio.jp/content/common%20error,,
common feature,共通点,A common feature of these products is their user-friendly design.,これらの製品に共通する特徴は、ユーザーフレンドリーなデザインです。,https://ejje.weblio.jp/content/common%20feature,,
common goal,共通の目標,The team worked together to achieve their common goal of project completion.,チームはプロジェクト完了という共通の目標を達成するために協力しました。,https://ejje.weblio.jp/content/common%20goal,404 Client Error: 404 for url: https://ejje.weblio.jp/content/common%20goal,meaning_ja
common method,共通方法; 慣用法; 共通化方式,Surveying customers is a common method for gathering market feedback.,顧客調査は、市場フィードバックを収集する一般的な方法です。,https://ejje.weblio.jp/content/common%20method,,
common source,ソース接地回路（ソースせっちかいろ）またはソース共通回路（ソースきょうつうかいろ、英: Common source）は、電界効果トランジスタを用いた基本的な増幅回路の一つ。,Both reports cited the same statistical data as a common source.,両方の報告書は、同じ統計データを共通の情報源として引用していました。,https://ejje.weblio.jp/content/common%20source,,
common theme,共通のテーマ,The common theme of the conference was sustainable development.,会議の共通のテーマは持続可能な開発でした。,https://ejje.weblio.jp/content/common%20theme,404 Client Error: 404 for url: https://ejje.weblio.jp/content/common%20theme,meaning_ja
common usage,通行、常例、慣用、共用化,This term has fallen out of common usage in recent years.,この用語は近年、一般的な慣用から外れてきています。,https://ejje.weblio.jp/content/common%20usage,,
commonly accepted,一般的に認められている,It is a commonly accepted principle that honesty is the best policy.,誠実さが最善の策であるというのは、一般的に認められている原則です。,https://ejje.weblio.jp/content/commonly%20accepted,404 Client Error: 404 for url: https://ejje.weblio.jp/content/commonly%20accepted,meaning_ja
commonly associated with,一般的に～と関連付けられている,Certain symptoms are commonly associated with a particular medical condition.,特定の症状は、特定の病状と一般的に関連付けられています。,https://ejje.weblio.jp/content/commonly%20associated%20with,404 Client Error: 404 for url: https://ejje.weblio.jp/content/commonly%20associated%20with,meaning_ja
commonly called,一般に～と呼ばれる,The phenomenon is commonly called aurora borealis in the northern hemisphere.,その現象は北半球では一般的にオーロラと呼ばれています。,https://ejje.weblio.jp/content/commonly%20called,404 Client Error: 404 for url: https://ejje.weblio.jp/content/commonly%20called,meaning_ja
commonly encountered,よく見られる,Misunderstandings are commonly encountered in cross-cultural communication.,異文化間コミュニケーションでは、誤解がよく見られます。,https://ejje.weblio.jp/content/commonly%20encountered,404 Client Error: 404 for url: https://ejje.weblio.jp/content/commonly%20encountered,meaning_ja
commonly found in,よく見られるのは,This type of mineral is commonly found in volcanic rock formations.,この種の鉱物は、火山岩層によく見られます。,https://ejje.weblio.jp/content/commonly%20found%20in,404 Client Error: 404 for url: https://ejje.weblio.jp/content/commonly%20found%20in,meaning_ja
commonly known as,一般に～として知られている,"That plant is commonly known as a ""money tree"" due to its leaves.",その植物は葉の形から、一般的に「金のなる木」として知られています。,https://ejje.weblio.jp/content/commonly%20known%20as,404 Client Error: 404 for url: https://ejje.weblio.jp/content/commonly%20known%20as,meaning_ja
commonly referred to as,一般に～と呼ばれる,"The area is commonly referred to as the ""Silicon Valley"" of the East.",その地域は一般的に「東洋のシリコンバレー」と呼ばれています。,https://ejje.weblio.jp/content/commonly%20referred%20to%20as,404 Client Error: 404 for url: https://ejje.weblio.jp/content/commonly%20referred%20to%20as,meaning_ja
commonly used,よく使う；よく使われる,The internet is a commonly used tool for information access and communication.,インターネットは、情報アクセスとコミュニケーションのためによく使われるツールです。,https://ejje.weblio.jp/content/commonly%20used,,
communicate effectively,効果的に意思疎通を図る,Leaders must learn to communicate effectively with their teams.,リーダーは、チームと効果的に意思疎通を図る方法を学ぶ必要があります。,https://ejje.weblio.jp/content/communicate%20effectively,404 Client Error: 404 for url: https://ejje.weblio.jp/content/communicate%20effectively,meaning_ja
comparative analysis,比較解析、比較分析,The report provides a comparative analysis of different market strategies.,その報告書は、異なる市場戦略の比較分析を提供しています。,https://ejje.weblio.jp/content/comparative%20analysis,,
comparative research,比較調査,Our comparative research explores educational systems across several countries.,私たちの比較調査は、いくつかの国の教育システムを探求しています。,https://ejje.weblio.jp/content/comparative%20research,,
comparative study,比較試験、比較研究,This comparative study examines the effectiveness of two teaching methods.,この比較研究は、2つの教授法の有効性を検証しています。,https://ejje.weblio.jp/content/comparative%20study,,
compelling argument,説得力のある主張,She presented a compelling argument for investing in renewable energy.,彼女は再生可能エネルギーへの投資について、説得力のある主張を提示しました。,https://ejje.weblio.jp/content/compelling%20argument,404 Client Error: 404 for url: https://ejje.weblio.jp/content/compelling%20argument,meaning_ja
compelling evidence,説得力のある証拠,There is compelling evidence to support the new scientific theory.,新しい科学理論を裏付ける説得力のある証拠があります。,https://ejje.weblio.jp/content/compelling%20evidence,404 Client Error: 404 for url: https://ejje.weblio.jp/content/compelling%20evidence,meaning_ja
compelling reason,やむを得ない事由,He offered a compelling reason for delaying the project launch.,彼はプロジェクト開始を遅らせるやむを得ない事由を提示しました。,https://ejje.weblio.jp/content/compelling%20reason,,
competitive market,競争市場、競争市場,Operating in a highly competitive market requires constant innovation.,非常に競争の激しい市場で事業を行うには、絶え間ないイノベーションが必要です。,https://ejje.weblio.jp/content/competitive%20market,,
competitive pressure,競争圧力,Companies face intense competitive pressure to reduce costs and improve quality.,企業は、コスト削減と品質向上のために激しい競争圧力に直面しています。,https://ejje.weblio.jp/content/competitive%20pressure,404 Client Error: 404 for url: https://ejje.weblio.jp/content/competitive%20pressure,meaning_ja
complete a task,タスクを完了する,It is crucial to complete a task efficiently and accurately.,タスクを効率的かつ正確に完了することが重要です。,https://ejje.weblio.jp/content/complete%20a%20task,404 Client Error: 404 for url: https://ejje.weblio.jp/content/complete%20a%20task,meaning_ja
complex area,複合圏域,Urban planning is a complex area involving many different factors.,都市計画は、多くの異なる要因を含む複合的な分野です。,https://ejje.weblio.jp/content/complex%20area,,
complex interaction,複雑な相互作用,Climate change involves a complex interaction of natural and human factors.,気候変動には、自然要因と人間要因の複雑な相互作用が関わっています。,https://ejje.weblio.jp/content/complex%20interaction,404 Client Error: 404 for url: https://ejje.weblio.jp/content/complex%20interaction,meaning_ja
complex issue,複雑な問題,Addressing poverty remains a complex issue for policymakers worldwide.,貧困への対処は、世界中の政策立案者にとって依然として複雑な問題です。,https://ejje.weblio.jp/content/complex%20issue,404 Client Error: 404 for url: https://ejje.weblio.jp/content/complex%20issue,meaning_ja
complex pattern,複合パターン,Researchers observed a complex pattern of behavior in the study.,研究者たちは、その研究で複雑な行動パターンを観察しました。,https://ejje.weblio.jp/content/complex%20pattern,,
complex problem,複雑な問題、厄介な問題,Solving this complex problem requires a multidisciplinary approach.,この複雑な問題を解決するには、多分野にわたるアプローチが必要です。,https://ejje.weblio.jp/content/complex%20problem,,
complex process,複合過程,The development of new drugs is a long and complex process.,新薬の開発は、長く複雑なプロセスです。,https://ejje.weblio.jp/content/complex%20process,,
complex question,複雑な質問,This complex question demands careful consideration from all stakeholders.,この複雑な質問は、すべての利害関係者からの慎重な検討を必要とします。,https://ejje.weblio.jp/content/complex%20question,404 Client Error: 404 for url: https://ejje.weblio.jp/content/complex%20question,meaning_ja
complex relationship,複雑な関係,There is a complex relationship between economic growth and environmental impact.,経済成長と環境影響の間には複雑な関係があります。,https://ejje.weblio.jp/content/complex%20relationship,404 Client Error: 404 for url: https://ejje.weblio.jp/content/complex%20relationship,meaning_ja
complex set,複合集合,The project involves a complex set of tasks and dependencies.,そのプロジェクトには、複雑な一連のタスクと依存関係が含まれています。,https://ejje.weblio.jp/content/complex%20set,404 Client Error: 404 for url: https://ejje.weblio.jp/content/complex%20set,meaning_ja
complex situation,複雑な状況,Navigating this complex situation requires strategic thinking and adaptability.,この複雑な状況を乗り切るには、戦略的思考と適応力が必要です。,https://ejje.weblio.jp/content/complex%20situation,404 Client Error: 404 for url: https://ejje.weblio.jp/content/complex%20situation,meaning_ja
complex structure,複合体構造,The human brain has an incredibly complex structure and function.,人間の脳は信じられないほど複雑な構造と機能を持っています。,https://ejje.weblio.jp/content/complex%20structure,,
complex system,複雑系,The global financial market operates as a highly complex system.,世界の金融市場は、非常に複雑なシステムとして機能しています。,https://ejje.weblio.jp/content/complex%20system,,translated_sentence
comprehensive account,包括的な説明,The book offers a comprehensive account of the historical events.,その本は、歴史的出来事に関する包括的な説明を提供しています。,https://ejje.weblio.jp/content/comprehensive%20account,404 Client Error: 404 for url: https://ejje.weblio.jp/content/comprehensive%20account,meaning_ja
comprehensive approach,包括的なアプローチ,We need a comprehensive approach to address the global climate crisis.,世界的な気候危機に対処するためには、包括的なアプローチが必要です。,https://ejje.weblio.jp/content/comprehensive%20approach,404 Client Error: 404 for url: https://ejje.weblio.jp/content/comprehensive%20approach,meaning_ja
comprehensive overview,包括的な概要,The lecture provided a comprehensive overview of the research findings.,その講義は、研究結果に関する包括的な概要を提供しました。,https://ejje.weblio.jp/content/comprehensive%20overview,404 Client Error: 404 for url: https://ejje.weblio.jp/content/comprehensive%20overview,meaning_ja
comprehensive review,包括的な検討,A comprehensive review of the literature is essential for any thesis.,文献の包括的な検討は、あらゆる論文にとって不可欠です。,https://ejje.weblio.jp/content/comprehensive%20review,404 Client Error: 404 for url: https://ejje.weblio.jp/content/comprehensive%20review,meaning_ja
comprehensive system,包括的なシステム,The company implemented a comprehensive system for quality control.,その会社は品質管理のための包括的なシステムを導入しました。,https://ejje.weblio.jp/content/comprehensive%20system,404 Client Error: 404 for url: https://ejje.weblio.jp/content/comprehensive%20system,meaning_ja
conceptual framework,概念的枠組み,This conceptual framework helps us understand the underlying principles.,この概念的枠組みは、根底にある原則を理解するのに役立ちます。,https://ejje.weblio.jp/content/conceptual%20framework,,meaning_ja
concerted effort,一致協力の努力,Achieving this goal will require a concerted effort from everyone.,この目標を達成するには、全員の一致協力の努力が必要です。,https://ejje.weblio.jp/content/concerted%20effort,,
concluding remarks,結語、結びの言葉、結びの言葉,The speaker's concluding remarks summarized the main points effectively.,講演者の結びの言葉は、主要な点を効果的に要約していました。,https://ejje.weblio.jp/content/concluding%20remarks,,
concluding section,まとめのセクション,The concluding section of the report presents the final recommendations.,報告書のまとめのセクションでは、最終的な提言が提示されています。,https://ejje.weblio.jp/content/concluding%20section,404 Client Error: 404 for url: https://ejje.weblio.jp/content/concluding%20section,meaning_ja
concluding probability,最終確率,We calculated the concluding probability of success based on all data.,私たちはすべてのデータに基づいて、成功の最終確率を計算しました。,https://ejje.weblio.jp/content/concluding%20probability,404 Client Error: 404 for url: https://ejje.weblio.jp/content/concluding%20probability,meaning_ja
conduct research,研究を進める；研究を行う,Scientists often conduct research to explore new frontiers of knowledge.,科学者はしばしば、知識の新しいフロンティアを探求するために研究を行います。,https://ejje.weblio.jp/content/conduct%20research,,
conduct a study,調査を実施する,The university decided to conduct a study on student well-being.,その大学は学生の幸福に関する調査を実施することを決定しました。,https://ejje.weblio.jp/content/conduct%20a%20study,404 Client Error: 404 for url: https://ejje.weblio.jp/content/conduct%20a%20study,meaning_ja
conduct a survey,調査を実施する、調査を行う,We plan to conduct a survey to gather feedback from users.,ユーザーからのフィードバックを収集するために、調査を実施する予定です。,https://ejje.weblio.jp/content/conduct%20a%20survey,,
conduct an analysis,分析を行う,It is essential to conduct an analysis before making major decisions.,主要な決定を下す前に、分析を行うことが不可欠です。,https://ejje.weblio.jp/content/conduct%20an%20analysis,404 Client Error: 404 for url: https://ejje.weblio.jp/content/conduct%20an%20analysis,meaning_ja
conduct an interview,インタビューを行う,Recruiters will conduct an interview with shortlisted candidates next week.,採用担当者は、来週、最終候補者とのインタビューを行います。,https://ejje.weblio.jp/content/conduct%20an%20interview,,meaning_ja
conflict resolution,競合の解消,Effective conflict resolution skills are vital in team management.,効果的な競合の解消スキルは、チーム管理において極めて重要です。,https://ejje.weblio.jp/content/conflict%20resolution,,
conflicting interests,利益相反,The negotiation failed due to the conflicting interests of the parties.,当事者間の利益相反により、交渉は失敗しました。,https://ejje.weblio.jp/content/conflicting%20interests,404 Client Error: 404 for url: https://ejje.weblio.jp/content/conflicting%20interests,meaning_ja
consider appropriate,適切であると考える,We consider appropriate measures to mitigate potential risks.,潜在的なリスクを軽減するために、適切な措置を検討します。,https://ejje.weblio.jp/content/consider%20appropriate,404 Client Error: 404 for url: https://ejje.weblio.jp/content/consider%20appropriate,meaning_ja
consider relevant,関連性があるとみなす,Experts consider relevant data when forming their conclusions.,専門家は結論を形成する際に、関連性のあるデータを考慮します。,https://ejje.weblio.jp/content/consider%20relevant,404 Client Error: 404 for url: https://ejje.weblio.jp/content/consider%20relevant,meaning_ja
consider a possibility,可能性を検討する,We must consider a possibility of unexpected challenges in the project.,プロジェクトにおける予期せぬ課題の可能性を検討しなければなりません。,https://ejje.weblio.jp/content/consider%20a%20possibility,404 Client Error: 404 for url: https://ejje.weblio.jp/content/consider%20a%20possibility,meaning_ja
consider an aspect,ある側面について考察する,It's important to consider an aspect of ethical implications in research.,研究における倫理的側面について考察することが重要です。,https://ejje.weblio.jp/content/consider%20an%20aspect,404 Client Error: 404 for url: https://ejje.weblio.jp/content/consider%20an%20aspect,meaning_ja
consider an issue,ある問題について検討する,We need to consider an issue from multiple perspectives for a fair assessment.,公正な評価のためには、ある問題を複数の視点から検討する必要があります。,https://ejje.weblio.jp/content/consider%20an%20issue,404 Client Error: 404 for url: https://ejje.weblio.jp/content/consider%20an%20issue,meaning_ja
consider the impact of,～の影響について検討する,Policymakers must consider the impact of new legislation on society.,政策立案者は、新しい法案が社会に与える影響について検討しなければなりません。,https://ejje.weblio.jp/content/consider%20the%20impact%20of,404 Client Error: 404 for url: https://ejje.weblio.jp/content/consider%20the%20impact%20of,meaning_ja
consider the implications,その影響について検討する,"Before acting, it is wise to consider the implications carefully.",行動する前に、その影響を慎重に検討することが賢明です。,https://ejje.weblio.jp/content/consider%20the%20implications,404 Client Error: 404 for url: https://ejje.weblio.jp/content/consider%20the%20implications,meaning_ja
consider the role of,～の役割について考えてみよう,We should consider the role of technology in modern education.,現代教育におけるテクノロジーの役割について考えるべきです。,https://ejje.weblio.jp/content/consider%20the%20role%20of,404 Client Error: 404 for url: https://ejje.weblio.jp/content/consider%20the%20role%20of,meaning_ja
considerable amount of,かなりの量の,The project required a considerable amount of time and resources.,そのプロジェクトには、かなりの量の時間と資源が必要でした。,https://ejje.weblio.jp/content/considerable%20amount%20of,404 Client Error: 404 for url: https://ejje.weblio.jp/content/considerable%20amount%20of,meaning_ja
considerable attention,かなりの注目,The new discovery has attracted considerable attention from the scientific community.,その新しい発見は、科学界からかなりの注目を集めました。,https://ejje.weblio.jp/content/considerable%20attention,404 Client Error: 404 for url: https://ejje.weblio.jp/content/considerable%20attention,meaning_ja
considerable debate,激しい議論,There has been considerable debate regarding the ethics of AI.,AIの倫理に関して、激しい議論が交わされてきました。,https://ejje.weblio.jp/content/considerable%20debate,404 Client Error: 404 for url: https://ejje.weblio.jp/content/considerable%20debate,meaning_ja
considerable degree of,かなりの程度の,This task involves a considerable degree of complexity and precision.,このタスクには、かなりの程度の複雑さと精度が伴います。,https://ejje.weblio.jp/content/considerable%20degree%20of,404 Client Error: 404 for url: https://ejje.weblio.jp/content/considerable%20degree%20of,meaning_ja
considerable detail,かなり詳細に,The report explains the findings in considerable detail.,その報告書は、調査結果をかなり詳細に説明しています。,https://ejje.weblio.jp/content/considerable%20detail,404 Client Error: 404 for url: https://ejje.weblio.jp/content/considerable%20detail,meaning_ja
considerable effort,相当努力,Achieving sustainability requires considerable effort from individuals and organizations.,持続可能性を達成するには、個人と組織からの相当な努力が必要です。,https://ejje.weblio.jp/content/considerable%20effort,,
considerable evidence,相当な証拠,There is considerable evidence supporting the effectiveness of the new treatment.,新しい治療法の有効性を裏付ける相当な証拠があります。,https://ejje.weblio.jp/content/considerable%20evidence,404 Client Error: 404 for url: https://ejje.weblio.jp/content/considerable%20evidence,meaning_ja
considerable extent,かなりの程度,The success of the project depended to a considerable extent on funding.,プロジェクトの成功は、かなりの程度資金に依存していました。,https://ejje.weblio.jp/content/considerable%20extent,404 Client Error: 404 for url: https://ejje.weblio.jp/content/considerable%20extent,meaning_ja
considerable importance,極めて重要な,Environmental protection is of considerable importance for future generations.,環境保護は、将来の世代にとって極めて重要です。,https://ejje.weblio.jp/content/considerable%20importance,404 Client Error: 404 for url: https://ejje.weblio.jp/content/considerable%20importance,meaning_ja
considerable influence,多大な影響,Social media has a considerable influence on public opinion today.,ソーシャルメディアは今日、世論に多大な影響を与えています。,https://ejje.weblio.jp/content/considerable%20influence,404 Client Error: 404 for url: https://ejje.weblio.jp/content/considerable%20influence,meaning_ja
considerable interest,かなりの関心,The topic generated considerable interest among attendees at the conference.,そのテーマは、会議の参加者の間でかなりの関心を集めました。,https://ejje.weblio.jp/content/considerable%20interest,404 Client Error: 404 for url: https://ejje.weblio.jp/content/considerable%20interest,meaning_ja
considerable research,相当な研究,This theory is backed by considerable research and empirical data.,この理論は、相当な研究と経験的データに裏付けられています。,https://ejje.weblio.jp/content/considerable%20research,404 Client Error: 404 for url: https://ejje.weblio.jp/content/considerable%20research,meaning_ja
considerable support,多大な支援,The proposal received considerable support from community leaders.,その提案は、地域リーダーから多大な支援を受けました。,https://ejje.weblio.jp/content/considerable%20support,404 Client Error: 404 for url: https://ejje.weblio.jp/content/considerable%20support,meaning_ja
considerable variation,かなりのばらつき,There is considerable variation in climate across different regions.,異なる地域間で気候にはかなりのばらつきがあります。,https://ejje.weblio.jp/content/considerable%20variation,404 Client Error: 404 for url: https://ejje.weblio.jp/content/considerable%20variation,meaning_ja
consistent pattern,一貫した傾向,We observed a consistent pattern of behavior across the sample group.,サンプルグループ全体で一貫した行動パターンが観察されました。,https://ejje.weblio.jp/content/consistent%20pattern,404 Client Error: 404 for url: https://ejje.weblio.jp/content/consistent%20pattern,meaning_ja
consistent results,一貫した結果；食い違いのない結果,"Reproducible experiments yield consistent results, enhancing scientific credibility.",再現可能な実験は一貫した結果を生み出し、科学的信頼性を高めます。,https://ejje.weblio.jp/content/consistent%20results,,
constant rate,定寸; 一定割合; 一定速度,The population has been growing at a constant rate for decades.,人口は数十年間、一定の割合で増加しています。,https://ejje.weblio.jp/content/constant%20rate,,
constituent elements,構成要素,Understanding the constituent elements is key to analyzing any system.,構成要素を理解することは、あらゆるシステムを分析する上で重要です。,https://ejje.weblio.jp/content/constituent%20elements,404 Client Error: 404 for url: https://ejje.weblio.jp/content/constituent%20elements,meaning_ja
constituent parts,構成要素,A complex machine is made up of many constituent parts.,複雑な機械は、多くの構成要素からできています。,https://ejje.weblio.jp/content/constituent%20parts,,
contain information,情報を含む,These documents contain information vital for the ongoing investigation.,これらの文書には、進行中の調査に不可欠な情報が含まれています。,https://ejje.weblio.jp/content/contain%20information,404 Client Error: 404 for url: https://ejje.weblio.jp/content/contain%20information,meaning_ja
contain an element,要素を含む,Every successful project must contain an element of risk management.,すべての成功したプロジェクトは、リスク管理の要素を含まなければなりません。,https://ejje.weblio.jp/content/contain%20an%20element,404 Client Error: 404 for url: https://ejje.weblio.jp/content/contain%20an%20element,meaning_ja
contemporary debate,現代の議論,The ethics of artificial intelligence is a major contemporary debate.,人工知能の倫理は、主要な現代の議論です。,https://ejje.weblio.jp/content/contemporary%20debate,404 Client Error: 404 for url: https://ejje.weblio.jp/content/contemporary%20debate,meaning_ja
contemporary issue,現代の課題,Climate change remains a critical contemporary issue for global leaders.,気候変動は、世界のリーダーにとって依然として重要な現代の課題です。,https://ejje.weblio.jp/content/contemporary%20issue,404 Client Error: 404 for url: https://ejje.weblio.jp/content/contemporary%20issue,meaning_ja
contemporary life,現代生活、コンテンポラリーな生活（コンテンポラリーなせいかつ、contemporary life）は、日本のロックバンド。,Technology plays a significant role in shaping contemporary life.,テクノロジーは、現代生活を形作る上で重要な役割を果たしています。,https://ejje.weblio.jp/content/contemporary%20life,,
contemporary society,現代社会,Understanding diversity is crucial in contemporary society.,現代社会において多様性を理解することは極めて重要です。,https://ejje.weblio.jp/content/contemporary%20society,,
contemporary world,現代の環境と思想,Global interconnectedness defines the nature of the contemporary world.,グローバルな相互連結性は、現代世界の性質を定義しています。,https://ejje.weblio.jp/content/contemporary%20world,,
contextual factors,文脈的要因,Researchers must consider contextual factors when interpreting data.,研究者はデータを解釈する際に、文脈的要因を考慮しなければなりません。,https://ejje.weblio.jp/content/contextual%20factors,404 Client Error: 404 for url: https://ejje.weblio.jp/content/contextual%20factors,meaning_ja
continued existence,存続,The continued existence of endangered species depends on conservation efforts.,絶滅危惧種の存続は、保全活動にかかっています。,https://ejje.weblio.jp/content/continued%20existence,404 Client Error: 404 for url: https://ejje.weblio.jp/content/continued%20existence,meaning_ja
continued growth,継続的拡大,The company's continued growth is a testament to its innovation.,その会社の継続的拡大は、イノベーションの証です。,https://ejje.weblio.jp/content/continued%20growth,,
continued use,継続使用；継続利用,Continued use of outdated software can lead to security vulnerabilities.,古いソフトウェアの継続使用は、セキュリティの脆弱性につながる可能性があります。,https://ejje.weblio.jp/content/continued%20use,,
continuous process,連続製法; 連続プロセス; 連続工程; 連続的過程,Education is a continuous process of learning and development.,教育は、学習と開発の連続的な過程です。,https://ejje.weblio.jp/content/continuous%20process,,
contribute significantly,大きく貢献する,Innovative solutions will contribute significantly to solving environmental problems.,革新的な解決策は、環境問題の解決に大きく貢献するでしょう。,https://ejje.weblio.jp/content/contribute%20significantly,,
contribute to the development of,～の発展に寄与する,Research findings often contribute to the development of new technologies.,研究結果はしばしば、新しい技術の発展に寄与します。,https://ejje.weblio.jp/content/contribute%20to%20the%20development%20of,404 Client Error: 404 for url: https://ejje.weblio.jp/content/contribute%20to%20the%20development%20of,meaning_ja
controversial issue,物議を醸す問題,Genetic engineering remains a highly controversial issue in ethics.,遺伝子工学は、倫理において依然として非常に物議を醸す問題です。,https://ejje.weblio.jp/content/controversial%20issue,404 Client Error: 404 for url: https://ejje.weblio.jp/content/controversial%20issue,meaning_ja
conventional view,俗論,The study challenged the conventional view on economic growth.,その研究は、経済成長に関する従来の考え方に異議を唱えました。,https://ejje.weblio.jp/content/conventional%20view,,
conventional wisdom,世間一般の通念,Challenging conventional wisdom often leads to groundbreaking discoveries.,世間一般の通念に挑戦することは、しばしば画期的な発見につながります。,https://ejje.weblio.jp/content/conventional%20wisdom,,
convey information,情報を伝える,Visual aids can effectively convey information during presentations.,視覚資料は、プレゼンテーション中に情報を効果的に伝えることができます。,https://ejje.weblio.jp/content/convey%20information,,meaning_ja
convey meaning,意味を伝える,Body language and tone often convey meaning beyond words.,ボディーランゲージと声のトーンは、言葉を超えた意味を伝えることがよくあります。,https://ejje.weblio.jp/content/convey%20meaning,404 Client Error: 404 for url: https://ejje.weblio.jp/content/convey%20meaning,meaning_ja
convey a message,メッセージを伝える,The artist used vivid colors to convey a powerful message.,その芸術家は、力強いメッセージを伝えるために鮮やかな色彩を使いました。,https://ejje.weblio.jp/content/convey%20a%20message,404 Client Error: 404 for url: https://ejje.weblio.jp/content/convey%20a%20message,meaning_ja
convincing evidence,説得力のある証拠,The prosecution presented convincing evidence of the defendant's guilt.,検察は、被告人の有罪の説得力のある証拠を提示しました。,https://ejje.weblio.jp/content/convincing%20evidence,404 Client Error: 404 for url: https://ejje.weblio.jp/content/convincing%20evidence,meaning_ja
coping strategy,対処方法,Developing a good coping strategy is essential for managing stress.,良い対処方法を開発することは、ストレス管理に不可欠です。,https://ejje.weblio.jp/content/coping%20strategy,,
core area,行動中心域,Customer satisfaction is a core area of focus for our business.,顧客満足度は、私たちのビジネスにとって中心となる重点分野です。,https://ejje.weblio.jp/content/core%20area,,
core element,炉心構成要素,Innovation is a core element of success in today's market.,イノベーションは、今日の市場での成功の中核的要素です。,https://ejje.weblio.jp/content/core%20element,,
core issue,コア‐イシュー,The lack of resources remains the core issue in this project.,資源の不足が、このプロジェクトのコア‐イシューとして残っています。,https://ejje.weblio.jp/content/core%20issue,,
core skills,中核となるスキル,Critical thinking and problem-solving are essential core skills for students.,クリティカルシンキングと問題解決は、学生にとって不可欠な中核となるスキルです。,https://ejje.weblio.jp/content/core%20skills,404 Client Error: 404 for url: https://ejje.weblio.jp/content/core%20skills,meaning_ja
core value,中核的価値観,Integrity is a core value that guides all our decisions.,誠実さは、私たちのすべての決定を導く中核的価値観です。,https://ejje.weblio.jp/content/core%20value,,meaning_ja
correct interpretation,正解,Ensuring a correct interpretation of data is vital for accurate analysis.,データの正しい解釈を確保することは、正確な分析にとって極めて重要です。,https://ejje.weblio.jp/content/correct%20interpretation,,
correct an error,間違いを正す,It's important to quickly correct an error to maintain data integrity.,データ整合性を維持するためには、間違いを迅速に正すことが重要です。,https://ejje.weblio.jp/content/correct%20an%20error,,
counter argument,反論,The opposition presented a strong counter argument against the proposal.,反対派は、その提案に対して強力な反論を提示しました。,https://ejje.weblio.jp/content/counter%20argument,,
cover a range of,幅広い分野を網羅する,The curriculum aims to cover a range of subjects and skills.,そのカリキュラムは、幅広い科目とスキルを網羅することを目指しています。,https://ejje.weblio.jp/content/cover%20a%20range%20of,404 Client Error: 404 for url: https://ejje.weblio.jp/content/cover%20a%20range%20of,meaning_ja
cover a topic,あるトピックを取り上げる,This essay will cover a topic related to environmental conservation.,このエッセイは、環境保全に関連するトピックを取り上げます。,https://ejje.weblio.jp/content/cover%20a%20topic,404 Client Error: 404 for url: https://ejje.weblio.jp/content/cover%20a%20topic,meaning_ja
cover an area,ある地域をカバーする,The new network will cover an area of over 50 square kilometers.,新しいネットワークは、50平方キロメートル以上の地域をカバーします。,https://ejje.weblio.jp/content/cover%20an%20area,404 Client Error: 404 for url: https://ejje.weblio.jp/content/cover%20an%20area,meaning_ja
create conditions,条件を整える,Governments aim to create conditions for economic stability and growth.,政府は、経済的安定と成長のための条件を整えることを目指しています。,https://ejje.weblio.jp/content/create%20conditions,404 Client Error: 404 for url: https://ejje.weblio.jp/content/create%20conditions,meaning_ja
create opportunities,機会を創出する,Education helps to create opportunities for personal and professional development.,教育は、個人的および専門的な成長のための機会を創出するのに役立ちます。,https://ejje.weblio.jp/content/create%20opportunities,404 Client Error: 404 for url: https://ejje.weblio.jp/content/create%20opportunities,meaning_ja
create problems,問題を引き起こす,Hasty decisions can often create problems in the long run.,軽率な決定は、しばしば長期的には問題を引き起こす可能性があります。,https://ejje.weblio.jp/content/create%20problems,404 Client Error: 404 for url: https://ejje.weblio.jp/content/create%20problems,meaning_ja
create an environment,環境を整える,Leaders should create an environment that fosters innovation and collaboration.,リーダーは、イノベーションと協力を育む環境を整えるべきです。,https://ejje.weblio.jp/content/create%20an%20environment,,
create an impression,印象を与える,First impressions often create an impression that lasts for a long time.,第一印象はしばしば、長く続く印象を与えます。,https://ejje.weblio.jp/content/create%20an%20impression,404 Client Error: 404 for url: https://ejje.weblio.jp/content/create%20an%20impression,meaning_ja
create an opportunity,きっかけを作る,The new policy will create an opportunity for small businesses to thrive.,新しい政策は、中小企業が繁栄するきっかけを作るでしょう。,https://ejje.weblio.jp/content/create%20an%20opportunity,,
creative process,創作プロセス,The creative process often involves experimentation and iteration.,創作プロセスには、しばしば実験と反復が含まれます。,https://ejje.weblio.jp/content/creative%20process,,
creative thinking,創造的思考,Encouraging creative thinking is vital for innovation in any field.,あらゆる分野でイノベーションを起こすには、創造的思考を奨励することが不可欠です。,https://ejje.weblio.jp/content/creative%20thinking,,
creative work,創作活動、創作、創作物、〈創作品〉・創作,Copyright law protects original creative work from unauthorized use.,著作権法は、オリジナルの創作活動を無断使用から保護します。,https://ejje.weblio.jp/content/creative%20work,,
criminal offence,刑事犯,Driving under the influence is a serious criminal offence.,飲酒運転は重大な刑事犯です。,https://ejje.weblio.jp/content/criminal%20offence,,
critical analysis,臨界分析; 厳密解析,A critical analysis of the data revealed surprising trends.,データの厳密解析により、驚くべき傾向が明らかになりました。,https://ejje.weblio.jp/content/critical%20analysis,,
critical approach,臨界近接,Adopting a critical approach helps identify weaknesses in arguments.,批判的なアプローチを採用することは、議論の弱点を特定するのに役立ちます。,https://ejje.weblio.jp/content/critical%20approach,,
critical attention,批判的な注目,The new theory has drawn critical attention from scholars.,その新しい理論は、学者からの批判的な注目を集めました。,https://ejje.weblio.jp/content/critical%20attention,404 Client Error: 404 for url: https://ejje.weblio.jp/content/critical%20attention,meaning_ja
critical essay,評論、評論、批評,Students were asked to write a critical essay on the novel.,学生たちはその小説について評論を書くよう求められました。,https://ejje.weblio.jp/content/critical%20essay,,
critical evaluation,限界評価,The project requires a critical evaluation of all potential risks.,そのプロジェクトは、すべての潜在的リスクの限界評価を必要とします。,https://ejje.weblio.jp/content/critical%20evaluation,,
critical examination,批判的検討,It's important to conduct a critical examination of historical sources.,歴史的資料の批判的検討を行うことが重要です。,https://ejje.weblio.jp/content/critical%20examination,404 Client Error: 404 for url: https://ejje.weblio.jp/content/critical%20examination,meaning_ja
critical factor,決定的な要因,Timely decision-making is a critical factor for business success.,タイムリーな意思決定は、ビジネスの成功にとって決定的な要因です。,https://ejje.weblio.jp/content/critical%20factor,404 Client Error: 404 for url: https://ejje.weblio.jp/content/critical%20factor,meaning_ja
critical importance,極めて重要,Data security is of critical importance in the digital age.,データセキュリティは、デジタル時代において極めて重要です。,https://ejje.weblio.jp/content/critical%20importance,404 Client Error: 404 for url: https://ejje.weblio.jp/content/critical%20importance,meaning_ja
critical inquiry,臨界調査,The research project involved a critical inquiry into social inequalities.,その研究プロジェクトは、社会的不平等に関する批判的調査を伴いました。,https://ejje.weblio.jp/content/critical%20inquiry,,
critical introduction,批評的序論,The book begins with a critical introduction to the subject.,その本は、主題への批評的序論から始まります。,https://ejje.weblio.jp/content/critical%20introduction,404 Client Error: 404 for url: https://ejje.weblio.jp/content/critical%20introduction,meaning_ja
critical issue,重大問題,Access to clean water remains a critical issue globally.,きれいな水へのアクセスは、世界的に重大問題として残っています。,https://ejje.weblio.jp/content/critical%20issue,,
critical perspective,批判的視点,Adopting a critical perspective helps challenge established ideas.,批判的視点を取り入れることは、確立された考え方に異議を唱えるのに役立ちます。,https://ejje.weblio.jp/content/critical%20perspective,404 Client Error: 404 for url: https://ejje.weblio.jp/content/critical%20perspective,meaning_ja
critical point,臨界点,"Negotiations reached a critical point, demanding immediate action.",交渉は臨界点に達し、即時の行動が求められました。,https://ejje.weblio.jp/content/critical%20point,,
critical reflection,臨界反射,Engaging in critical reflection is essential for personal and professional growth.,個人的および職業的な成長には、批判的考察が不可欠です。,https://ejje.weblio.jp/content/critical%20reflection,,
critical review,批評レビュー; 批評的総説; クリティカルレビュー,The journal published a critical review of the new economic policy.,その学術誌は、新しい経済政策に関する批評的総説を掲載した。,https://ejje.weblio.jp/content/critical%20review,,
critical role,決定的役割,Education plays a critical role in shaping the future of society.,教育は社会の未来を形作る上で決定的な役割を果たす。,https://ejje.weblio.jp/content/critical%20role,,
critical scrutiny,厳格な検証,All research findings must undergo critical scrutiny by peers.,全ての研究成果は、同僚による厳格な検証を受けなければならない。,https://ejje.weblio.jp/content/critical%20scrutiny,404 Client Error: 404 for url: https://ejje.weblio.jp/content/critical%20scrutiny,meaning_ja
critical theory,批判論,Students explored the concepts of power and ideology through critical theory.,学生たちは批判理論を通して、権力とイデオロギーの概念を探求した。,https://ejje.weblio.jp/content/critical%20theory,,
critical thinking,批評的思考,Developing critical thinking skills is vital for problem-solving in any field.,批判的思考スキルを養うことは、どの分野においても問題解決に不可欠である。,https://ejje.weblio.jp/content/critical%20thinking,,
critical writing,批評的執筆,The course emphasized critical writing to analyze complex literary texts.,そのコースでは、複雑な文学作品を分析するための批評的執筆が重視された。,https://ejje.weblio.jp/content/critical%20writing,404 Client Error: 404 for url: https://ejje.weblio.jp/content/critical%20writing,meaning_ja
critically evaluate,批判的に評価する,It is important to critically evaluate all sources before drawing conclusions.,結論を導く前に、すべての情報源を批判的に評価することが重要である。,https://ejje.weblio.jp/content/critically%20evaluate,404 Client Error: 404 for url: https://ejje.weblio.jp/content/critically%20evaluate,meaning_ja
crucial difference,決定的な違い,Understanding this crucial difference is key to resolving the conflict.,この決定的な違いを理解することが、紛争解決の鍵となる。,https://ejje.weblio.jp/content/crucial%20difference,404 Client Error: 404 for url: https://ejje.weblio.jp/content/crucial%20difference,meaning_ja
crucial factor,決定的な要因,Effective communication is a crucial factor in successful team collaboration.,効果的なコミュニケーションは、チームの協業を成功させる決定的な要因である。,https://ejje.weblio.jp/content/crucial%20factor,404 Client Error: 404 for url: https://ejje.weblio.jp/content/crucial%20factor,meaning_ja
crucial importance,極めて重要な,Environmental sustainability is of crucial importance for future generations.,環境の持続可能性は、将来の世代にとって極めて重要である。,https://ejje.weblio.jp/content/crucial%20importance,404 Client Error: 404 for url: https://ejje.weblio.jp/content/crucial%20importance,meaning_ja
crucial part,重要な部分,Data analysis forms a crucial part of any scientific research project.,データ分析は、あらゆる科学研究プロジェクトの重要な部分を占める。,https://ejje.weblio.jp/content/crucial%20part,404 Client Error: 404 for url: https://ejje.weblio.jp/content/crucial%20part,meaning_ja
crucial point,決め所、決めどころ、極め所、決所、関頭、〈かんじんな点〉・決め所、天王山、肝心(かなめ)な事[点],This crucial point determines the direction of the entire project.,この肝心な点が、プロジェクト全体の方向性を決定する。,https://ejje.weblio.jp/content/crucial%20point,,
crucial question,極めて重要な問題,Addressing this crucial question is vital for policy development.,この極めて重要な問題に取り組むことが政策策定に不可欠である。,https://ejje.weblio.jp/content/crucial%20question,,meaning_ja
crucial role,極めて重要な役割,Technology plays a crucial role in modern education and communication.,テクノロジーは現代の教育とコミュニケーションにおいて極めて重要な役割を果たす。,https://ejje.weblio.jp/content/crucial%20role,404 Client Error: 404 for url: https://ejje.weblio.jp/content/crucial%20role,meaning_ja
cultural activity,文化活動,Participating in cultural activity enhances understanding of diverse societies.,文化活動に参加することは、多様な社会の理解を深める。,https://ejje.weblio.jp/content/cultural%20activity,,
cultural aspect,文化面,We must consider every cultural aspect when expanding into new markets.,新しい市場に進出する際には、あらゆる文化面を考慮しなければならない。,https://ejje.weblio.jp/content/cultural%20aspect,,
cultural attitudes,文化的態度,Understanding different cultural attitudes is essential for global business.,異なる文化的態度を理解することは、グローバルビジネスに不可欠である。,https://ejje.weblio.jp/content/cultural%20attitudes,404 Client Error: 404 for url: https://ejje.weblio.jp/content/cultural%20attitudes,meaning_ja
cultural background,文化的背景,People from diverse cultural backgrounds enrich any organization.,多様な文化的背景を持つ人々は、どんな組織も豊かにする。,https://ejje.weblio.jp/content/cultural%20background,,
cultural boundary,文化的境界,Art often transcends the cultural boundary between nations.,芸術はしばしば国家間の文化的境界を超える。,https://ejje.weblio.jp/content/cultural%20boundary,404 Client Error: 404 for url: https://ejje.weblio.jp/content/cultural%20boundary,meaning_ja
cultural change,文化の変化,Globalization often leads to significant cultural change in societies.,グローバル化はしばしば社会に大きな文化の変化をもたらす。,https://ejje.weblio.jp/content/cultural%20change,404 Client Error: 404 for url: https://ejje.weblio.jp/content/cultural%20change,meaning_ja
cultural context,文化的背景,It is crucial to interpret data within its specific cultural context.,特定の文化的背景の中でデータを解釈することが重要である。,https://ejje.weblio.jp/content/cultural%20context,404 Client Error: 404 for url: https://ejje.weblio.jp/content/cultural%20context,meaning_ja
cultural differences,文化の違い,Effective communication bridges cultural differences in international relations.,効果的なコミュニケーションは、国際関係における文化の違いを埋める。,https://ejje.weblio.jp/content/cultural%20differences,,
cultural dimension,文化的側面,The project explores the cultural dimension of technological innovation.,このプロジェクトは、技術革新の文化的側面を探求する。,https://ejje.weblio.jp/content/cultural%20dimension,404 Client Error: 404 for url: https://ejje.weblio.jp/content/cultural%20dimension,meaning_ja
cultural diversity,文化多様性、文化的多様性,Promoting cultural diversity enriches society and fosters understanding.,文化的多様性を促進することは、社会を豊かにし、理解を育む。,https://ejje.weblio.jp/content/cultural%20diversity,,
cultural factors,文化的背景,Various cultural factors influence consumer behavior in different regions.,様々な文化的背景が、異なる地域の消費者の行動に影響を与える。,https://ejje.weblio.jp/content/cultural%20factors,,
cultural heritage,文化遺産,Preserving cultural heritage is vital for maintaining collective memory.,文化遺産を保存することは、集合的記憶を維持するために不可欠である。,https://ejje.weblio.jp/content/cultural%20heritage,,
cultural history,文化史,The book provides an overview of the region's cultural history.,その本は、その地域の文化史の概観を提供している。,https://ejje.weblio.jp/content/cultural%20history,,
cultural identity,文化的アイデンティティ,Language plays a significant role in shaping cultural identity.,言語は文化的アイデンティティを形成する上で重要な役割を果たす。,https://ejje.weblio.jp/content/cultural%20identity,,meaning_ja
cultural influence,文化的影響,Global media has a profound cultural influence on young generations.,グローバルメディアは若い世代に深い文化的影響を与えている。,https://ejje.weblio.jp/content/cultural%20influence,404 Client Error: 404 for url: https://ejje.weblio.jp/content/cultural%20influence,meaning_ja
cultural institution,文化機関,Museums are important cultural institutions that preserve art and history.,博物館は、芸術と歴史を保存する重要な文化機関である。,https://ejje.weblio.jp/content/cultural%20institution,404 Client Error: 404 for url: https://ejje.weblio.jp/content/cultural%20institution,meaning_ja
cultural issue,文化的な問題,Addressing this cultural issue requires a nuanced and sensitive approach.,この文化的な問題に対処するには、繊細で配慮あるアプローチが必要だ。,https://ejje.weblio.jp/content/cultural%20issue,404 Client Error: 404 for url: https://ejje.weblio.jp/content/cultural%20issue,meaning_ja
cultural life,文化生活,Access to arts and education enriches an individual's cultural life.,芸術と教育へのアクセスは、個人の文化生活を豊かにする。,https://ejje.weblio.jp/content/cultural%20life,404 Client Error: 404 for url: https://ejje.weblio.jp/content/cultural%20life,meaning_ja
cultural norm,文化的規範,Social behavior is often guided by the prevailing cultural norm.,社会的行動は、しばしば支配的な文化的規範によって導かれる。,https://ejje.weblio.jp/content/cultural%20norm,404 Client Error: 404 for url: https://ejje.weblio.jp/content/cultural%20norm,meaning_ja
cultural perspective,文化的視点,Examining the problem from a cultural perspective offers new insights.,文化的な視点から問題を探求することは、新たな洞察をもたらす。,https://ejje.weblio.jp/content/cultural%20perspective,404 Client Error: 404 for url: https://ejje.weblio.jp/content/cultural%20perspective,meaning_ja
cultural phenomenon,文化的現象,Social media has become a widespread cultural phenomenon globally.,ソーシャルメディアは世界中で広範な文化的現象となっている。,https://ejje.weblio.jp/content/cultural%20phenomenon,,meaning_ja
cultural practice,栽培管理作業,Traditional festivals are important cultural practices that strengthen community bonds.,伝統的な祭りは、地域社会の絆を強める重要な文化的慣習である。,https://ejje.weblio.jp/content/cultural%20practice,,
cultural significance,文化的意義,The ancient ruins hold immense cultural significance for the region.,その古代遺跡は、その地域にとって計り知れない文化的意義を持つ。,https://ejje.weblio.jp/content/cultural%20significance,404 Client Error: 404 for url: https://ejje.weblio.jp/content/cultural%20significance,meaning_ja
cultural theory,文化理論,Scholars use cultural theory to analyze societal structures and behaviors.,学者たちは、社会構造や行動を分析するために文化理論を用いる。,https://ejje.weblio.jp/content/cultural%20theory,404 Client Error: 404 for url: https://ejje.weblio.jp/content/cultural%20theory,meaning_ja
cultural tradition,文化的伝統,Many countries strive to preserve their unique cultural tradition.,多くの国が独自の文化的伝統を保存しようと努力している。,https://ejje.weblio.jp/content/cultural%20tradition,404 Client Error: 404 for url: https://ejje.weblio.jp/content/cultural%20tradition,meaning_ja
cultural values,文化的価値観,Understanding shared cultural values is crucial for international diplomacy.,共通の文化的価値観を理解することは、国際外交にとって極めて重要である。,https://ejje.weblio.jp/content/cultural%20values,404 Client Error: 404 for url: https://ejje.weblio.jp/content/cultural%20values,meaning_ja
culturally specific,文化的に特有な,Some communication styles are culturally specific and require careful interpretation.,特定のコミュニケーションスタイルは文化的に特有であり、注意深い解釈が必要である。,https://ejje.weblio.jp/content/culturally%20specific,404 Client Error: 404 for url: https://ejje.weblio.jp/content/culturally%20specific,meaning_ja
current climate,現在の情勢,Adapting to the current climate of economic uncertainty is challenging.,現在の経済的不確実性の情勢に適応することは難しい。,https://ejje.weblio.jp/content/current%20climate,404 Client Error: 404 for url: https://ejje.weblio.jp/content/current%20climate,meaning_ja
current issue,本号,The debate focused on addressing the current issue of climate change.,その議論は、気候変動という現在の問題への対処に焦点を当てた。,https://ejje.weblio.jp/content/current%20issue,,
current policy,現行の方針,The government is reviewing its current policy on public health.,政府は公衆衛生に関する現行の方針を見直している。,https://ejje.weblio.jp/content/current%20policy,,meaning_ja
current research,研究現状,This paper summarizes the current research on renewable energy sources.,この論文は、再生可能エネルギー源に関する現在の研究を要約している。,https://ejje.weblio.jp/content/current%20research,,
current status,近況,We need an update on the current status of the project.,プロジェクトの現在の状況について最新情報が必要だ。,https://ejje.weblio.jp/content/current%20status,,
current technology,現在技術,The device utilizes the most advanced current technology available.,そのデバイスは、利用可能な最も先進的な現在技術を活用している。,https://ejje.weblio.jp/content/current%20technology,,
current trend,最近の傾向,The report analyzes the current trend in global economic development.,その報告書は、世界経済発展における現在の傾向を分析している。,https://ejje.weblio.jp/content/current%20trend,,meaning_ja
currently available,現在入手可能,We are evaluating the best solutions currently available on the market.,私たちは現在市場で入手可能な最良の解決策を評価している。,https://ejje.weblio.jp/content/currently%20available,,meaning_ja
daily living,日常生活,Technological advancements have significantly changed aspects of daily living.,技術の進歩は、日常生活の側面を大きく変えた。,https://ejje.weblio.jp/content/daily%20living,,
data gathering,データー集積; データ集積,The first phase of the study involves extensive data gathering.,研究の第一段階は、広範なデータ収集を含む。,https://ejje.weblio.jp/content/data%20gathering,,
data set,データセット,Researchers analyzed a large data set to identify patterns.,研究者たちはパターンを特定するために大規模なデータセットを分析した。,https://ejje.weblio.jp/content/data%20set,,meaning_ja
deal with an issue,問題に対処する,The committee met to deal with an issue concerning public safety.,委員会は公共の安全に関する問題に対処するために会合を開いた。,https://ejje.weblio.jp/content/deal%20with%20an%20issue,404 Client Error: 404 for url: https://ejje.weblio.jp/content/deal%20with%20an%20issue,meaning_ja
deem appropriate,適当なものであると判断する,The board will take any action they deem appropriate.,役員会は、適切と判断するあらゆる措置を講じるだろう。,https://ejje.weblio.jp/content/deem%20appropriate,,
deem necessary,必要とみなす,We will provide all resources deemed necessary for the project.,プロジェクトに必要とみなされるすべてのリソースを提供する。,https://ejje.weblio.jp/content/deem%20necessary,404 Client Error: 404 for url: https://ejje.weblio.jp/content/deem%20necessary,meaning_ja
deep understanding of,～に対する深い理解,A deep understanding of human psychology is vital for effective leadership.,人間の心理に対する深い理解は、効果的なリーダーシップに不可欠である。,https://ejje.weblio.jp/content/deep%20understanding%20of,404 Client Error: 404 for url: https://ejje.weblio.jp/content/deep%20understanding%20of,meaning_ja
deeper level,より深いレベル,The analysis needs to explore the problem at a deeper level.,その分析は、より深いレベルで問題を掘り下げる必要がある。,https://ejje.weblio.jp/content/deeper%20level,404 Client Error: 404 for url: https://ejje.weblio.jp/content/deeper%20level,meaning_ja
deeply embedded,深く根付いている,These cultural values are deeply embedded in the society's traditions.,これらの文化的価値観は、社会の伝統に深く根付いている。,https://ejje.weblio.jp/content/deeply%20embedded,404 Client Error: 404 for url: https://ejje.weblio.jp/content/deeply%20embedded,meaning_ja
deeply rooted,根ざした,The conflict has causes that are deeply rooted in history.,その紛争には、歴史に深く根ざした原因がある。,https://ejje.weblio.jp/content/deeply%20rooted,,
defining characteristic,特徴的な点,Innovation is a defining characteristic of successful technology companies.,革新は、成功したテクノロジー企業の特徴的な点である。,https://ejje.weblio.jp/content/defining%20characteristic,,meaning_ja
defining concept,定義概念,Freedom is a defining concept in many democratic constitutions.,自由は、多くの民主憲法における定義概念である。,https://ejje.weblio.jp/content/defining%20concept,404 Client Error: 404 for url: https://ejje.weblio.jp/content/defining%20concept,meaning_ja
defining feature,特徴的な点,Its unique design is a defining feature of the new product.,そのユニークなデザインは、新製品の特徴的な点である。,https://ejje.weblio.jp/content/defining%20feature,404 Client Error: 404 for url: https://ejje.weblio.jp/content/defining%20feature,meaning_ja
deliberate attempt,意図的な試み,This action was a deliberate attempt to mislead the public.,この行動は、意図的に大衆を誤解させようとする試みだった。,https://ejje.weblio.jp/content/deliberate%20attempt,404 Client Error: 404 for url: https://ejje.weblio.jp/content/deliberate%20attempt,meaning_ja
democratic institution,民主的な制度,Free and fair elections are pillars of any democratic institution.,自由で公正な選挙は、あらゆる民主的な制度の柱である。,https://ejje.weblio.jp/content/democratic%20institution,404 Client Error: 404 for url: https://ejje.weblio.jp/content/democratic%20institution,meaning_ja
democratic process,民主的なプロセス,Citizen participation is vital for a healthy democratic process.,市民の参加は、健全な民主的なプロセスにとって不可欠である。,https://ejje.weblio.jp/content/democratic%20process,,meaning_ja
democratic society,民主社会,Freedom of speech is a fundamental right in a democratic society.,言論の自由は、民主社会における基本的な権利である。,https://ejje.weblio.jp/content/democratic%20society,,
democratic state,民主主義国、民主国、民主国,The protection of human rights is central to a democratic state.,人権の保護は、民主主義国にとって中心的である。,https://ejje.weblio.jp/content/democratic%20state,,
demographic change,人口動態の変化,Aging populations represent a significant demographic change globally.,高齢化は世界的に重要な人口動態の変化を示している。,https://ejje.weblio.jp/content/demographic%20change,404 Client Error: 404 for url: https://ejje.weblio.jp/content/demographic%20change,meaning_ja
demographic characteristics,人口統計的特性,The survey collects data on various demographic characteristics of respondents.,その調査は、回答者の様々な人口統計的特性に関するデータを収集する。,https://ejje.weblio.jp/content/demographic%20characteristics,,
demographic factor,人口統計学的要因,Income level is an important demographic factor influencing consumer choices.,所得水準は、消費者の選択に影響を与える重要な人口統計学的要因である。,https://ejje.weblio.jp/content/demographic%20factor,,
demonstrate competence,能力を示す,The certification helps professionals demonstrate competence in their field.,その認定は、専門家が自分の分野で能力を示すのに役立つ。,https://ejje.weblio.jp/content/demonstrate%20competence,404 Client Error: 404 for url: https://ejje.weblio.jp/content/demonstrate%20competence,meaning_ja
densely populated,人口密度が高い,"Urban areas are often densely populated, leading to unique challenges.",都市部はしばしば人口密度が高く、特有の課題につながる。,https://ejje.weblio.jp/content/densely%20populated,404 Client Error: 404 for url: https://ejje.weblio.jp/content/densely%20populated,meaning_ja
deny access to,へのアクセスを拒否する,Some websites deny access to users from certain geographic regions.,一部のウェブサイトは、特定の地理的地域からのユーザーへのアクセスを拒否する。,https://ejje.weblio.jp/content/deny%20access%20to,404 Client Error: 404 for url: https://ejje.weblio.jp/content/deny%20access%20to,meaning_ja
dependent variable,従属変数,"In this experiment, plant growth is the dependent variable.",この実験では、植物の成長が従属変数である。,https://ejje.weblio.jp/content/dependent%20variable,,
describe a method,方法を説明する,The researcher will describe a method for analyzing complex data.,研究者は、複雑なデータを分析する方法を説明する。,https://ejje.weblio.jp/content/describe%20a%20method,404 Client Error: 404 for url: https://ejje.weblio.jp/content/describe%20a%20method,meaning_ja
describe a process,プロセスを説明する,The manual clearly describes a process for system installation.,そのマニュアルは、システムのインストール手順を明確に説明している。,https://ejje.weblio.jp/content/describe%20a%20process,404 Client Error: 404 for url: https://ejje.weblio.jp/content/describe%20a%20process,meaning_ja
describe a procedure,手順を説明する,This document describes a procedure for submitting research proposals.,この文書は、研究提案書を提出する手順を説明している。,https://ejje.weblio.jp/content/describe%20a%20procedure,404 Client Error: 404 for url: https://ejje.weblio.jp/content/describe%20a%20procedure,meaning_ja
descriptive statistics,記述統計量,The report used descriptive statistics to summarize the survey results.,その報告書は、調査結果を要約するために記述統計量を用いた。,https://ejje.weblio.jp/content/descriptive%20statistics,,
desired outcome,期待される成果,Careful planning is essential to achieve the desired outcome.,期待される成果を達成するためには、慎重な計画が不可欠である。,https://ejje.weblio.jp/content/desired%20outcome,404 Client Error: 404 for url: https://ejje.weblio.jp/content/desired%20outcome,meaning_ja
detailed analysis,詳細分析,The study provides a detailed analysis of market trends.,その研究は、市場動向の詳細分析を提供している。,https://ejje.weblio.jp/content/detailed%20analysis,,
detailed examination,精密検査,A detailed examination revealed the root cause of the problem.,精密な調査により、問題の根本原因が明らかになった。,https://ejje.weblio.jp/content/detailed%20examination,,
detailed information,詳細情報,Please refer to the appendix for more detailed information.,より詳細な情報については、付録を参照してください。,https://ejje.weblio.jp/content/detailed%20information,,
detailed study,精緻な研究,A detailed study is required to fully understand the phenomenon.,その現象を完全に理解するには、精緻な研究が必要である。,https://ejje.weblio.jp/content/detailed%20study,,
develop a method,手法を確立する,Researchers aim to develop a method for early disease detection.,研究者たちは、早期疾患検出の手法を確立することを目指している。,https://ejje.weblio.jp/content/develop%20a%20method,404 Client Error: 404 for url: https://ejje.weblio.jp/content/develop%20a%20method,meaning_ja
develop a strategy,戦略を策定する,It's important to develop a strategy for long-term growth.,長期的な成長のための戦略を策定することが重要である。,https://ejje.weblio.jp/content/develop%20a%20strategy,404 Client Error: 404 for url: https://ejje.weblio.jp/content/develop%20a%20strategy,meaning_ja
develop a technique,手法を確立する,Scientists are working to develop a technique for sustainable energy production.,科学者たちは、持続可能なエネルギー生産の手法を確立するために取り組んでいる。,https://ejje.weblio.jp/content/develop%20a%20technique,404 Client Error: 404 for url: https://ejje.weblio.jp/content/develop%20a%20technique,meaning_ja
develop a theory,理論を構築する,The objective is to develop a theory explaining these observations.,目的は、これらの観察を説明する理論を構築することである。,https://ejje.weblio.jp/content/develop%20a%20theory,404 Client Error: 404 for url: https://ejje.weblio.jp/content/develop%20a%20theory,meaning_ja
develop an approach,アプローチを策定する,We need to develop an approach to address the new challenges.,新しい課題に対処するためのアプローチを策定する必要がある。,https://ejje.weblio.jp/content/develop%20an%20approach,404 Client Error: 404 for url: https://ejje.weblio.jp/content/develop%20an%20approach,meaning_ja
develop an argument,議論を進める,Students learned to develop an argument with strong evidence and logic.,学生たちは、強力な証拠と論理を用いて議論を進めることを学んだ。,https://ejje.weblio.jp/content/develop%20an%20argument,,
developmental process,発生過程,Understanding the developmental process of organisms is crucial in biology.,生物の発生過程を理解することは、生物学において極めて重要である。,https://ejje.weblio.jp/content/developmental%20process,,
developmental stage,発生段階、発生ステージ、発達区分,Children exhibit different behaviors at each developmental stage.,子供たちは各発達段階で異なる行動を示す。,https://ejje.weblio.jp/content/developmental%20stage,,
diagnostic test,診断検査、診断テスト,The doctor ordered a diagnostic test to confirm the condition.,医師は病状を確認するために診断検査を指示した。,https://ejje.weblio.jp/content/diagnostic%20test,,
differ considerably,かなり異なる,The results from the two studies differ considerably.,2つの研究の結果はかなり異なる。,https://ejje.weblio.jp/content/differ%20considerably,404 Client Error: 404 for url: https://ejje.weblio.jp/content/differ%20considerably,meaning_ja
differ significantly,大きく異なる,The opinions of the two groups differ significantly.,両グループの意見は大きく異なる。,https://ejje.weblio.jp/content/differ%20significantly,404 Client Error: 404 for url: https://ejje.weblio.jp/content/differ%20significantly,meaning_ja
differ widely,大きく異なる,Consumer preferences for products can differ widely across cultures.,製品に対する消費者の好みは、文化によって大きく異なることがある。,https://ejje.weblio.jp/content/differ%20widely,404 Client Error: 404 for url: https://ejje.weblio.jp/content/differ%20widely,meaning_ja
digital information,ディジタル情報,Protecting digital information from cyber threats is a major concern.,サイバー脅威からデジタル情報を保護することは、主要な懸念事項である。,https://ejje.weblio.jp/content/digital%20information,,
digital media,デジタルメディア、電子媒体、電子メディア,The rise of digital media has transformed how we consume news.,デジタルメディアの台頭は、私たちがニュースを消費する方法を変革した。,https://ejje.weblio.jp/content/digital%20media,,
digital technology,ディジタル技術; デジタル技術,Advances in digital technology have revolutionized many industries.,デジタル技術の進歩は、多くの産業に革命をもたらした。,https://ejje.weblio.jp/content/digital%20technology,,
direct access,直接アクセス,Employees were granted direct access to the project database.,従業員はプロジェクトデータベースへの直接アクセスを許可された。,https://ejje.weblio.jp/content/direct%20access,,
direct communication,直接対話、直通,Direct communication between team members enhances collaboration.,チームメンバー間の直接対話は協力を促進する。,https://ejje.weblio.jp/content/direct%20communication,,
direct consequences,直接的な結果,The decision had immediate and direct consequences for the organization.,その決定は、組織に直接的かつ即時の結果をもたらした。,https://ejje.weblio.jp/content/direct%20consequences,404 Client Error: 404 for url: https://ejje.weblio.jp/content/direct%20consequences,meaning_ja
direct contact,直接接触,Maintaining direct contact with customers is crucial for feedback.,顧客との直接接触を維持することは、フィードバックにとって極めて重要である。,https://ejje.weblio.jp/content/direct%20contact,,
direct evidence,直接的証拠,There was no direct evidence to support the claim.,その主張を裏付ける直接的な証拠はなかった。,https://ejje.weblio.jp/content/direct%20evidence,,
direct impact,直接的な影響,Policy changes can have a direct impact on people's daily lives.,政策変更は人々の日常生活に直接的な影響を与える可能性がある。,https://ejje.weblio.jp/content/direct%20impact,404 Client Error: 404 for url: https://ejje.weblio.jp/content/direct%20impact,meaning_ja
direct involvement,直接関与,The manager's direct involvement ensured the project's success.,マネージャーの直接関与がプロジェクトの成功を確実にした。,https://ejje.weblio.jp/content/direct%20involvement,,
direct link,直結、直リンク、直リン、ダイレクト‐リンク,There is a direct link between exercise and improved health.,運動と健康増進の間には直接的な関連がある。,https://ejje.weblio.jp/content/direct%20link,,
direct observation,直接的観察,Researchers gathered data through direct observation of the subjects.,研究者たちは、被験者の直接的観察を通じてデータを収集した。,https://ejje.weblio.jp/content/direct%20observation,,
direct relationship,直接関係,The study found a direct relationship between diet and health.,その研究は、食事と健康の間に直接関係があることを発見した。,https://ejje.weblio.jp/content/direct%20relationship,,
direct role,直接的な役割,The board played a direct role in the strategic planning process.,役員会は戦略計画プロセスにおいて直接的な役割を果たした。,https://ejje.weblio.jp/content/direct%20role,404 Client Error: 404 for url: https://ejje.weblio.jp/content/direct%20role,meaning_ja
directly affect,直接影響を与える,Economic policies directly affect the daily lives of citizens.,経済政策は市民の日常生活に直接影響を与える。,https://ejje.weblio.jp/content/directly%20affect,404 Client Error: 404 for url: https://ejje.weblio.jp/content/directly%20affect,meaning_ja
directly affected,直接的な影響を受けた,Many communities were directly affected by the recent natural disaster.,多くの地域社会が最近の自然災害によって直接的な影響を受けた。,https://ejje.weblio.jp/content/directly%20affected,404 Client Error: 404 for url: https://ejje.weblio.jp/content/directly%20affected,meaning_ja
"directly connected to, with",～と直接つながっている、～と,This issue is directly connected to global economic stability.,この問題は、世界の経済安定に直接つながっている。,https://ejje.weblio.jp/content/directly%20connected%20to%2C%20with,404 Client Error: 404 for url: https://ejje.weblio.jp/content/directly%20connected%20to%2C%20with,meaning_ja
directly involved in,直接関与している,She was directly involved in the negotiations for the new contract.,彼女は新しい契約の交渉に直接関与していた。,https://ejje.weblio.jp/content/directly%20involved%20in,404 Client Error: 404 for url: https://ejje.weblio.jp/content/directly%20involved%20in,meaning_ja
"directly linked to, with",…と直接結びついており、,Poverty is often directly linked to a lack of educational opportunities.,貧困はしばしば教育機会の不足と直接結びついている。,https://ejje.weblio.jp/content/directly%20linked%20to%2C%20with,404 Client Error: 404 for url: https://ejje.weblio.jp/content/directly%20linked%20to%2C%20with,meaning_ja
directly proportional to,に正比例する,The force is directly proportional to the acceleration of the object.,力は物体の加速度に正比例する。,https://ejje.weblio.jp/content/directly%20proportional%20to,404 Client Error: 404 for url: https://ejje.weblio.jp/content/directly%20proportional%20to,meaning_ja
directly related to,直接関係する,These findings are directly related to the hypothesis of our study.,これらの発見は、私たちの研究の仮説に直接関係する。,https://ejje.weblio.jp/content/directly%20related%20to,404 Client Error: 404 for url: https://ejje.weblio.jp/content/directly%20related%20to,meaning_ja
directly relevant to,直接関係する,The data collected is directly relevant to the research question.,収集されたデータは、研究課題に直接関係する。,https://ejje.weblio.jp/content/directly%20relevant%20to,404 Client Error: 404 for url: https://ejje.weblio.jp/content/directly%20relevant%20to,meaning_ja
directly responsible for,～に直接責任を負う,The project manager is directly responsible for the team's performance.,プロジェクトマネージャーは、チームの業績に直接責任を負う。,https://ejje.weblio.jp/content/directly%20responsible%20for,404 Client Error: 404 for url: https://ejje.weblio.jp/content/directly%20responsible%20for,meaning_ja
disclose information,情報開示,Companies are legally required to disclose information about their financial status.,企業は、財務状況に関する情報を開示することが法的に義務付けられている。,https://ejje.weblio.jp/content/disclose%20information,,
discuss a topic,あるトピックについて話し合う,We will discuss a topic of global environmental challenges in the seminar.,セミナーでは、地球規模の環境課題というトピックについて話し合う。,https://ejje.weblio.jp/content/discuss%20a%20topic,404 Client Error: 404 for url: https://ejje.weblio.jp/content/discuss%20a%20topic,meaning_ja
discuss an issue,ある問題について話し合う,The board met to discuss an issue regarding corporate ethics.,役員会は、企業倫理に関する問題について話し合うために会合を開いた。,https://ejje.weblio.jp/content/discuss%20an%20issue,404 Client Error: 404 for url: https://ejje.weblio.jp/content/discuss%20an%20issue,meaning_ja
disposable income,可処分所得,Changes in disposable income directly affect consumer spending habits.,可処分所得の変化は、消費者の支出習慣に直接影響を与える。,https://ejje.weblio.jp/content/disposable%20income,,
distinct group,明確なグループ,The study identified several distinct group of consumers.,その研究は、いくつかの明確な消費者グループを特定した。,https://ejje.weblio.jp/content/distinct%20group,404 Client Error: 404 for url: https://ejje.weblio.jp/content/distinct%20group,meaning_ja
distinct type,区別される型,Each region has a distinct type of architecture reflecting its history.,各地域には、その歴史を反映した区別される型の建築様式がある。,https://ejje.weblio.jp/content/distinct%20type,404 Client Error: 404 for url: https://ejje.weblio.jp/content/distinct%20type,meaning_ja
distinctive feature,弁別的素性,Its user-friendly interface is a distinctive feature of the new software.,そのユーザーフレンドリーなインターフェースは、新しいソフトウェアの際立った特徴である。,https://ejje.weblio.jp/content/distinctive%20feature,,
distinguishing feature,差別化フィーチャ,The ability to adapt quickly is a distinguishing feature of successful leaders.,迅速に適応する能力は、成功するリーダーの際立った特徴である。,https://ejje.weblio.jp/content/distinguishing%20feature,,
diverse background,多様な背景,Our team comprises individuals from diverse backgrounds and expertise.,私たちのチームは、多様な背景と専門知識を持つ個人で構成されている。,https://ejje.weblio.jp/content/diverse%20background,,meaning_ja
diverse group,多様なグループ,The conference brought together a diverse group of experts.,その会議は、多様な専門家グループを集めた。,https://ejje.weblio.jp/content/diverse%20group,404 Client Error: 404 for url: https://ejje.weblio.jp/content/diverse%20group,meaning_ja
diverse range of,多岐にわたる,The university offers a diverse range of courses and programs.,その大学は、多岐にわたるコースとプログラムを提供している。,https://ejje.weblio.jp/content/diverse%20range%20of,404 Client Error: 404 for url: https://ejje.weblio.jp/content/diverse%20range%20of,meaning_ja
dividing line,分け目、分目、わけ目、分割線、分断線,The new policy draws a clear dividing line between public and private sectors.,新しい政策は、公共部門と民間部門の間に明確な境界線を引く。,https://ejje.weblio.jp/content/dividing%20line,,
documentary evidence,証拠書類、書証,The historian relied on documentary evidence to reconstruct past events.,歴史家は、過去の出来事を再構築するために書証に依拠した。,https://ejje.weblio.jp/content/documentary%20evidence,,
domestic market,内国市場; 内地市場,Companies often test new products in the domestic market first.,企業はしばしば、最初に国内市場で新製品をテストする。,https://ejje.weblio.jp/content/domestic%20market,,
domestic sphere,家庭内,Gender roles have evolved significantly within the domestic sphere.,家庭内でのジェンダーの役割は大きく変化した。,https://ejje.weblio.jp/content/domestic%20sphere,404 Client Error: 404 for url: https://ejje.weblio.jp/content/domestic%20sphere,meaning_ja
domestic violence,家庭内暴力、夫婦間暴力,Awareness campaigns are crucial to combat domestic violence effectively.,家庭内暴力を効果的に撲滅するためには、啓発キャンペーンが不可欠である。,https://ejje.weblio.jp/content/domestic%20violence,,
dominant culture,支配的な文化,The study examined the influence of the dominant culture on minority groups.,その研究は、支配的な文化が少数派グループに与える影響を調査した。,https://ejje.weblio.jp/content/dominant%20culture,404 Client Error: 404 for url: https://ejje.weblio.jp/content/dominant%20culture,meaning_ja
dominant discourse,支配的な言説,Challenging the dominant discourse is essential for social progress.,支配的な言説に異議を唱えることは、社会の進歩に不可欠である。,https://ejje.weblio.jp/content/dominant%20discourse,404 Client Error: 404 for url: https://ejje.weblio.jp/content/dominant%20discourse,meaning_ja
dominant form,優性型,Democracy is the dominant form of government in many countries.,民主主義は、多くの国で支配的な政府形態である。,https://ejje.weblio.jp/content/dominant%20form,,
dominant group,支配的なグループ,The study analyzed power dynamics between the dominant group and minorities.,その研究は、支配的なグループと少数民族間の力関係を分析した。,https://ejje.weblio.jp/content/dominant%20group,,meaning_ja
dominant ideology,支配的なイデオロギー,Education often reflects and reinforces the dominant ideology of a society.,教育はしばしば、社会の支配的なイデオロギーを反映し、強化する。,https://ejje.weblio.jp/content/dominant%20ideology,404 Client Error: 404 for url: https://ejje.weblio.jp/content/dominant%20ideology,meaning_ja
dominant paradigm,支配的なパラダイム,New discoveries can challenge the dominant paradigm in scientific fields.,新たな発見は、科学分野における支配的なパラダイムに異議を唱えることがある。,https://ejje.weblio.jp/content/dominant%20paradigm,404 Client Error: 404 for url: https://ejje.weblio.jp/content/dominant%20paradigm,meaning_ja
dominant position,支配的地位,The company holds a dominant position in the global market.,その会社は、世界市場で支配的地位を占めている。,https://ejje.weblio.jp/content/dominant%20position,,
dominant role,主導的な役割,The organization played a dominant role in shaping international policy.,その組織は、国際政策の形成において主導的な役割を果たした。,https://ejje.weblio.jp/content/dominant%20role,404 Client Error: 404 for url: https://ejje.weblio.jp/content/dominant%20role,meaning_ja
dramatic change,劇的変化,The internet has brought about dramatic change in communication.,インターネットはコミュニケーションに劇的な変化をもたらした。,https://ejje.weblio.jp/content/dramatic%20change,,
dramatic effect,劇的効果,The new policy had a dramatic effect on the economy.,新しい政策は経済に劇的な効果をもたらした。,https://ejje.weblio.jp/content/dramatic%20effect,,
dramatic increase,劇的な増加,We observed a dramatic increase in sales after the marketing campaign.,マーケティングキャンペーン後、売上が劇的に増加した。,https://ejje.weblio.jp/content/dramatic%20increase,404 Client Error: 404 for url: https://ejje.weblio.jp/content/dramatic%20increase,meaning_ja
draw attention to,押し出す、押出す,The report aims to draw attention to the environmental crisis.,その報告書は、環境危機に注目を集めることを目的としている。,https://ejje.weblio.jp/content/draw%20attention%20to,,
draw a conclusion,結論を導く,It is too early to draw a conclusion from the preliminary data.,予備データから結論を導くには時期尚早である。,https://ejje.weblio.jp/content/draw%20a%20conclusion,,
draw a distinction,区別をつける,It's important to draw a distinction between causation and correlation.,因果関係と相関関係を区別することが重要である。,https://ejje.weblio.jp/content/draw%20a%20distinction,,meaning_ja
draw a line,線引きする,We must draw a line between professional and personal life.,私たちは仕事と私生活の間に線引きをしなければならない。,https://ejje.weblio.jp/content/draw%20a%20line,,
driving force,牽引者,Innovation is often the driving force behind economic growth and technological advancement.,革新は、経済成長と技術進歩の原動力となることが多いです。,https://ejje.weblio.jp/content/driving%20force,,
due process,適正手続き,Every citizen is entitled to due process and fair treatment under the law.,すべての市民は、法の下で適正手続きと公正な扱いを受ける権利があります。,https://ejje.weblio.jp/content/due%20process,,meaning_ja
dynamic equilibrium,動的平衡、動的平衡状態,Ecosystems maintain a dynamic equilibrium despite constant environmental changes.,生態系は、絶え間ない環境変化にもかかわらず、動的平衡を維持しています。,https://ejje.weblio.jp/content/dynamic%20equilibrium,,
dynamic nature,動的な性質,The dynamic nature of the market requires businesses to adapt quickly.,市場の動的な性質により、企業は迅速な適応が求められます。,https://ejje.weblio.jp/content/dynamic%20nature,404 Client Error: 404 for url: https://ejje.weblio.jp/content/dynamic%20nature,meaning_ja
dynamic process,動的プロセス; 動的過程; 動的機構; 力学過程,"Policy-making is a dynamic process, constantly evolving with new information.",政策決定は、新しい情報とともに絶えず進化する動的プロセスです。,https://ejje.weblio.jp/content/dynamic%20process,,
dynamic system,動的システムモデル; 力学体制; 動的系; 動力学システム; 動的システム; ダイナミックシステム,The global climate is a complex dynamic system with many interacting components.,地球の気候は、多くの相互作用する要素を持つ複雑な動的システムです。,https://ejje.weblio.jp/content/dynamic%20system,,
earlier discussion,先ほどの議論,"Referring to our earlier discussion, we should prioritize sustainability in this project.",先ほどの議論を参照すると、このプロジェクトでは持続可能性を優先すべきです。,https://ejje.weblio.jp/content/earlier%20discussion,404 Client Error: 404 for url: https://ejje.weblio.jp/content/earlier%20discussion,meaning_ja
earlier period,それ以前の時期,Data from an earlier period suggests different trends in consumer behavior.,それ以前の時期のデータは、消費者行動における異なる傾向を示唆しています。,https://ejje.weblio.jp/content/earlier%20period,404 Client Error: 404 for url: https://ejje.weblio.jp/content/earlier%20period,meaning_ja
earlier research,これまでの研究,Our findings are consistent with earlier research on the topic.,私たちの発見は、そのトピックに関するこれまでの研究と一致しています。,https://ejje.weblio.jp/content/earlier%20research,404 Client Error: 404 for url: https://ejje.weblio.jp/content/earlier%20research,meaning_ja
earlier stage,期首カテゴリ自動車用語,Many issues can be resolved more easily at an earlier stage of development.,多くの問題は、開発のより初期の段階でより簡単に解決できます。,https://ejje.weblio.jp/content/earlier%20stage,,
earlier study,先行研究,This new analysis builds upon the framework established in an earlier study.,この新しい分析は、先行研究で確立された枠組みに基づいています。,https://ejje.weblio.jp/content/earlier%20study,404 Client Error: 404 for url: https://ejje.weblio.jp/content/earlier%20study,meaning_ja
earlier times,元、旧、故,"In earlier times, communication relied heavily on written letters and messengers.",以前の時代には、コミュニケーションは主に書簡や使者に頼っていました。,https://ejje.weblio.jp/content/earlier%20times,,
earlier version,旧バージョン,Users reported bugs in the earlier version of the software.,ユーザーは、ソフトウェアの旧バージョンでバグを報告しました。,https://ejje.weblio.jp/content/earlier%20version,,
earlier work,これまでの研究,This paper expands on the theoretical foundations laid in our earlier work.,この論文は、私たちのこれまでの研究で築かれた理論的基盤を拡張しています。,https://ejje.weblio.jp/content/earlier%20work,404 Client Error: 404 for url: https://ejje.weblio.jp/content/earlier%20work,meaning_ja
early decades,初期の数十年,Significant technological advancements occurred during the early decades of the 20th century.,20世紀の初期の数十年間に、著しい技術的進歩が起こりました。,https://ejje.weblio.jp/content/early%20decades,404 Client Error: 404 for url: https://ejje.weblio.jp/content/early%20decades,meaning_ja
early study,初期の研究、初期検討,An early study suggested a correlation between diet and certain health conditions.,初期研究では、食事と特定の健康状態との相関関係が示唆されました。,https://ejje.weblio.jp/content/early%20study,,
easily accessible,アクセス抜群！,Public transportation makes the city center easily accessible to everyone.,公共交通機関は、市中心部を誰にとってもアクセスしやすくしています。,https://ejje.weblio.jp/content/easily%20accessible,,
easily identified,一目でわかる,The key features of the new product can be easily identified.,新製品の主要な特徴は、一目でわかります。,https://ejje.weblio.jp/content/easily%20identified,404 Client Error: 404 for url: https://ejje.weblio.jp/content/easily%20identified,meaning_ja
easily understood,わかりやすい,Complex concepts should be presented in a way that is easily understood.,複雑な概念は、わかりやすい方法で提示されるべきです。,https://ejje.weblio.jp/content/easily%20understood,404 Client Error: 404 for url: https://ejje.weblio.jp/content/easily%20understood,meaning_ja
easy access,アクセスが便利,The new office location offers easy access to major highways.,新しいオフィスの場所は、主要な高速道路へのアクセスが便利です。,https://ejje.weblio.jp/content/easy%20access,,meaning_ja
economic activity,経済活動,Government policies aim to stimulate economic activity and create jobs.,政府の政策は、経済活動を刺激し、雇用を創出することを目的としています。,https://ejje.weblio.jp/content/economic%20activity,,
economic affairs,経済情勢,The ministry is responsible for managing the nation's economic affairs.,その省は、国の経済情勢の管理を担当しています。,https://ejje.weblio.jp/content/economic%20affairs,,
economic analysis,経済解析; 経済分析,An economic analysis revealed potential risks in the proposed investment.,経済分析により、提案された投資における潜在的なリスクが明らかになりました。,https://ejje.weblio.jp/content/economic%20analysis,,
economic benefits,効果額；効果金額,The project is expected to bring significant economic benefits to the region.,そのプロジェクトは、地域に大きな経済的利益をもたらすと期待されています。,https://ejje.weblio.jp/content/economic%20benefits,,
economic change,経済変化,Adaptability is crucial for businesses in times of rapid economic change.,急速な経済変化の時代において、適応性は企業にとって極めて重要です。,https://ejje.weblio.jp/content/economic%20change,,
economic conditions,経済状態; 経済事情,The company's performance is closely tied to prevailing economic conditions.,その企業の業績は、一般的な経済状況と密接に関連しています。,https://ejje.weblio.jp/content/economic%20conditions,,
economic consequences,経済的影響,Neglecting environmental protection can have severe long-term economic consequences for society.,環境保護を怠ると、社会に深刻な経済的影響をもたらす可能性があります。,https://ejje.weblio.jp/content/economic%20consequences,404 Client Error: 404 for url: https://ejje.weblio.jp/content/economic%20consequences,meaning_ja
economic context,経済的背景,Understanding the historical economic context is vital for policy evaluation.,歴史的な経済的背景を理解することは、政策評価にとって不可欠です。,https://ejje.weblio.jp/content/economic%20context,404 Client Error: 404 for url: https://ejje.weblio.jp/content/economic%20context,meaning_ja
economic crisis,経済危機,The government implemented measures to mitigate the impact of the economic crisis.,政府は、経済危機の影響を緩和するための措置を実施しました。,https://ejje.weblio.jp/content/economic%20crisis,,
economic exploitation,経済的搾取,International organizations work to prevent economic exploitation in developing countries.,国際機関は、発展途上国での経済的搾取を防ぐために活動しています。,https://ejje.weblio.jp/content/economic%20exploitation,404 Client Error: 404 for url: https://ejje.weblio.jp/content/economic%20exploitation,meaning_ja
economic factors,経済的要素,"Various economic factors, such as inflation, influence consumer spending habits significantly.",インフレなどの様々な経済的要素が、消費者の支出習慣に大きく影響します。,https://ejje.weblio.jp/content/economic%20factors,,
economic forces,経済力（けいざいりょく）とは国家の経済的状況を国力の一要素として捉えた能力である。,Global economic forces often dictate local market trends.,世界的な経済力が、しばしば地域の市場トレンドを決定します。,https://ejje.weblio.jp/content/economic%20forces,,
economic goal,経済的目標,Achieving sustainable development is a crucial economic goal for many nations.,持続可能な開発を達成することは、多くの国にとって重要な経済的目標です。,https://ejje.weblio.jp/content/economic%20goal,,
economic growth,経済成長,Innovation is a key driver of long-term economic growth.,革新は、長期的な経済成長の主要な推進力です。,https://ejje.weblio.jp/content/economic%20growth,,
economic inequality,ジニ指数による世界各国の所得差。,Policies addressing economic inequality are essential for social stability.,経済的不平等を是正する政策は、社会の安定に不可欠です。,https://ejje.weblio.jp/content/economic%20inequality,,
economic integration,経済統合,Regional economic integration can foster trade and mutual prosperity.,地域経済統合は、貿易と相互繁栄を促進することができます。,https://ejje.weblio.jp/content/economic%20integration,,
economic interests,経済的利益,Nations often cooperate when their economic interests align.,国家は、経済的利益が一致するときに協力することがよくあります。,https://ejje.weblio.jp/content/economic%20interests,404 Client Error: 404 for url: https://ejje.weblio.jp/content/economic%20interests,meaning_ja
economic policy,経済政策,The central bank announced a new economic policy to combat inflation.,中央銀行は、インフレと戦うための新しい経済政策を発表しました。,https://ejje.weblio.jp/content/economic%20policy,,
economic power,エコノミックパワー; 経済力; 経済大国,The rise of new markets shifts the balance of global economic power.,新興市場の台頭は、世界の経済力のバランスを変化させます。,https://ejje.weblio.jp/content/economic%20power,,
economic prosperity,経済的な繁栄; 経済の繁栄,Education plays a vital role in achieving long-term economic prosperity.,教育は、長期的な経済的繁栄を達成する上で重要な役割を果たします。,https://ejje.weblio.jp/content/economic%20prosperity,,
economic reform,経済改革,The government initiated a comprehensive economic reform program.,政府は包括的な経済改革プログラムを開始しました。,https://ejje.weblio.jp/content/economic%20reform,,
economic relations,経済関係,Improving economic relations between the two countries is a priority.,両国間の経済関係の改善は、優先事項です。,https://ejje.weblio.jp/content/economic%20relations,,
economic relationships,経済関係,Global trade fosters complex economic relationships among nations.,グローバル貿易は、国家間の複雑な経済関係を育みます。,https://ejje.weblio.jp/content/economic%20relationships,404 Client Error: 404 for url: https://ejje.weblio.jp/content/economic%20relationships,meaning_ja
economic resources,経済的資源,Efficient allocation of economic resources is crucial for development.,経済的資源の効率的な配分は、開発にとって極めて重要です。,https://ejje.weblio.jp/content/economic%20resources,,meaning_ja
economic sector,経済部門,The technology industry is a rapidly growing economic sector.,テクノロジー産業は、急速に成長している経済部門です。,https://ejje.weblio.jp/content/economic%20sector,404 Client Error: 404 for url: https://ejje.weblio.jp/content/economic%20sector,meaning_ja
economic stability,財政安定,Sound fiscal policies are essential to maintain long-term economic stability.,健全な財政政策は、長期的な経済安定を維持するために不可欠です。,https://ejje.weblio.jp/content/economic%20stability,,
economic status,経済状況,Education often correlates with an individual's future economic status.,教育は、個人の将来の経済状況と相関関係があることが多いです。,https://ejje.weblio.jp/content/economic%20status,404 Client Error: 404 for url: https://ejje.weblio.jp/content/economic%20status,meaning_ja
economic structure,経済の仕組み,The country's economic structure has diversified over the past decades.,その国の経済構造は、過去数十年間で多様化しました。,https://ejje.weblio.jp/content/economic%20structure,,
economic success,経済的な成功,Innovation and adaptability are key factors for economic success.,革新と適応性は、経済的な成功のための重要な要素です。,https://ejje.weblio.jp/content/economic%20success,404 Client Error: 404 for url: https://ejje.weblio.jp/content/economic%20success,meaning_ja
economic system,経済体制; 経済システム,Different countries operate under various types of economic systems.,異なる国々は、様々な種類の経済システムの下で運営されています。,https://ejje.weblio.jp/content/economic%20system,,
economic theory,経済理論,Modern economic theory helps explain market behavior and policy impacts.,現代の経済理論は、市場行動と政策の影響を説明するのに役立ちます。,https://ejje.weblio.jp/content/economic%20theory,,
economic value,経済価値,Preserving natural habitats has significant economic value beyond tourism.,自然生息地を保護することは、観光を超えた重要な経済的価値を持ちます。,https://ejje.weblio.jp/content/economic%20value,,
economic welfare,経済的福祉,Government programs aim to improve the economic welfare of citizens.,政府プログラムは、国民の経済的福祉を向上させることを目指しています。,https://ejje.weblio.jp/content/economic%20welfare,,
educational institution,教育機関; 教育界,A university is a prime example of an educational institution.,大学は、教育機関の代表的な例です。,https://ejje.weblio.jp/content/educational%20institution,,
educational opportunity,教育の機会,Providing equal educational opportunity for all children is a societal goal.,すべての子供たちに平等な教育の機会を提供することは、社会の目標です。,https://ejje.weblio.jp/content/educational%20opportunity,404 Client Error: 404 for url: https://ejje.weblio.jp/content/educational%20opportunity,meaning_ja
educational policy,教育方針,The new educational policy focuses on digital literacy skills.,新しい教育方針は、デジタルリテラシー能力に焦点を当てています。,https://ejje.weblio.jp/content/educational%20policy,,
educational programme,教育プログラム,The school offers a comprehensive educational programme for gifted students.,その学校は、優秀な生徒向けに包括的な教育プログラムを提供しています。,https://ejje.weblio.jp/content/educational%20programme,404 Client Error: 404 for url: https://ejje.weblio.jp/content/educational%20programme,meaning_ja
educational provision,教育体制,The government increased funding for public educational provision.,政府は、公教育体制への資金提供を増やしました。,https://ejje.weblio.jp/content/educational%20provision,404 Client Error: 404 for url: https://ejje.weblio.jp/content/educational%20provision,meaning_ja
educational qualification,学歴,An advanced educational qualification can open up new career paths.,高度な学歴は、新しいキャリアパスを切り開くことができます。,https://ejje.weblio.jp/content/educational%20qualification,404 Client Error: 404 for url: https://ejje.weblio.jp/content/educational%20qualification,meaning_ja
educational research,教育研究,Educational research informs best practices in teaching and learning.,教育研究は、教育と学習における最良の実践に情報を提供します。,https://ejje.weblio.jp/content/educational%20research,,
educational setting,教育現場,Effective teaching strategies vary depending on the educational setting.,効果的な教育戦略は、教育現場によって異なります。,https://ejje.weblio.jp/content/educational%20setting,,meaning_ja
educational system,教育制度; 学制,Reforms are often necessary to modernize an educational system.,教育制度を近代化するためには、改革がしばしば必要です。,https://ejje.weblio.jp/content/educational%20system,,
effective communication,効果的なコミュニケーション,Effective communication is crucial for successful team collaboration.,効果的なコミュニケーションは、チームの協調性を高める上で不可欠です。,https://ejje.weblio.jp/content/effective%20communication,404 Client Error: 404 for url: https://ejje.weblio.jp/content/effective%20communication,meaning_ja
effective implementation,効果的な実施,The success of any policy depends on its effective implementation.,どのような政策の成功も、その効果的な実施にかかっています。,https://ejje.weblio.jp/content/effective%20implementation,404 Client Error: 404 for url: https://ejje.weblio.jp/content/effective%20implementation,meaning_ja
effective intervention,効果的な介入,Early and effective intervention can prevent many social problems.,早期かつ効果的な介入は、多くの社会問題を未然に防ぐことができます。,https://ejje.weblio.jp/content/effective%20intervention,404 Client Error: 404 for url: https://ejje.weblio.jp/content/effective%20intervention,meaning_ja
effective management,運用,Effective management of resources leads to greater efficiency.,資源の効果的な運用は、より大きな効率性につながります。,https://ejje.weblio.jp/content/effective%20management,,
effective method,効果的方法,Researchers are developing an effective method for data analysis.,研究者たちは、データ分析のための効果的な方法を開発しています。,https://ejje.weblio.jp/content/effective%20method,,
effective participation,積極的な参加,Encouraging effective participation in community projects strengthens social bonds.,地域プロジェクトへの積極的な参加を促すことは、社会的な絆を強化します。,https://ejje.weblio.jp/content/effective%20participation,404 Client Error: 404 for url: https://ejje.weblio.jp/content/effective%20participation,meaning_ja
effective policy,効果的な政策,An effective policy requires clear objectives and measurable outcomes.,効果的な政策には、明確な目標と測定可能な成果が必要です。,https://ejje.weblio.jp/content/effective%20policy,,meaning_ja
effective treatment,有効処置,New drugs offer more effective treatment options for various diseases.,新しい薬は、様々な病気に対してより有効な治療法を提供します。,https://ejje.weblio.jp/content/effective%20treatment,,
electronic access,電子アクセス,Libraries now provide extensive electronic access to scholarly journals.,図書館は現在、学術雑誌への広範な電子アクセスを提供しています。,https://ejje.weblio.jp/content/electronic%20access,,meaning_ja
electronic communication,電子通信,Electronic communication has revolutionized how businesses interact globally.,電子通信は、企業が世界的に交流する方法に革命をもたらしました。,https://ejje.weblio.jp/content/electronic%20communication,,
electronic media,電子メディア,Children are increasingly exposed to information through electronic media.,子供たちは、電子メディアを通じて情報に触れる機会が増えています。,https://ejje.weblio.jp/content/electronic%20media,,
electronic resources,電子資料,University students rely heavily on electronic resources for their research.,大学生は、研究のために電子資料に大きく依存しています。,https://ejje.weblio.jp/content/electronic%20resources,,meaning_ja
electronic version,電子版,The article is available in both print and electronic version.,その記事は、印刷版と電子版の両方で利用可能です。,https://ejje.weblio.jp/content/electronic%20version,,meaning_ja
emotional impact,感情的な影響,The news had a significant emotional impact on the community.,そのニュースは、地域社会に大きな感情的な影響を与えました。,https://ejje.weblio.jp/content/emotional%20impact,,meaning_ja
emotional intelligence,感情知性、こころの知能,Developing emotional intelligence is key for effective leadership.,感情知性を育むことは、効果的なリーダーシップにとって重要です。,https://ejje.weblio.jp/content/emotional%20intelligence,,
emotional reaction,情動反応,People often have an immediate emotional reaction to unexpected events.,人々は、予期せぬ出来事に対して即座に情動反応を示すことがよくあります。,https://ejje.weblio.jp/content/emotional%20reaction,,
emotional response,情緒反応; 情動反応,Art can evoke a powerful emotional response from viewers.,芸術は、鑑賞者から強力な情緒反応を引き出すことができます。,https://ejje.weblio.jp/content/emotional%20response,,
emotional support,精神的支柱,Providing emotional support to those in need is crucial.,困っている人々に精神的支柱を提供することは不可欠です。,https://ejje.weblio.jp/content/emotional%20support,,
empirical data,経験的データ,Our conclusions are based on rigorous analysis of empirical data.,私たちの結論は、経験的データの厳密な分析に基づいています。,https://ejje.weblio.jp/content/empirical%20data,,
empirical evidence,経験的実証,Scientific theories must be supported by strong empirical evidence.,科学理論は、強力な経験的実証によって裏付けられなければなりません。,https://ejje.weblio.jp/content/empirical%20evidence,,
empirical investigation,実証的研究,The study requires an extensive empirical investigation to validate the hypothesis.,その研究は、仮説を検証するために広範な実証的研究を必要とします。,https://ejje.weblio.jp/content/empirical%20investigation,,
empirical research,実証研究、実証的研究,Much of the current understanding comes from empirical research.,現在の理解の多くは、実証研究から得られています。,https://ejje.weblio.jp/content/empirical%20research,,
empirical study,実証研究,This empirical study explores the effects of digital learning tools.,この実証研究は、デジタル学習ツールの効果を探求しています。,https://ejje.weblio.jp/content/empirical%20study,404 Client Error: 404 for url: https://ejje.weblio.jp/content/empirical%20study,meaning_ja
empirical support,実証的裏付け,The new theory lacks sufficient empirical support at this stage.,その新理論は、現段階では十分な実証的裏付けがありません。,https://ejje.weblio.jp/content/empirical%20support,404 Client Error: 404 for url: https://ejje.weblio.jp/content/empirical%20support,meaning_ja
empirical work,実証的研究,This paper presents new insights based on detailed empirical work.,この論文は、詳細な実証的研究に基づいた新たな洞察を提示しています。,https://ejje.weblio.jp/content/empirical%20work,404 Client Error: 404 for url: https://ejje.weblio.jp/content/empirical%20work,meaning_ja
employ a method,ある手法を採用する,Researchers decided to employ a method of qualitative analysis.,研究者たちは、質的分析の手法を採用することに決めました。,https://ejje.weblio.jp/content/employ%20a%20method,404 Client Error: 404 for url: https://ejje.weblio.jp/content/employ%20a%20method,meaning_ja
employ a technique,ある手法を用いる,"To achieve precision, scientists often employ a technique of repeated measurements.",精度を高めるため、科学者はしばしば反復測定の手法を用います。,https://ejje.weblio.jp/content/employ%20a%20technique,404 Client Error: 404 for url: https://ejje.weblio.jp/content/employ%20a%20technique,meaning_ja
employment opportunities,就職の機会,The new factory will create many employment opportunities in the area.,新しい工場は、その地域に多くの就職の機会を創出するでしょう。,https://ejje.weblio.jp/content/employment%20opportunities,,
encounter difficulties,困難に直面する,It is common for projects to encounter difficulties during implementation.,プロジェクトが実施中に困難に直面することはよくあります。,https://ejje.weblio.jp/content/encounter%20difficulties,404 Client Error: 404 for url: https://ejje.weblio.jp/content/encounter%20difficulties,meaning_ja
encounter problems,問題に遭遇する,Companies often encounter problems when expanding into new markets.,企業は、新しい市場に拡大する際に問題に遭遇することがよくあります。,https://ejje.weblio.jp/content/encounter%20problems,,
encourage the development of,～の開発を促進する,Governments aim to encourage the development of renewable energy sources.,政府は、再生可能エネルギー源の開発を促進することを目指しています。,https://ejje.weblio.jp/content/encourage%20the%20development%20of,404 Client Error: 404 for url: https://ejje.weblio.jp/content/encourage%20the%20development%20of,meaning_ja
engage in an activity,活動を行う,Students are encouraged to engage in an activity that promotes critical thinking.,学生は、批判的思考を促進する活動を行うことを奨励されています。,https://ejje.weblio.jp/content/engage%20in%20an%20activity,404 Client Error: 404 for url: https://ejje.weblio.jp/content/engage%20in%20an%20activity,meaning_ja
enhance learning,学習効果を高める,Interactive tools can significantly enhance learning outcomes for students.,対話型ツールは、学生の学習効果を大幅に高めることができます。,https://ejje.weblio.jp/content/enhance%20learning,404 Client Error: 404 for url: https://ejje.weblio.jp/content/enhance%20learning,meaning_ja
enhance performance,パフォーマンスを向上させる,Training programs are designed to enhance performance and productivity.,トレーニングプログラムは、パフォーマンスと生産性を向上させるように設計されています。,https://ejje.weblio.jp/content/enhance%20performance,404 Client Error: 404 for url: https://ejje.weblio.jp/content/enhance%20performance,meaning_ja
enormous amount of,膨大な量の,Climate change requires an enormous amount of global cooperation.,気候変動には、膨大な量の国際協力が必要です。,https://ejje.weblio.jp/content/enormous%20amount%20of,404 Client Error: 404 for url: https://ejje.weblio.jp/content/enormous%20amount%20of,meaning_ja
enormous impact,甚大な影響,Digital technology has had an enormous impact on modern society.,デジタル技術は、現代社会に甚大な影響を与えました。,https://ejje.weblio.jp/content/enormous%20impact,404 Client Error: 404 for url: https://ejje.weblio.jp/content/enormous%20impact,meaning_ja
entire period,全期,The data shows consistent growth throughout the entire period.,データは、全期間を通じて一貫した成長を示しています。,https://ejje.weblio.jp/content/entire%20period,,
entire range of,すべてのラインナップ,The company offers the entire range of financial services.,その会社は、すべての金融サービスを提供しています。,https://ejje.weblio.jp/content/entire%20range%20of,404 Client Error: 404 for url: https://ejje.weblio.jp/content/entire%20range%20of,meaning_ja
entirely clear,完全に明白,It is not yet entirely clear how the new regulations will be applied.,新しい規制がどのように適用されるかは、まだ完全に明白ではありません。,https://ejje.weblio.jp/content/entirely%20clear,404 Client Error: 404 for url: https://ejje.weblio.jp/content/entirely%20clear,meaning_ja
entirely different,全く異なる,The results were entirely different from our initial expectations.,結果は、私たちの当初の予想とは全く異なっていました。,https://ejje.weblio.jp/content/entirely%20different,,
entirely new,まったく新しい,This research introduces an entirely new perspective on the problem.,この研究は、その問題に対するまったく新しい視点を導入しています。,https://ejje.weblio.jp/content/entirely%20new,404 Client Error: 404 for url: https://ejje.weblio.jp/content/entirely%20new,meaning_ja
environmental changes,環境の変化,Species must adapt to significant environmental changes to survive.,種は生き残るために、著しい環境の変化に適応しなければなりません。,https://ejje.weblio.jp/content/environmental%20changes,,
environmental concern,環境問題,Public awareness of environmental concern has increased globally.,環境問題に対する世間の意識は世界的に高まっています。,https://ejje.weblio.jp/content/environmental%20concern,404 Client Error: 404 for url: https://ejje.weblio.jp/content/environmental%20concern,meaning_ja
environmental consequences,環境への影響,Rapid industrialization often brings significant and unintended environmental consequences.,急速な工業化は、しばしば重大かつ予期せぬ環境への影響をもたらします。,https://ejje.weblio.jp/content/environmental%20consequences,404 Client Error: 404 for url: https://ejje.weblio.jp/content/environmental%20consequences,meaning_ja
environmental damage,環境被害; 環境破壊,Regulations aim to minimize environmental damage from industrial activities.,規制は、産業活動による環境被害を最小限に抑えることを目指しています。,https://ejje.weblio.jp/content/environmental%20damage,,
environmental degradation,環境劣化,Deforestation is a major cause of widespread environmental degradation.,森林破壊は、広範な環境劣化の主要な原因です。,https://ejje.weblio.jp/content/environmental%20degradation,,
environmental effects,環境効果,Scientists are studying the long-term environmental effects of climate change.,科学者たちは、気候変動の長期的な環境効果を研究しています。,https://ejje.weblio.jp/content/environmental%20effects,,
environmental factors,環境因子、環境要因,Both genetic and environmental factors influence human development.,遺伝的要因と環境要因の両方が、人間の発達に影響を与えます。,https://ejje.weblio.jp/content/environmental%20factors,,
environmental impact,環境影響,Companies are increasingly focusing on reducing their environmental impact.,企業は、環境影響の削減にますます注力しています。,https://ejje.weblio.jp/content/environmental%20impact,,
environmental issues,環境問題,International cooperation is vital for addressing global environmental issues.,国際協力は、地球規模の環境問題に対処するために不可欠です。,https://ejje.weblio.jp/content/environmental%20issues,,meaning_ja
environmental policy,環境政策,The government introduced a new environmental policy to promote sustainability.,政府は、持続可能性を促進するための新しい環境政策を導入しました。,https://ejje.weblio.jp/content/environmental%20policy,,
environmental pollution,環境汚染、公害,Strict laws are needed to control environmental pollution effectively.,環境汚染を効果的に抑制するには、厳格な法律が必要です。,https://ejje.weblio.jp/content/environmental%20pollution,,
environmental protection,環境保護,International agreements are crucial for global environmental protection efforts.,国際協定は、地球規模の環境保護活動にとって極めて重要です。,https://ejje.weblio.jp/content/environmental%20protection,,
equal access,イコールアクセス; 平等アクセス,Ensuring equal access to education is a fundamental human right.,教育への平等アクセスを確保することは、基本的な人権です。,https://ejje.weblio.jp/content/equal%20access,,
equal opportunity,平等雇用; イコールオポチュニティー; 雇用機会均等,"The organization promotes equal opportunity for all employees, regardless of background.",その組織は、背景にかかわらずすべての従業員に平等雇用を促進しています。,https://ejje.weblio.jp/content/equal%20opportunity,,
equal status,対等な地位,All members should have equal status in decision-making processes.,すべてのメンバーは、意思決定プロセスにおいて対等な地位を持つべきです。,https://ejje.weblio.jp/content/equal%20status,404 Client Error: 404 for url: https://ejje.weblio.jp/content/equal%20status,meaning_ja
equal treatment,同一、無差別の待遇,The law guarantees equal treatment for all citizens.,法律は、すべての市民に同一の待遇を保証します。,https://ejje.weblio.jp/content/equal%20treatment,,
equally important,同様に重要,"While profit is important, customer satisfaction is equally important.",利益も重要ですが、顧客満足度も同様に重要です。,https://ejje.weblio.jp/content/equally%20important,,meaning_ja
equally likely,同じくらいあり得る,Both outcomes are equally likely given the current circumstances.,現在の状況を考えると、どちらの結果も同じくらいあり得ます。,https://ejje.weblio.jp/content/equally%20likely,404 Client Error: 404 for url: https://ejje.weblio.jp/content/equally%20likely,meaning_ja
equally true,同様に正しい,What is true for individuals is equally true for organizations.,個人に当てはまることは、組織にも同様に正しいです。,https://ejje.weblio.jp/content/equally%20true,404 Client Error: 404 for url: https://ejje.weblio.jp/content/equally%20true,meaning_ja
equally valid,同等に妥当である,Different approaches can be equally valid depending on the context.,異なるアプローチは、文脈によっては同等に妥当であることがあります。,https://ejje.weblio.jp/content/equally%20valid,404 Client Error: 404 for url: https://ejje.weblio.jp/content/equally%20valid,meaning_ja
essential component,必須成分,Trust is an essential component of any successful partnership.,信頼は、成功するパートナーシップにとって必須成分です。,https://ejje.weblio.jp/content/essential%20component,,
essential element,必須元素,Critical thinking is an essential element of higher education.,批判的思考は、高等教育の必須元素です。,https://ejje.weblio.jp/content/essential%20element,,
essential feature,重要な特徴,Adaptability is an essential feature for survival in a changing environment.,適応性は、変化する環境で生き残るための重要な特徴です。,https://ejje.weblio.jp/content/essential%20feature,404 Client Error: 404 for url: https://ejje.weblio.jp/content/essential%20feature,meaning_ja
essential function,必須機能,Data security is an essential function of modern IT systems.,データセキュリティは、現代のITシステムの必須機能です。,https://ejje.weblio.jp/content/essential%20function,,
essential information,必須情報,The report provides essential information for strategic decision-making.,その報告書は、戦略的な意思決定のための必須情報を提供します。,https://ejje.weblio.jp/content/essential%20information,,
essential role,重要な役割,Education plays an essential role in personal and societal development.,教育は、個人と社会の発展において重要な役割を果たします。,https://ejje.weblio.jp/content/essential%20role,404 Client Error: 404 for url: https://ejje.weblio.jp/content/essential%20role,meaning_ja
establish a relationship,関係を築く,Building trust is key to establish a relationship with clients.,信頼を築くことは、顧客との関係を築く上で重要です。,https://ejje.weblio.jp/content/establish%20a%20relationship,404 Client Error: 404 for url: https://ejje.weblio.jp/content/establish%20a%20relationship,meaning_ja
established order,既成秩序,Rapid technological advancements can challenge the established order of industries.,急速な技術進歩は、産業の既成秩序に挑戦する可能性があります。,https://ejje.weblio.jp/content/established%20order,,
established practice,恒例,It is an established practice to review project progress weekly.,プロジェクトの進捗を毎週レビューすることは、恒例となっています。,https://ejje.weblio.jp/content/established%20practice,,
established principle,確立された原則,The decision was made based on an established principle of fairness.,その決定は、公平性という確立された原則に基づいてなされました。,https://ejje.weblio.jp/content/established%20principle,404 Client Error: 404 for url: https://ejje.weblio.jp/content/established%20principle,meaning_ja
ethical consideration,倫理規定,All research involving human subjects requires careful ethical consideration.,人間を対象とするすべての研究は、慎重な倫理規定を必要とします。,https://ejje.weblio.jp/content/ethical%20consideration,,
ethical dilemma,倫理的ジレンマ,Managers often face an ethical dilemma when balancing profit and social responsibility.,管理者は、利益と社会的責任のバランスを取る際に倫理的ジレンマに直面することがよくあります。,https://ejje.weblio.jp/content/ethical%20dilemma,,meaning_ja
ethical issue,倫理的問題、倫理問題,Data privacy is a significant ethical issue in the digital age.,データプライバシーは、デジタル時代における重要な倫理的問題です。,https://ejje.weblio.jp/content/ethical%20issue,,
ethical principle,倫理原則,Professional conduct is guided by a strong ethical principle.,専門職の行動は、強力な倫理原則によって導かれます。,https://ejje.weblio.jp/content/ethical%20principle,404 Client Error: 404 for url: https://ejje.weblio.jp/content/ethical%20principle,meaning_ja
ethical problem,倫理問題,Companies must address the ethical problem of artificial intelligence bias.,企業は、人工知能の偏りという倫理問題に対処する必要があります。,https://ejje.weblio.jp/content/ethical%20problem,,
ethical question,倫理的な問題,This new technology raises a complex ethical question about its use.,この新技術は、その使用に関して複雑な倫理的な問題を提起します。,https://ejje.weblio.jp/content/ethical%20question,404 Client Error: 404 for url: https://ejje.weblio.jp/content/ethical%20question,meaning_ja
ethnic community,外国人コミュニティ,The city is home to a diverse ethnic community.,その都市には、多様な外国人コミュニティがあります。,https://ejje.weblio.jp/content/ethnic%20community,,
ethnic differences,人種差,Understanding ethnic differences is crucial for fostering inclusivity.,人種差を理解することは、包摂性を育む上で極めて重要です。,https://ejje.weblio.jp/content/ethnic%20differences,,
ethnic diversity,民族的多様性,Promoting ethnic diversity enriches the cultural landscape of a nation.,民族的多様性を促進することは、国の文化的景観を豊かにします。,https://ejje.weblio.jp/content/ethnic%20diversity,404 Client Error: 404 for url: https://ejje.weblio.jp/content/ethnic%20diversity,meaning_ja
ethnic group,民族,Each ethnic group contributes unique traditions to society.,各民族は、社会に独自の伝統をもたらします。,https://ejje.weblio.jp/content/ethnic%20group,,
ethnic identity,民族としての独自性,Language plays a significant role in shaping ethnic identity.,言語は、民族としての独自性を形成する上で重要な役割を果たします。,https://ejje.weblio.jp/content/ethnic%20identity,,
ethnic minority,エスニックマイノリティー、少数民族、エスニック‐マイノリティー,Protecting the rights of an ethnic minority is a human rights imperative.,少数民族の権利を保護することは、人権上の必須事項です。,https://ejje.weblio.jp/content/ethnic%20minority,,
ethnic origin,民族起源,Discrimination based on ethnic origin is strictly prohibited by law.,民族起源に基づく差別は、法律によって厳しく禁止されています。,https://ejje.weblio.jp/content/ethnic%20origin,,
ever changing,無常、絶えず推移する、走馬灯のような、変幻自在の、千変万化の、変転きわまりない,The business landscape is an ever-changing environment requiring constant adaptation.,ビジネス環境は絶えず推移しており、絶え間ない適応が求められます。,https://ejje.weblio.jp/content/ever%20changing,,
ever increasing,増え続ける,The demand for sustainable products is ever increasing globally.,持続可能な製品に対する需要は、世界的に増え続けています。,https://ejje.weblio.jp/content/ever%20increasing,,
evolutionary process,進化過程,Understanding the evolutionary process helps us trace the origins of species.,進化過程を理解することは、種の起源を辿るのに役立つ。,https://ejje.weblio.jp/content/evolutionary%20process,,
evolutionary theory,進化論,Darwin's evolutionary theory revolutionized our understanding of biological development.,ダーウィンの進化論は、生物の発展に関する私たちの理解に革命をもたらした。,https://ejje.weblio.jp/content/evolutionary%20theory,,
examine the role of,～の役割を検討する,This study aims to examine the role of social media in public opinion formation.,この研究は、世論形成におけるソーシャルメディアの役割を検討することを目的としている。,https://ejje.weblio.jp/content/examine%20the%20role%20of,404 Client Error: 404 for url: https://ejje.weblio.jp/content/examine%20the%20role%20of,meaning_ja
exceptional case,異例、変わり種,"This outcome is an exceptional case, deviating significantly from the expected results.",この結果は例外的なケースであり、予想された結果とは大きく異なる。,https://ejje.weblio.jp/content/exceptional%20case,,
exceptional circumstances,特別な事情,"Due to exceptional circumstances, the deadline for submission has been extended.",特別な事情により、提出期限が延長されました。,https://ejje.weblio.jp/content/exceptional%20circumstances,404 Client Error: 404 for url: https://ejje.weblio.jp/content/exceptional%20circumstances,meaning_ja
exercise authority,勢いを振るう、威を振るう,The manager needs to exercise authority effectively to guide the team.,マネージャーはチームを導くために、権限を効果的に行使する必要がある。,https://ejje.weblio.jp/content/exercise%20authority,,
existing data,既存データ,We analyzed the existing data to identify trends and patterns.,傾向とパターンを特定するために、既存のデータを分析した。,https://ejje.weblio.jp/content/existing%20data,,
existing research,既存の研究；既存研究,The new project builds upon insights from existing research in the field.,新しいプロジェクトは、その分野の既存の研究からの知見に基づいている。,https://ejje.weblio.jp/content/existing%20research,,
existing structure,実構造物; 実在構造物; 既設建築,Modifying the existing structure will require careful planning and resources.,既存の構造を変更するには、綿密な計画と資源が必要となる。,https://ejje.weblio.jp/content/existing%20structure,,
expand rapidly,急速に拡大する,The market for sustainable energy solutions is expected to expand rapidly.,持続可能なエネルギーソリューションの市場は急速に拡大すると予想されている。,https://ejje.weblio.jp/content/expand%20rapidly,404 Client Error: 404 for url: https://ejje.weblio.jp/content/expand%20rapidly,meaning_ja
experience difficulties,困難に直面する,Many new businesses experience difficulties in their initial stages of operation.,多くの新規事業は、運営の初期段階で困難を経験する。,https://ejje.weblio.jp/content/experience%20difficulties,404 Client Error: 404 for url: https://ejje.weblio.jp/content/experience%20difficulties,meaning_ja
experience problems,波立つ,"If you experience problems with the software, please contact our support team.",ソフトウェアで問題が発生した場合は、サポートチームにご連絡ください。,https://ejje.weblio.jp/content/experience%20problems,,
experiential learning,problem-based learningや問題に基づく学習の同義語(異表記),Experiential learning methods actively engage students in real-world problem-solving.,経験学習法は、学生を現実世界の問題解決に積極的に参加させる。,https://ejje.weblio.jp/content/experiential%20learning,,
experimental conditions,実験条件,The experiment was conducted under strictly controlled experimental conditions.,実験は厳密に管理された実験条件下で行われた。,https://ejje.weblio.jp/content/experimental%20conditions,,
experimental data,実験データ、研究データ,The conclusions are supported by robust experimental data.,その結論は、堅牢な実験データによって裏付けられている。,https://ejje.weblio.jp/content/experimental%20data,,
experimental design,実験デザイン、実験計画,A sound experimental design is crucial for obtaining reliable research results.,信頼できる研究結果を得るには、適切な実験計画が不可欠である。,https://ejje.weblio.jp/content/experimental%20design,,
experimental evidence,実験事実、実験的証拠、実験的根拠、実験的事実,There is strong experimental evidence to support the new hypothesis.,新しい仮説を裏付ける強力な実験的証拠がある。,https://ejje.weblio.jp/content/experimental%20evidence,,
experimental method,実験法、実験手法、実験方法、研究方法,Researchers employed a novel experimental method to investigate the phenomenon.,研究者たちはその現象を調査するために、新しい実験方法を採用した。,https://ejje.weblio.jp/content/experimental%20method,,
experimental research,実験的研究,This paper presents findings from a series of experimental research studies.,この論文は、一連の実験研究から得られた知見を提示している。,https://ejje.weblio.jp/content/experimental%20research,,
experimental results,実験結果、実験事実、実験成績,The experimental results confirmed the theoretical predictions accurately.,実験結果は理論的予測を正確に裏付けた。,https://ejje.weblio.jp/content/experimental%20results,,
experimental study,実験研究、実験的研究,An experimental study was designed to test the effectiveness of the new drug.,新薬の有効性を試験するために、実験的研究が計画された。,https://ejje.weblio.jp/content/experimental%20study,,
experimental work,実験研究、試験研究,Significant experimental work is still required to validate the theory.,その理論を検証するには、まだ相当な実験作業が必要である。,https://ejje.weblio.jp/content/experimental%20work,,
expert opinion,鑑定,We sought expert opinion on the feasibility of the proposed project.,提案されたプロジェクトの実現可能性について、専門家の意見を求めた。,https://ejje.weblio.jp/content/expert%20opinion,,
explanatory power,説明力,The new model offers greater explanatory power for complex social phenomena.,新しいモデルは、複雑な社会現象に対してより大きな説明力を持つ。,https://ejje.weblio.jp/content/explanatory%20power,,
explore further,さらに詳しく見る,We need to explore further the implications of these preliminary findings.,これらの予備的知見の示唆するところをさらに詳しく検討する必要がある。,https://ejje.weblio.jp/content/explore%20further,404 Client Error: 404 for url: https://ejje.weblio.jp/content/explore%20further,meaning_ja
explore an issue,問題について掘り下げる,The conference will explore an issue of global climate change in depth.,その会議では、地球規模の気候変動という問題を深く掘り下げる。,https://ejje.weblio.jp/content/explore%20an%20issue,404 Client Error: 404 for url: https://ejje.weblio.jp/content/explore%20an%20issue,meaning_ja
extended period,長期間,The system operated flawlessly for an extended period without maintenance.,そのシステムは、メンテナンスなしで長期間完璧に動作した。,https://ejje.weblio.jp/content/extended%20period,,
extensive research,広範な研究,The report is based on extensive research and data analysis.,その報告書は、広範な研究とデータ分析に基づいている。,https://ejje.weblio.jp/content/extensive%20research,,meaning_ja
extensively used,広く利用されている,This technique is extensively used in various scientific disciplines today.,この技術は今日、様々な科学分野で広く利用されている。,https://ejje.weblio.jp/content/extensively%20used,404 Client Error: 404 for url: https://ejje.weblio.jp/content/extensively%20used,meaning_ja
external environment,外部環境,Organizations must adapt to changes in the external environment to survive.,組織は生き残るために、外部環境の変化に適応しなければならない。,https://ejje.weblio.jp/content/external%20environment,,
external factors,外因、外因子,The project's success depends on several internal and external factors.,プロジェクトの成功は、いくつかの内部的および外部的要因に依存する。,https://ejje.weblio.jp/content/external%20factors,,
external forces,外力,The bridge was designed to withstand significant external forces.,その橋は、かなりの外力に耐えるように設計された。,https://ejje.weblio.jp/content/external%20forces,404 Client Error: 404 for url: https://ejje.weblio.jp/content/external%20forces,meaning_ja
external influences,外的要因,Decision-making can be affected by various external influences and biases.,意思決定は、様々な外的要因や偏見によって影響を受ける可能性がある。,https://ejje.weblio.jp/content/external%20influences,404 Client Error: 404 for url: https://ejje.weblio.jp/content/external%20influences,meaning_ja
external source,外部線源; 外部電源; 外部原因; 外部源,We need to verify the information with an independent external source.,その情報を独立した外部情報源で確認する必要がある。,https://ejje.weblio.jp/content/external%20source,,
external threat,外患,The company implemented new security measures against potential external threats.,その会社は潜在的な外部の脅威に対して、新しいセキュリティ対策を実施した。,https://ejje.weblio.jp/content/external%20threat,,
external world,外界,Perception allows us to interpret and interact with the external world.,知覚は、私たちが外界を解釈し、交流することを可能にする。,https://ejje.weblio.jp/content/external%20world,,
extract data,データを抽出する,We used specialized software to extract data from the large database.,大規模なデータベースからデータを抽出するために、専門のソフトウェアを使用した。,https://ejje.weblio.jp/content/extract%20data,,
extract information,情報を抽出する,It is challenging to extract information from unstructured text documents.,構造化されていないテキスト文書から情報を抽出するのは難しい。,https://ejje.weblio.jp/content/extract%20information,404 Client Error: 404 for url: https://ejje.weblio.jp/content/extract%20information,meaning_ja
extremely complex,極めて複雑,The human brain is an extremely complex organ with billions of neurons.,人間の脳は、何十億ものニューロンを持つ極めて複雑な臓器である。,https://ejje.weblio.jp/content/extremely%20complex,404 Client Error: 404 for url: https://ejje.weblio.jp/content/extremely%20complex,meaning_ja
extremely powerful,大迫力,Artificial intelligence tools are becoming extremely powerful in data analysis.,人工知能ツールは、データ分析において非常に強力になりつつある。,https://ejje.weblio.jp/content/extremely%20powerful,,
extremely sensitive,極めて敏感な,The new sensor is extremely sensitive to minute changes in temperature.,新しいセンサーは、わずかな温度変化にも極めて敏感である。,https://ejje.weblio.jp/content/extremely%20sensitive,404 Client Error: 404 for url: https://ejje.weblio.jp/content/extremely%20sensitive,meaning_ja
extremely useful,非常に役立つ,This new feature will be extremely useful for our daily operations.,この新機能は、私たちの日常業務にとって非常に役立つだろう。,https://ejje.weblio.jp/content/extremely%20useful,404 Client Error: 404 for url: https://ejje.weblio.jp/content/extremely%20useful,meaning_ja
extremely valuable,極めて価値がある,The insights gained from this study are extremely valuable for future research.,この研究から得られた知見は、将来の研究にとって極めて価値がある。,https://ejje.weblio.jp/content/extremely%20valuable,404 Client Error: 404 for url: https://ejje.weblio.jp/content/extremely%20valuable,meaning_ja
face difficulties,困難に立ち向かう,Every organization will face difficulties during periods of rapid change.,どの組織も急速な変化の時期には困難に直面するだろう。,https://ejje.weblio.jp/content/face%20difficulties,,
face discrimination,差別に直面する,Many individuals still face discrimination based on their background.,多くの個人が、その背景に基づいて依然として差別に直面している。,https://ejje.weblio.jp/content/face%20discrimination,404 Client Error: 404 for url: https://ejje.weblio.jp/content/face%20discrimination,meaning_ja
face a challenge,課題に直面する,The team is ready to face a challenge of developing a new product.,チームは新製品開発という課題に立ち向かう準備ができている。,https://ejje.weblio.jp/content/face%20a%20challenge,404 Client Error: 404 for url: https://ejje.weblio.jp/content/face%20a%20challenge,meaning_ja
face a dilemma,ジレンマに直面する,Policymakers often face a dilemma between economic growth and environmental protection.,政策立案者は、経済成長と環境保護の間でジレンマに直面することがよくある。,https://ejje.weblio.jp/content/face%20a%20dilemma,404 Client Error: 404 for url: https://ejje.weblio.jp/content/face%20a%20dilemma,meaning_ja
face a problem,問題に直面,We need to seriously consider how to face a problem of declining resources.,資源枯渇という問題にどう向き合うかを真剣に考える必要がある。,https://ejje.weblio.jp/content/face%20a%20problem,,
facial expression,表情,"Non-verbal communication, like facial expression, conveys much information.",顔の表情のような非言語コミュニケーションは、多くの情報を伝える。,https://ejje.weblio.jp/content/facial%20expression,,
facilitate the development of,～の開発を促進する,This initiative aims to facilitate the development of renewable energy sources.,この取り組みは、再生可能エネルギー源の開発を促進することを目的としている。,https://ejje.weblio.jp/content/facilitate%20the%20development%20of,404 Client Error: 404 for url: https://ejje.weblio.jp/content/facilitate%20the%20development%20of,meaning_ja
factual information,事実に基づく情報,The report must present factual information without any subjective bias.,報告書は、主観的な偏見なしに事実に基づいた情報を示す必要がある。,https://ejje.weblio.jp/content/factual%20information,404 Client Error: 404 for url: https://ejje.weblio.jp/content/factual%20information,meaning_ja
fair treatment,公正な扱い,All employees deserve fair treatment and equal opportunities in the workplace.,すべての従業員は、職場で公正な扱いと平等な機会を受ける権利がある。,https://ejje.weblio.jp/content/fair%20treatment,404 Client Error: 404 for url: https://ejje.weblio.jp/content/fair%20treatment,meaning_ja
fairly clear,かなりはっきりしている,"The instructions were fairly clear, making the task easy to follow.",指示はかなり明確で、作業は簡単に理解できた。,https://ejje.weblio.jp/content/fairly%20clear,404 Client Error: 404 for url: https://ejje.weblio.jp/content/fairly%20clear,meaning_ja
fairly common,かなり一般的,This type of software error is fairly common in older operating systems.,この種のソフトウェアエラーは、古いOSではかなり一般的である。,https://ejje.weblio.jp/content/fairly%20common,,meaning_ja
fairly obvious,かなり明白だ,The conclusion was fairly obvious once all the data had been presented.,全てのデータが提示された後では、結論はかなり明白だった。,https://ejje.weblio.jp/content/fairly%20obvious,404 Client Error: 404 for url: https://ejje.weblio.jp/content/fairly%20obvious,meaning_ja
fairly straightforward,かなり単純明快,The process for applying for the grant is fairly straightforward.,助成金の申請手続きはかなり単純明快である。,https://ejje.weblio.jp/content/fairly%20straightforward,404 Client Error: 404 for url: https://ejje.weblio.jp/content/fairly%20straightforward,meaning_ja
fall into the category of,次のカテゴリーに分類される,These new findings fall into the category of significant scientific breakthroughs.,これらの新しい発見は、重要な科学的ブレークスルーのカテゴリーに分類される。,https://ejje.weblio.jp/content/fall%20into%20the%20category%20of,404 Client Error: 404 for url: https://ejje.weblio.jp/content/fall%20into%20the%20category%20of,meaning_ja
far removed from,……とはかけ離れている,His theoretical ideas are far removed from practical application in industry.,彼の理論的なアイデアは、産業での実用とはかけ離れている。,https://ejje.weblio.jp/content/far%20removed%20from,404 Client Error: 404 for url: https://ejje.weblio.jp/content/far%20removed%20from,meaning_ja
federal agency,連邦機関,A federal agency is responsible for regulating public safety standards.,連邦機関が公共安全基準の規制を担当している。,https://ejje.weblio.jp/content/federal%20agency,,
federal government,連邦政府,The federal government announced new policies to stimulate economic growth.,連邦政府は経済成長を刺激するための新しい政策を発表した。,https://ejje.weblio.jp/content/federal%20government,,
federal state,連邦,The nation operates as a federal state with distinct regional governments.,その国は、明確な地域政府を持つ連邦国家として機能している。,https://ejje.weblio.jp/content/federal%20state,,
feminist movement,女性解放運動,The feminist movement has significantly influenced social and political reforms.,フェミニスト運動は、社会および政治改革に大きな影響を与えてきた。,https://ejje.weblio.jp/content/feminist%20movement,,
field research,現場研究; 野外研究,Conducting field research often provides valuable insights not found in labs.,現地調査を行うことで、実験室では得られない貴重な洞察が得られることが多い。,https://ejje.weblio.jp/content/field%20research,,
final analysis,最終的な分析,"In the final analysis, the project's success depended on teamwork.",最終的な分析では、プロジェクトの成功はチームワークにかかっていた。,https://ejje.weblio.jp/content/final%20analysis,,meaning_ja
final answer,最終回答,We need to review all calculations before providing a final answer.,最終的な答えを出す前に、すべての計算を確認する必要がある。,https://ejje.weblio.jp/content/final%20answer,,
final chapter,終章,The final chapter summarizes the main arguments and offers future directions.,最終章では、主要な議論を要約し、今後の方向性を示している。,https://ejje.weblio.jp/content/final%20chapter,,
final decision,最終判断,The board will make a final decision on the merger next week.,理事会は来週、合併に関する最終決定を下す。,https://ejje.weblio.jp/content/final%20decision,,
final outcome,最終的な結果,The final outcome of the negotiation remains uncertain at this point.,現時点では、交渉の最終的な結果は不透明である。,https://ejje.weblio.jp/content/final%20outcome,,meaning_ja
final phase,最終段階,We are now entering the final phase of the product development cycle.,私たちは現在、製品開発サイクルの最終段階に入っている。,https://ejje.weblio.jp/content/final%20phase,404 Client Error: 404 for url: https://ejje.weblio.jp/content/final%20phase,meaning_ja
final point,最終点,"As a final point, I want to emphasize the importance of collaboration.",最後に、協力の重要性を強調したい。,https://ejje.weblio.jp/content/final%20point,,
final position,最終位置,The team achieved its final position in the competitive market.,そのチームは競争の激しい市場で最終的な地位を確立した。,https://ejje.weblio.jp/content/final%20position,,
final product,最終産物,The final product exceeded customer expectations in terms of quality.,最終製品は品質において顧客の期待を上回った。,https://ejje.weblio.jp/content/final%20product,,
final result,最終結果,We are eagerly awaiting the final result of the clinical trials.,臨床試験の最終結果を心待ちにしている。,https://ejje.weblio.jp/content/final%20result,,
final section,最後のセクション,The final section of the report provides recommendations for policy changes.,報告書の最終セクションでは、政策変更に関する提言がなされている。,https://ejje.weblio.jp/content/final%20section,404 Client Error: 404 for url: https://ejje.weblio.jp/content/final%20section,meaning_ja
final stage,最終段階,"The project is in its final stage, with only minor adjustments remaining.",プロジェクトは最終段階にあり、残すはわずかな調整のみである。,https://ejje.weblio.jp/content/final%20stage,,
final step,最終段階、最終ステップ、最終段,The final step in the process is to submit the completed application form.,プロセスの最終段階は、完成した申請書を提出することである。,https://ejje.weblio.jp/content/final%20step,,
final version,確定版,Please submit the final version of your manuscript by Friday.,原稿の最終版を金曜日までに提出してください。,https://ejje.weblio.jp/content/final%20version,,
financial affairs,財務、財政、財務、財政,Managing financial affairs effectively is crucial for business sustainability.,財務を効果的に管理することは、事業の持続可能性にとって極めて重要である。,https://ejje.weblio.jp/content/financial%20affairs,,
financial assistance,金融援助; 経済的助成,Students from low-income families can apply for financial assistance.,低所得家庭の学生は、経済的援助を申請できる。,https://ejje.weblio.jp/content/financial%20assistance,,
financial institution,金融機関,A major financial institution announced a new investment strategy.,ある主要な金融機関が、新しい投資戦略を発表した。,https://ejje.weblio.jp/content/financial%20institution,,
financial management,財務,Good financial management is essential for long-term organizational stability.,優れた財務管理は、組織の長期的な安定に不可欠である。,https://ejje.weblio.jp/content/financial%20management,,
financial market,金融相場,The global financial market reacted sharply to the economic news.,世界の金融市場は、その経済ニュースに強く反応した。,https://ejje.weblio.jp/content/financial%20market,,
financial problem,財政問題、財政問題,Many startups face a financial problem in securing initial funding.,多くのスタートアップ企業は、初期資金の確保で財政問題に直面する。,https://ejje.weblio.jp/content/financial%20problem,,
financial resources,資力、財源、財源,The project requires significant financial resources to achieve its goals.,そのプロジェクトは目標達成のために、かなりの財源を必要とする。,https://ejje.weblio.jp/content/financial%20resources,,
financial support,経済支援、経済援助、財政支援、経済的支援,The research received substantial financial support from a government grant.,その研究は政府の助成金から多大な財政支援を受けた。,https://ejje.weblio.jp/content/financial%20support,,
find evidence,証拠を見つける,Researchers continue to find evidence supporting the theory of relativity.,研究者たちは相対性理論を裏付ける証拠を見つけ続けている。,https://ejje.weblio.jp/content/find%20evidence,404 Client Error: 404 for url: https://ejje.weblio.jp/content/find%20evidence,meaning_ja
find information,情報を探す,"It is easy to find information on the internet, but verification is key.",インターネットで情報を見つけるのは簡単だが、検証が重要である。,https://ejje.weblio.jp/content/find%20information,404 Client Error: 404 for url: https://ejje.weblio.jp/content/find%20information,meaning_ja
finite number,有限個; 有限数,"Resources on Earth are a finite number, requiring careful management.",地球上の資源は有限であり、慎重な管理が必要である。,https://ejje.weblio.jp/content/finite%20number,,
firmly established,確固たる地位を築いた,The company has firmly established itself as a leader in its industry.,その会社は、業界のリーダーとしての地位を確固たるものにしている。,https://ejje.weblio.jp/content/firmly%20established,404 Client Error: 404 for url: https://ejje.weblio.jp/content/firmly%20established,meaning_ja
first author,筆頭著者、ファースト‐オーサー,The first author is typically the person who contributed most to the paper.,筆頭著者は通常、論文に最も貢献した人物である。,https://ejje.weblio.jp/content/first%20author,,
first contact,第一接触,Our first contact with the client was very productive.,クライアントとの最初の接触は非常に生産的だった。,https://ejje.weblio.jp/content/first%20contact,,
first draft,初稿,The first draft of the proposal needs significant revisions.,提案書の初稿は大幅な修正が必要である。,https://ejje.weblio.jp/content/first%20draft,,
first encounter,初めての出会い,Her first encounter with the new technology was quite challenging.,彼女の新しい技術との初めての出会いは、かなり困難だった。,https://ejje.weblio.jp/content/first%20encounter,,meaning_ja
first generation,第一世代,The first generation of this product had some minor design flaws.,この製品の第一世代には、いくつかの小さな設計上の欠陥があった。,https://ejje.weblio.jp/content/first%20generation,,meaning_ja
first impression,第一印象; ファースト・インプレッション,A strong first impression is crucial in job interviews.,強い第一印象は、就職面接で非常に重要である。,https://ejje.weblio.jp/content/first%20impression,,
first phase,第一相、第一相の,The first phase of the project focuses on gathering initial requirements.,プロジェクトの第一段階は、初期要件の収集に焦点を当てている。,https://ejje.weblio.jp/content/first%20phase,,
first priority,先決、最優先事項、最優先(事項),Customer satisfaction is always our first priority.,顧客満足度は常に私たちの最優先事項である。,https://ejje.weblio.jp/content/first%20priority,,
flexible approach,柔軟路線,Adopting a flexible approach allows us to adapt to changing market conditions.,柔軟なアプローチを採用することで、変化する市場状況に適応できる。,https://ejje.weblio.jp/content/flexible%20approach,,
focal point,焦点、中心,The new urban park will serve as a focal point for community activities.,新しい都市公園は、地域活動の中心となるだろう。,https://ejje.weblio.jp/content/focal%20point,,
focus attention on,注目を向ける,The report aims to focus attention on the urgent need for environmental protection.,その報告書は、環境保護の緊急の必要性に注目を集めることを目的としている。,https://ejje.weblio.jp/content/focus%20attention%20on,404 Client Error: 404 for url: https://ejje.weblio.jp/content/focus%20attention%20on,meaning_ja
focus on an aspect,ある側面に焦点を当てる,This chapter will focus on an aspect of the theory not previously explored.,この章では、これまで探求されていなかった理論の一側面に焦点を当てる。,https://ejje.weblio.jp/content/focus%20on%20an%20aspect,404 Client Error: 404 for url: https://ejje.weblio.jp/content/focus%20on%20an%20aspect,meaning_ja
follow a format,所定の形式に従う,All submissions must follow a format specified in the author guidelines.,すべての提出物は、著者ガイドラインに指定された形式に従う必要がある。,https://ejje.weblio.jp/content/follow%20a%20format,404 Client Error: 404 for url: https://ejje.weblio.jp/content/follow%20a%20format,meaning_ja
follow a procedure,手順を踏む,It is important to follow a procedure carefully to ensure accurate results.,正確な結果を確実にするためには、手順を慎重に守ることが重要である。,https://ejje.weblio.jp/content/follow%20a%20procedure,,
follow instructions,指示に従って,Users must follow instructions precisely to operate the machinery safely.,ユーザーは機械を安全に操作するために、指示に正確に従う必要がある。,https://ejje.weblio.jp/content/follow%20instructions,,
following chapter,次章,The following chapter will elaborate on the methodology used in this study.,次の章では、本研究で使用された方法論について詳しく説明する。,https://ejje.weblio.jp/content/following%20chapter,,
foreign currency,外貨; 他国通貨,Global trade often involves transactions in various foreign currency denominations.,世界貿易では、様々な外貨建てでの取引が頻繁に行われる。,https://ejje.weblio.jp/content/foreign%20currency,,
foreign investment,在外投資; 外国投資; 海外投資,The government encourages foreign investment to boost economic development.,政府は経済発展を促進するために、海外からの投資を奨励している。,https://ejje.weblio.jp/content/foreign%20investment,,
foreign investor,外人投資家,The company is actively seeking a foreign investor to expand its operations.,その会社は事業拡大のため、積極的に外国人投資家を求めている。,https://ejje.weblio.jp/content/foreign%20investor,,
foreign policy,対外政策; 外交; 外交政策,The nation's foreign policy prioritizes diplomatic relations and trade agreements.,その国の外交政策は、外交関係と貿易協定を優先している。,https://ejje.weblio.jp/content/foreign%20policy,,
formal structure,形式構造,Most organizations have a formal structure that defines roles and responsibilities.,ほとんどの組織には、役割と責任を定義する正式な構造がある。,https://ejje.weblio.jp/content/formal%20structure,,
free access,出入り自由,The library offers free access to academic journals for all students.,その図書館は、すべての学生に学術雑誌への無料アクセスを提供している。,https://ejje.weblio.jp/content/free%20access,,
free movement,自由運動,The agreement guarantees free movement of goods and services across borders.,その協定は、国境を越えた物品とサービスの自由な移動を保証する。,https://ejje.weblio.jp/content/free%20movement,,
freely available,無料公開の,Many research papers are now freely available in open-access repositories.,多くの研究論文が、現在オープンアクセスリポジトリで自由に利用できる。,https://ejje.weblio.jp/content/freely%20available,,
frequently cited,頻繁に引用される,This seminal paper is frequently cited in the field of quantum physics.,この独創的な論文は、量子物理学の分野で頻繁に引用されている。,https://ejje.weblio.jp/content/frequently%20cited,404 Client Error: 404 for url: https://ejje.weblio.jp/content/frequently%20cited,meaning_ja
frequently found,よく見られる,This type of mineral is frequently found in volcanic regions.,この種の鉱物は、火山地域でよく見られる。,https://ejje.weblio.jp/content/frequently%20found,404 Client Error: 404 for url: https://ejje.weblio.jp/content/frequently%20found,meaning_ja
frequently referred to,よく言及される,The concept of sustainability is frequently referred to in environmental discussions.,持続可能性の概念は、環境に関する議論で頻繁に言及される。,https://ejje.weblio.jp/content/frequently%20referred%20to,404 Client Error: 404 for url: https://ejje.weblio.jp/content/frequently%20referred%20to,meaning_ja
frequently used,頻用の、繁用の,This software tool is frequently used by professionals for data visualization.,このソフトウェアツールは、データ視覚化のために専門家によって頻繁に使用される。,https://ejje.weblio.jp/content/frequently%20used,,
fulfil an obligation,義務を果たす,Companies must fulfil an obligation to protect consumer privacy.,企業は消費者のプライバシーを保護する義務を果たす必要がある。,https://ejje.weblio.jp/content/fulfil%20an%20obligation,404 Client Error: 404 for url: https://ejje.weblio.jp/content/fulfil%20an%20obligation,meaning_ja
full analysis,詳細な分析,A full analysis of the market trends will be presented next month.,市場トレンドの完全な分析は来月発表される予定だ。,https://ejje.weblio.jp/content/full%20analysis,404 Client Error: 404 for url: https://ejje.weblio.jp/content/full%20analysis,meaning_ja
full employment,完全雇用,Achieving full employment is a key goal for many national economies.,完全雇用を達成することは、多くの国民経済にとって主要な目標である。,https://ejje.weblio.jp/content/full%20employment,,
full information,全情報,Please provide full information regarding your qualifications and experience.,資格と経験に関する完全な情報を提供してください。,https://ejje.weblio.jp/content/full%20information,,
full participation,全員参加,We encourage full participation from all stakeholders in the decision-making process.,意思決定プロセスにおけるすべての利害関係者の全面的な参加を奨励する。,https://ejje.weblio.jp/content/full%20participation,,
full potential,最大限の可能性,Education helps individuals realize their full potential and contribute to society.,教育は個人が最大限の可能性を実現し、社会に貢献するのに役立つ。,https://ejje.weblio.jp/content/full%20potential,,meaning_ja
full range of,幅広いラインナップの,The university offers a full range of courses in various disciplines.,その大学は、様々な分野で幅広いコースを提供している。,https://ejje.weblio.jp/content/full%20range%20of,404 Client Error: 404 for url: https://ejje.weblio.jp/content/full%20range%20of,meaning_ja
fuller discussion,より詳しい議論,This topic requires a fuller discussion in a separate research paper.,このトピックについては、別の研究論文でより詳しい議論が必要である。,https://ejje.weblio.jp/content/fuller%20discussion,404 Client Error: 404 for url: https://ejje.weblio.jp/content/fuller%20discussion,meaning_ja
fully aware,承知の上,We are fully aware of the risks involved in this innovative project.,私たちはこの革新的なプロジェクトに伴うリスクを十分に承知している。,https://ejje.weblio.jp/content/fully%20aware,,
fully developed,円熟した、円熟した,"The theory is not yet fully developed, requiring further empirical testing.",その理論はまだ完全に発展しておらず、さらなる実証試験が必要である。,https://ejje.weblio.jp/content/fully%20developed,,
fully informed,十分な情報を得た上で,It is important for citizens to be fully informed about public policies.,市民が公共政策について十分な情報を得ていることが重要である。,https://ejje.weblio.jp/content/fully%20informed,404 Client Error: 404 for url: https://ejje.weblio.jp/content/fully%20informed,meaning_ja
fully integrated,完全に統合された,The new system is fully integrated with our existing software infrastructure.,新しいシステムは、当社の既存のソフトウェアインフラと完全に統合されている。,https://ejje.weblio.jp/content/fully%20integrated,,meaning_ja
fully realized,完全に実現された,The vision for a sustainable future has not yet been fully realized.,持続可能な未来というビジョンは、まだ完全に実現されていない。,https://ejje.weblio.jp/content/fully%20realized,404 Client Error: 404 for url: https://ejje.weblio.jp/content/fully%20realized,meaning_ja
fully understand,完全に理解する,It takes time to fully understand the complexities of global economics.,世界経済の複雑さを完全に理解するには時間がかかる。,https://ejje.weblio.jp/content/fully%20understand,,meaning_ja
functional requirement,機能要件 (英: functional requirement)とは、ソフトウェア工学とシステム工学の分野では、システムまたはそのコンポーネントに必要な機能や性能の定義のこと。,Defining clear functional requirements is vital for successful software development.,明確な機能要件を定義することは、成功するソフトウェア開発にとって不可欠である。,https://ejje.weblio.jp/content/functional%20requirement,,
fundamental aspect,基本面,Trust is a fundamental aspect of any successful professional relationship.,信頼は、成功するプロフェッショナルな関係の基本的な側面である。,https://ejje.weblio.jp/content/fundamental%20aspect,,
fundamental assumption,基本的な前提,The study challenges a fundamental assumption in modern economic theory.,その研究は、現代経済学の基本的な前提に異議を唱えている。,https://ejje.weblio.jp/content/fundamental%20assumption,404 Client Error: 404 for url: https://ejje.weblio.jp/content/fundamental%20assumption,meaning_ja
fundamental change,根本的な変化,The new policy will bring about a fundamental change in the industry.,新しい政策は、その業界に根本的な変化をもたらすだろう。,https://ejje.weblio.jp/content/fundamental%20change,404 Client Error: 404 for url: https://ejje.weblio.jp/content/fundamental%20change,meaning_ja
fundamental component,基本成分,Data privacy is a fundamental component of digital ethics today.,データプライバシーは、今日のデジタル倫理の基本的な要素である。,https://ejje.weblio.jp/content/fundamental%20component,,
fundamental difference,根本的相違,There is a fundamental difference in approach between the two research teams.,2つの研究チームのアプローチには根本的な違いがある。,https://ejje.weblio.jp/content/fundamental%20difference,,
fundamental importance,極めて重要な,Education holds fundamental importance for individual growth and societal progress.,教育は、個人の成長と社会の進歩にとって極めて重要である。,https://ejje.weblio.jp/content/fundamental%20importance,404 Client Error: 404 for url: https://ejje.weblio.jp/content/fundamental%20importance,meaning_ja
fundamental principle,基本原則、基本理念,Respect for human rights is a fundamental principle of international law.,人権尊重は、国際法の基本原則である。,https://ejje.weblio.jp/content/fundamental%20principle,,
fundamental problem,基礎的問題; 根本問題,The lack of resources is a fundamental problem in many developing countries.,資源の不足は、多くの発展途上国における根本的な問題である。,https://ejje.weblio.jp/content/fundamental%20problem,,
fundamental question,根本的疑問,The research addresses a fundamental question about the nature of consciousness.,その研究は、意識の本質に関する根本的な問いに取り組んでいる。,https://ejje.weblio.jp/content/fundamental%20question,,
fundamentally different,根本的に異なる,The two theories are fundamentally different in their core assumptions.,その2つの理論は、その核心的な仮定において根本的に異なる。,https://ejje.weblio.jp/content/fundamentally%20different,404 Client Error: 404 for url: https://ejje.weblio.jp/content/fundamentally%20different,meaning_ja
further analysis,詳細解析,Further analysis of the data revealed unexpected correlations.,データのさらなる分析により、予期せぬ相関関係が明らかになった。,https://ejje.weblio.jp/content/further%20analysis,,
further consideration,追加考察,The proposal requires further consideration before a decision can be made.,その提案は、決定が下される前にさらなる検討が必要である。,https://ejje.weblio.jp/content/further%20consideration,,
further development,更なる発展,The prototype shows promise for further development into a commercial product.,そのプロトタイプは、商業製品へのさらなる発展の可能性を示している。,https://ejje.weblio.jp/content/further%20development,,
further divided into,さらに次のように分類される,The main section is further divided into several sub-sections for clarity.,主なセクションは、明確にするためにさらにいくつかのサブセクションに分かれている。,https://ejje.weblio.jp/content/further%20divided%20into,404 Client Error: 404 for url: https://ejje.weblio.jp/content/further%20divided%20into,meaning_ja
further evidence,再証拠; 追加証拠; 追証,We need to gather further evidence to support our claims.,私たちの主張を裏付けるために、さらなる証拠を集める必要がある。,https://ejje.weblio.jp/content/further%20evidence,,
further explanation,詳しい説明,The complex topic requires a further explanation to be fully understood.,その複雑なトピックは、完全に理解されるためにさらなる説明を必要とする。,https://ejje.weblio.jp/content/further%20explanation,404 Client Error: 404 for url: https://ejje.weblio.jp/content/further%20explanation,meaning_ja
further information,後報、後報、〈その上の詳細〉・詳しい事,Please refer to the appendix for further information on the methodology.,方法論に関する詳細情報は付録を参照してください。,https://ejje.weblio.jp/content/further%20information,,
further investigation,継続調査,The preliminary findings warrant further investigation into the underlying causes.,予備的な知見は、根本原因に関するさらなる調査を正当化する。,https://ejje.weblio.jp/content/further%20investigation,,
further research,いっそうの研究,Further research is needed to fully understand the long-term effects of the new policy.,その新政策の長期的な影響を完全に理解するには、さらなる研究が必要です。,https://ejje.weblio.jp/content/further%20research,,
further study,追試験; 研究続報,The preliminary results suggest a need for further study in this specific area.,予備的な結果は、この特定の分野におけるさらなる調査の必要性を示唆しています。,https://ejje.weblio.jp/content/further%20study,,
future development,今後の展開,The team is focused on the future development of sustainable energy solutions.,チームは持続可能なエネルギーソリューションの今後の開発に注力しています。,https://ejje.weblio.jp/content/future%20development,,
future prospects,将来の展望、今後の展望,"Considering the current trends, the company's future prospects appear promising.",現在の傾向を考慮すると、その会社の将来の展望は有望に見えます。,https://ejje.weblio.jp/content/future%20prospects,,
future research,未来学,This groundbreaking discovery opens new avenues for future research in physics.,この画期的な発見は、物理学における今後の研究に新たな道を開きます。,https://ejje.weblio.jp/content/future%20research,,
future study,今後の研究,The findings from this pilot project will inform our future study designs.,このパイロットプロジェクトからの知見は、私たちの今後の研究設計に役立つでしょう。,https://ejje.weblio.jp/content/future%20study,404 Client Error: 404 for url: https://ejje.weblio.jp/content/future%20study,meaning_ja
gain access to,…に接近[立ち入り、面会]する,Researchers attempted to gain access to historical archives for their project.,研究者たちは、プロジェクトのために歴史的記録へのアクセスを得ようとしました。,https://ejje.weblio.jp/content/gain%20access%20to,,
gain information,情報を入手する,It is crucial to gain information from reliable sources before making decisions.,意思決定を行う前に、信頼できる情報源から情報を得ることが重要です。,https://ejje.weblio.jp/content/gain%20information,404 Client Error: 404 for url: https://ejje.weblio.jp/content/gain%20information,meaning_ja
gain insight into,..... ～は … に洞察が得られる,The survey helped us gain insight into consumer behavior patterns.,その調査は、消費者の行動パターンに関する洞察を得るのに役立ちました。,https://ejje.weblio.jp/content/gain%20insight%20into,,
gather data,資料を取り集める、取材する,Scientists are working to gather data on climate change impacts globally.,科学者たちは、気候変動の影響に関するデータを世界的に収集しています。,https://ejje.weblio.jp/content/gather%20data,,
gather information,情報を集める,"Before starting the report, it is essential to gather information thoroughly.",レポートを始める前に、情報を徹底的に集めることが不可欠です。,https://ejje.weblio.jp/content/gather%20information,,
gender equality,男女共同参画,Promoting gender equality is vital for a fair and progressive society.,男女平等を推進することは、公正で進歩的な社会にとって不可欠です。,https://ejje.weblio.jp/content/gender%20equality,,
gender stereotype,ジェンダーの固定観念,Education plays a key role in challenging and overcoming gender stereotypes.,教育は、ジェンダーの固定観念に異議を唱え、克服する上で重要な役割を果たします。,https://ejje.weblio.jp/content/gender%20stereotype,404 Client Error: 404 for url: https://ejje.weblio.jp/content/gender%20stereotype,meaning_ja
general agreement,一般協定,There was a general agreement among the participants on the proposed strategy.,参加者の間では、提案された戦略について概ね合意が得られました。,https://ejje.weblio.jp/content/general%20agreement,,
general approach,一般的なアプローチ,The committee decided on a general approach to address the complex issue.,委員会は、その複雑な問題に対処するための一般的なアプローチを決定しました。,https://ejje.weblio.jp/content/general%20approach,404 Client Error: 404 for url: https://ejje.weblio.jp/content/general%20approach,meaning_ja
general argument,一般的な議論,His general argument focused on the economic benefits of the new policy.,彼の一般的な議論は、新政策の経済的利益に焦点を当てていました。,https://ejje.weblio.jp/content/general%20argument,404 Client Error: 404 for url: https://ejje.weblio.jp/content/general%20argument,meaning_ja
general aspect,一般面,We discussed the general aspect of the project before diving into details.,詳細に入る前に、プロジェクトの一般的な側面について話し合いました。,https://ejje.weblio.jp/content/general%20aspect,,
general category,一般カテゴリ,These diverse items fall under the general category of office supplies.,これらの多様な品目は、事務用品という一般的なカテゴリに分類されます。,https://ejje.weblio.jp/content/general%20category,404 Client Error: 404 for url: https://ejje.weblio.jp/content/general%20category,meaning_ja
general conclusion,総括,The report presented a general conclusion based on extensive data analysis.,その報告書は、広範なデータ分析に基づいて一般的な結論を提示しました。,https://ejje.weblio.jp/content/general%20conclusion,404 Client Error: 404 for url: https://ejje.weblio.jp/content/general%20conclusion,meaning_ja
general consensus,国民の[一般的]合意,There is a general consensus that urgent action is needed on climate change.,気候変動に対する緊急の行動が必要であるという一般的な合意があります。,https://ejje.weblio.jp/content/general%20consensus,,
general definition,一般的な定義,"For clarity, we started with a general definition of the key terms.",明確にするために、主要な用語の一般的な定義から始めました。,https://ejje.weblio.jp/content/general%20definition,404 Client Error: 404 for url: https://ejje.weblio.jp/content/general%20definition,meaning_ja
general feature,一般的特徴,A general feature of this software is its user-friendly interface.,このソフトウェアの一般的な特徴は、そのユーザーフレンドリーなインターフェースです。,https://ejje.weblio.jp/content/general%20feature,,
general formula,通式、一般式,The scientist derived a general formula to describe the phenomenon.,その科学者は、その現象を記述するための一般式を導き出しました。,https://ejje.weblio.jp/content/general%20formula,,
general overview,総まくり、総捲り,The presentation began with a general overview of the company's performance.,プレゼンテーションは、会社の業績に関する全体的な概要から始まりました。,https://ejje.weblio.jp/content/general%20overview,,
general principle,原則; 一般原則,The research adheres to the general principle of ethical conduct.,その研究は、倫理的行動という一般原則に従っています。,https://ejje.weblio.jp/content/general%20principle,,
general statement,一般的言明; 概説; 一般的立言,The CEO made a general statement about the company's future direction.,CEOは、会社の将来の方向性について一般的な声明を発表しました。,https://ejje.weblio.jp/content/general%20statement,,
general tendency,大勢、大勢,There is a general tendency for populations to migrate towards urban areas.,人口は都市部へ移動する一般的な傾向があります。,https://ejje.weblio.jp/content/general%20tendency,,
general theory,汎論; 一般論,Einstein's general theory of relativity revolutionized physics.,アインシュタインの一般相対性理論は物理学に革命をもたらしました。,https://ejje.weblio.jp/content/general%20theory,,
general trend,大勢,The report highlights a general trend towards increased online shopping.,この報告書は、オンラインショッピングの増加という一般的な傾向を強調しています。,https://ejje.weblio.jp/content/general%20trend,,
generally accepted,一般的に認められている,It is generally accepted that exercise is beneficial for health.,運動が健康に良いということは一般的に受け入れられています。,https://ejje.weblio.jp/content/generally%20accepted,404 Client Error: 404 for url: https://ejje.weblio.jp/content/generally%20accepted,meaning_ja
generally agree,概ね同意する,Most experts generally agree on the importance of early intervention.,ほとんどの専門家は、早期介入の重要性について概ね同意しています。,https://ejje.weblio.jp/content/generally%20agree,404 Client Error: 404 for url: https://ejje.weblio.jp/content/generally%20agree,meaning_ja
generally assumed,一般的に考えられている,It is generally assumed that the project will be completed on time.,そのプロジェクトは期限内に完了すると一般的に想定されています。,https://ejje.weblio.jp/content/generally%20assumed,404 Client Error: 404 for url: https://ejje.weblio.jp/content/generally%20assumed,meaning_ja
generally considered,一般的に考えられている,This method is generally considered effective for data analysis.,この方法はデータ分析に効果的であると一般的に考えられています。,https://ejje.weblio.jp/content/generally%20considered,404 Client Error: 404 for url: https://ejje.weblio.jp/content/generally%20considered,meaning_ja
generally found,一般的に見られる,Errors are generally found during the final review process.,エラーは通常、最終レビュープロセス中に見つかります。,https://ejje.weblio.jp/content/generally%20found,404 Client Error: 404 for url: https://ejje.weblio.jp/content/generally%20found,meaning_ja
"generally known as, by",一般に～として知られている、～によって,The city is generally known as a hub for technological innovation.,その都市は、技術革新の中心地として一般的に知られています。,https://ejje.weblio.jp/content/generally%20known%20as%2C%20by,404 Client Error: 404 for url: https://ejje.weblio.jp/content/generally%20known%20as%2C%20by,meaning_ja
genetic variation,遺伝的変異,Genetic variation is essential for the adaptation and survival of species.,遺伝的変異は、種の適応と生存に不可欠です。,https://ejje.weblio.jp/content/genetic%20variation,,
geographical area,地球の区分された地域,The study focused on the ecological impact within a specific geographical area.,その研究は、特定の地理的地域内の生態学的影響に焦点を当てました。,https://ejje.weblio.jp/content/geographical%20area,,
geographical distribution,地理的分布,We analyzed the geographical distribution of the rare plant species.,私たちはその希少植物種の地理的分布を分析しました。,https://ejje.weblio.jp/content/geographical%20distribution,,
geographical location,地理的位置,The geographical location of the factory offers significant logistical advantages.,工場の地理的位置は、重要な物流上の利点を提供します。,https://ejje.weblio.jp/content/geographical%20location,,meaning_ja
get involved with/in,～に関与する／～に参加する,Many students choose to get involved in volunteer activities during their studies.,多くの学生は、学業中にボランティア活動に参加することを選びます。,https://ejje.weblio.jp/content/get%20involved%20with/in,404 Client Error: 404 for url: https://ejje.weblio.jp/content/get%20involved%20with/in,meaning_ja
give access to,…に接近できる,The new system will give access to real-time data for all employees.,新しいシステムは、すべての従業員にリアルタイムデータへのアクセスを提供します。,https://ejje.weblio.jp/content/give%20access%20to,,
give consent,同意する,Patients must give consent before any medical procedure is performed.,患者は、いかなる医療処置が行われる前にも同意を与える必要があります。,https://ejje.weblio.jp/content/give%20consent,404 Client Error: 404 for url: https://ejje.weblio.jp/content/give%20consent,meaning_ja
give consideration,配慮する,We need to give careful consideration to all possible solutions.,私たちは、すべての可能な解決策に慎重な検討を加える必要があります。,https://ejje.weblio.jp/content/give%20consideration,404 Client Error: 404 for url: https://ejje.weblio.jp/content/give%20consideration,meaning_ja
give emphasis,強調する,The report aims to give emphasis to the importance of sustainable practices.,この報告書は、持続可能な実践の重要性を強調することを目的としています。,https://ejje.weblio.jp/content/give%20emphasis,404 Client Error: 404 for url: https://ejje.weblio.jp/content/give%20emphasis,meaning_ja
give evidence,証言する、証を立てる、証をたてる、証しを立てる、あかしを立てる、あかしを立てる、証言する、証拠をあげる,The witness was asked to give evidence in court regarding the incident.,証人は、その事件に関して法廷で証言するよう求められました。,https://ejje.weblio.jp/content/give%20evidence,,
give feedback,フィードバックを送る,Please give feedback on the draft proposal by Friday afternoon.,金曜日の午後までに、提案書の草案についてフィードバックをお願いします。,https://ejje.weblio.jp/content/give%20feedback,,meaning_ja
give priority to,～を優先する、･･･に優先権を与える,The government decided to give priority to public health initiatives.,政府は公衆衛生の取り組みを優先することを決定しました。,https://ejje.weblio.jp/content/give%20priority%20to,,
give guidance,教え諭す、教えさとす,Mentors are available to give guidance to new employees on their projects.,メンターは、新入社員のプロジェクトにガイダンスを提供するために利用可能です。,https://ejje.weblio.jp/content/give%20guidance,,
give information,情報を提供する,The website aims to give information about local community events.,そのウェブサイトは、地域のコミュニティイベントに関する情報を提供することを目的としています。,https://ejje.weblio.jp/content/give%20information,404 Client Error: 404 for url: https://ejje.weblio.jp/content/give%20information,meaning_ja
give insight into,..... ～は … に洞察を加えている,The study will give insight into the complex dynamics of the market.,その研究は、市場の複雑な力学に関する洞察を与えるでしょう。,https://ejje.weblio.jp/content/give%20insight%20into,,
give a presentation,プレゼンテーションをする,She will give a presentation on her research findings tomorrow morning.,彼女は明日の朝、自身の研究成果についてプレゼンテーションを行います。,https://ejje.weblio.jp/content/give%20a%20presentation,,
give an explanation,説明をしてください,The professor was asked to give an explanation of the difficult concept.,教授は、その難しい概念について説明するよう求められました。,https://ejje.weblio.jp/content/give%20an%20explanation,404 Client Error: 404 for url: https://ejje.weblio.jp/content/give%20an%20explanation,meaning_ja
give an indication of,…の目安を示す,These early results give an indication of the potential success of the project.,これらの初期の結果は、プロジェクトの潜在的な成功の目安を示しています。,https://ejje.weblio.jp/content/give%20an%20indication%20of,404 Client Error: 404 for url: https://ejje.weblio.jp/content/give%20an%20indication%20of,meaning_ja
give an overview of,…の大要を説明する,The speaker will give an overview of the current economic situation.,講演者は、現在の経済状況の概要を説明します。,https://ejje.weblio.jp/content/give%20an%20overview%20of,,
give somebody an impression,誰かに印象を与える,The candidate's confidence gave the interview panel a positive impression.,候補者の自信は、面接官に好印象を与えました。,https://ejje.weblio.jp/content/give%20somebody%20an%20impression,404 Client Error: 404 for url: https://ejje.weblio.jp/content/give%20somebody%20an%20impression,meaning_ja
give somebody treatment,誰かに治療を施す,Doctors often give patients treatment plans tailored to their specific needs.,医師はしばしば、患者の特定のニーズに合わせた治療計画を施します。,https://ejje.weblio.jp/content/give%20somebody%20treatment,404 Client Error: 404 for url: https://ejje.weblio.jp/content/give%20somebody%20treatment,meaning_ja
given information,旧情報,"Based on the given information, we can make an informed decision.",与えられた情報に基づいて、私たちは十分な情報に基づいた決定を下すことができます。,https://ejje.weblio.jp/content/given%20information,,
given period,所定の期間,The data was collected over a given period to observe trends.,データは傾向を観察するために、ある所定の期間にわたって収集されました。,https://ejje.weblio.jp/content/given%20period,404 Client Error: 404 for url: https://ejje.weblio.jp/content/given%20period,meaning_ja
global capitalism,グローバル・キャピタリズム,The rise of global capitalism has significantly reshaped international trade.,グローバル資本主義の台頭は、国際貿易を大きく再形成しました。,https://ejje.weblio.jp/content/global%20capitalism,404 Client Error: 404 for url: https://ejje.weblio.jp/content/global%20capitalism,meaning_ja
global context,世界的状況,We must analyze local issues within a broader global context.,私たちは、より広範な世界的状況の中で地域の問題を分析しなければなりません。,https://ejje.weblio.jp/content/global%20context,,
global culture,グローバル文化,Digital media contributes to the spread and evolution of global culture.,デジタルメディアは、グローバル文化の普及と進化に貢献しています。,https://ejje.weblio.jp/content/global%20culture,404 Client Error: 404 for url: https://ejje.weblio.jp/content/global%20culture,meaning_ja
global economy,世界経済,Fluctuations in oil prices can have a major impact on the global economy.,原油価格の変動は、世界経済に大きな影響を与える可能性があります。,https://ejje.weblio.jp/content/global%20economy,404 Client Error: 404 for url: https://ejje.weblio.jp/content/global%20economy,meaning_ja
global issue,地球規模問題,Climate change is a pressing global issue requiring international cooperation.,気候変動は、国際的な協力が必要な喫緊の地球規模問題です。,https://ejje.weblio.jp/content/global%20issue,,
global market,グローバルマーケット、世界市場、グローバル‐マーケット,The company aims to expand its presence in the global market.,その会社は世界市場での存在感を拡大することを目指しています。,https://ejje.weblio.jp/content/global%20market,,
global marketplace,グローバル市場,Innovation is key to staying competitive in the global marketplace.,グローバル市場で競争力を維持するには、イノベーションが鍵となります。,https://ejje.weblio.jp/content/global%20marketplace,,meaning_ja;translated_sentence
global media,世界のメディア,Global media plays a significant role in shaping public opinion worldwide.,世界のメディアは、世界中の世論形成に重要な役割を果たしています。,https://ejje.weblio.jp/content/global%20media,404 Client Error: 404 for url: https://ejje.weblio.jp/content/global%20media,meaning_ja
global network,グローバルネットワーク,The internet has created a vast global network for communication and commerce.,インターネットは、通信と商業のための広大なグローバルネットワークを構築しました。,https://ejje.weblio.jp/content/global%20network,,meaning_ja
global perspective,地球的展望; 世界的展望; 地球視野,It is important to approach problems with a global perspective.,問題に地球的視点を持って取り組むことが重要です。,https://ejje.weblio.jp/content/global%20perspective,,
global shift,世界的な変化,We are witnessing a global shift towards renewable energy sources.,私たちは再生可能エネルギー源への世界的な移行を目の当たりにしています。,https://ejje.weblio.jp/content/global%20shift,404 Client Error: 404 for url: https://ejje.weblio.jp/content/global%20shift,meaning_ja
global structure,大域構造; 球構造,Understanding the global structure of supply chains is crucial for business.,サプライチェーンの全体構造を理解することは、ビジネスにとって極めて重要です。,https://ejje.weblio.jp/content/global%20structure,,
global trade,世界貿易,Disruptions in global trade can affect economies worldwide.,世界貿易の混乱は、世界中の経済に影響を与える可能性があります。,https://ejje.weblio.jp/content/global%20trade,404 Client Error: 404 for url: https://ejje.weblio.jp/content/global%20trade,meaning_ja
global village,地球村,"Thanks to technology, the world has become a global village.",テクノロジーのおかげで、世界は地球村になりました。,https://ejje.weblio.jp/content/global%20village,,
government control,国家管理,Some industries operate under strict government control for public safety.,一部の産業は、公共の安全のために厳格な政府の管理下で運営されています。,https://ejje.weblio.jp/content/government%20control,,
government department,行政府の部門,The new policy was introduced by a key government department.,その新政策は、主要な政府部門によって導入されました。,https://ejje.weblio.jp/content/government%20department,,
government expenditure,政府支出,Increased government expenditure can stimulate economic growth.,政府支出の増加は、経済成長を刺激する可能性があります。,https://ejje.weblio.jp/content/government%20expenditure,,
government intervention,行政介入,There is ongoing debate about the extent of government intervention in markets.,市場への政府介入の程度については、継続的な議論があります。,https://ejje.weblio.jp/content/government%20intervention,,
government policy,政府政策,The new government policy aims to reduce carbon emissions significantly.,新しい政府政策は、炭素排出量を大幅に削減することを目指しています。,https://ejje.weblio.jp/content/government%20policy,,
graphical representation,グラフ表示; 図形表現,The report used a graphical representation to illustrate complex data.,その報告書は、複雑なデータを説明するためにグラフ表示を使用しました。,https://ejje.weblio.jp/content/graphical%20representation,,
great accuracy,高い精度,The new instrument measures temperature with great accuracy.,新しい機器は、非常に高い精度で温度を測定します。,https://ejje.weblio.jp/content/great%20accuracy,404 Client Error: 404 for url: https://ejje.weblio.jp/content/great%20accuracy,meaning_ja
great diversity,千変万化、千姿万態,The forest boasts a great diversity of plant and animal species.,その森は、植物と動物の種の大きな多様性を誇っています。,https://ejje.weblio.jp/content/great%20diversity,,
great impact,大迫力,The invention of the internet had a great impact on society.,インターネットの発明は、社会に大きな影響を与えました。,https://ejje.weblio.jp/content/great%20impact,,
great majority,大多数、大多数,The great majority of students passed the challenging exam.,学生の大多数が、その難しい試験に合格しました。,https://ejje.weblio.jp/content/great%20majority,,
great potential,大きな可能性,This innovative technology shows great potential for future applications.,この革新的な技術は、将来の応用において大きな可能性を示しています。,https://ejje.weblio.jp/content/great%20potential,404 Client Error: 404 for url: https://ejje.weblio.jp/content/great%20potential,meaning_ja
great proportion of,かなりの割合の,A great proportion of the budget was allocated to research and development.,予算のかなりの部分が研究開発に割り当てられました。,https://ejje.weblio.jp/content/great%20proportion%20of,404 Client Error: 404 for url: https://ejje.weblio.jp/content/great%20proportion%20of,meaning_ja
great range of,幅広いラインナップの,The university offers a great range of courses in various disciplines.,その大学は、様々な分野で幅広いコースを提供しています。,https://ejje.weblio.jp/content/great%20range%20of,404 Client Error: 404 for url: https://ejje.weblio.jp/content/great%20range%20of,meaning_ja
great significance,極めて重要な意味,This discovery holds great significance for medical science.,この発見は、医学において極めて重要な意味を持っています。,https://ejje.weblio.jp/content/great%20significance,404 Client Error: 404 for url: https://ejje.weblio.jp/content/great%20significance,meaning_ja
greater autonomy,より大きな自律性,The new structure grants employees greater autonomy in decision-making.,新しい組織構造は、意思決定において従業員により大きな自律性を与えます。,https://ejje.weblio.jp/content/greater%20autonomy,404 Client Error: 404 for url: https://ejje.weblio.jp/content/greater%20autonomy,meaning_ja
greater awareness,意識の高まり,There is a growing need for greater awareness about mental health.,メンタルヘルスに関するより高い意識の必要性が高まっています。,https://ejje.weblio.jp/content/greater%20awareness,404 Client Error: 404 for url: https://ejje.weblio.jp/content/greater%20awareness,meaning_ja
greater emphasis,より一層の重視,The curriculum places greater emphasis on critical thinking skills.,カリキュラムは、批判的思考スキルにより重点を置いています。,https://ejje.weblio.jp/content/greater%20emphasis,404 Client Error: 404 for url: https://ejje.weblio.jp/content/greater%20emphasis,meaning_ja
greater equality,より一層の平等,Policies are being developed to achieve greater equality in the workplace.,職場でのより大きな平等を達成するための政策が開発されています。,https://ejje.weblio.jp/content/greater%20equality,404 Client Error: 404 for url: https://ejje.weblio.jp/content/greater%20equality,meaning_ja
greater flexibility,より高い柔軟性,Remote work options offer employees greater flexibility in their schedules.,リモートワークの選択肢は、従業員にスケジュールにおけるより高い柔軟性を提供します。,https://ejje.weblio.jp/content/greater%20flexibility,404 Client Error: 404 for url: https://ejje.weblio.jp/content/greater%20flexibility,meaning_ja
greater likelihood,より高い可能性,"Regular exercise increases the greater likelihood of a longer, healthier life.",定期的な運動は、より長く健康的な生活を送る可能性を高めます。,https://ejje.weblio.jp/content/greater%20likelihood,404 Client Error: 404 for url: https://ejje.weblio.jp/content/greater%20likelihood,meaning_ja
greatly enhance,大幅に強化する,New software features will greatly enhance user experience and productivity.,新しいソフトウェア機能は、ユーザーエクスペリエンスと生産性を大幅に向上させるでしょう。,https://ejje.weblio.jp/content/greatly%20enhance,404 Client Error: 404 for url: https://ejje.weblio.jp/content/greatly%20enhance,meaning_ja
greatly increase,大幅に増加する,Technological advancements could greatly increase agricultural yields.,技術の進歩は、農業の収穫量を大幅に増加させる可能性があります。,https://ejje.weblio.jp/content/greatly%20increase,404 Client Error: 404 for url: https://ejje.weblio.jp/content/greatly%20increase,meaning_ja
greatly influenced by,～から大きな影響を受けた,His artistic style was greatly influenced by Impressionist painters.,彼の芸術スタイルは、印象派の画家たちから大きな影響を受けました。,https://ejje.weblio.jp/content/greatly%20influenced%20by,404 Client Error: 404 for url: https://ejje.weblio.jp/content/greatly%20influenced%20by,meaning_ja
greatly reduced,大幅に減少した,The new process has greatly reduced production costs and waste.,新しいプロセスにより、生産コストと廃棄物が大幅に削減されました。,https://ejje.weblio.jp/content/greatly%20reduced,404 Client Error: 404 for url: https://ejje.weblio.jp/content/greatly%20reduced,meaning_ja
grow rapidly,急速に成長する,The e-commerce sector continues to grow rapidly worldwide.,Eコマース部門は世界中で急速に成長し続けています。,https://ejje.weblio.jp/content/grow%20rapidly,404 Client Error: 404 for url: https://ejje.weblio.jp/content/grow%20rapidly,meaning_ja
growing awareness,意識が高まる,There is a growing awareness of environmental protection among consumers.,消費者の間で環境保護への意識が高まっています。,https://ejje.weblio.jp/content/growing%20awareness,,
growing trend,成長傾向,The shift to remote work represents a growing trend in modern employment.,リモートワークへの移行は、現代の雇用における成長傾向を示しています。,https://ejje.weblio.jp/content/growing%20trend,,
guiding principle,指針,Ethical conduct serves as the guiding principle for all our operations.,倫理的行動は、私たちのすべての業務の指針となっています。,https://ejje.weblio.jp/content/guiding%20principle,,
hardly surprising,驚くことではない,"Given the intense competition, their success was hardly surprising.",激しい競争を考えると、彼らの成功は驚くことではありませんでした。,https://ejje.weblio.jp/content/hardly%20surprising,404 Client Error: 404 for url: https://ejje.weblio.jp/content/hardly%20surprising,meaning_ja
have access to,･･･が利用できる,Employees have access to a wide range of online training resources.,従業員は、幅広いオンライン研修リソースを利用できます。,https://ejje.weblio.jp/content/have%20access%20to,,
have consequences,結果をもたらす,Every decision we make can have consequences for the future.,私たちが行うすべての決定は、将来に結果をもたらす可能性があります。,https://ejje.weblio.jp/content/have%20consequences,404 Client Error: 404 for url: https://ejje.weblio.jp/content/have%20consequences,meaning_ja
have limitations,限界がある,"All models, no matter how complex, have limitations in their applicability.",どんなに複雑なモデルであっても、その適用性には限界があります。,https://ejje.weblio.jp/content/have%20limitations,,
have potential,素質がある,The young researcher's innovative idea clearly has potential for further development.,その若い研究者の革新的なアイデアは、さらなる発展の可能性を明確に持っています。,https://ejje.weblio.jp/content/have%20potential,,
have a strategy,戦略を立てる,"To achieve ambitious goals, it's crucial to have a strategy in place.",野心的な目標を達成するためには、戦略を立てることが極めて重要です。,https://ejje.weblio.jp/content/have%20a%20strategy,404 Client Error: 404 for url: https://ejje.weblio.jp/content/have%20a%20strategy,meaning_ja
have a tendency to,易い、…の[…する]傾きがある、傾向がある,Younger generations tend to have a tendency to adopt new technologies faster.,若い世代は、新しいテクノロジーをより速く採用する傾向があります。,https://ejje.weblio.jp/content/have%20a%20tendency%20to,,
have an obligation,義務を負う,Companies have an obligation to protect the privacy of their customers.,企業は、顧客のプライバシーを保護する義務を負っています。,https://ejje.weblio.jp/content/have%20an%20obligation,404 Client Error: 404 for url: https://ejje.weblio.jp/content/have%20an%20obligation,meaning_ja
heated debate,激論、劇論、激しい議論,The proposed policy sparked a heated debate among politicians and the public.,その提案された政策は、政治家と国民の間で激論を巻き起こしました。,https://ejje.weblio.jp/content/heated%20debate,,
heavily influenced by,～の影響を強く受けている,The local cuisine is heavily influenced by various cultural traditions.,その地域の料理は、様々な文化的伝統に強く影響を受けています。,https://ejje.weblio.jp/content/heavily%20influenced%20by,404 Client Error: 404 for url: https://ejje.weblio.jp/content/heavily%20influenced%20by,meaning_ja
hierarchical structure,階層構成; 階層構造,Many traditional organizations operate with a clear hierarchical structure.,多くの伝統的な組織は、明確な階層構造で運営されています。,https://ejje.weblio.jp/content/hierarchical%20structure,,
high concentration,高濃度,A high concentration of pollutants was detected in the river water.,河川水から高濃度の汚染物質が検出されました。,https://ejje.weblio.jp/content/high%20concentration,,
high correlation,高い相関,The study found a high correlation between education levels and income.,その研究は、教育水準と収入の間に高い相関関係があることを発見しました。,https://ejje.weblio.jp/content/high%20correlation,,meaning_ja
high expectations,大きな期待,The new product launch comes with high expectations from investors.,新製品の発売は、投資家から大きな期待を寄せられています。,https://ejje.weblio.jp/content/high%20expectations,404 Client Error: 404 for url: https://ejje.weblio.jp/content/high%20expectations,meaning_ja
high incidence,高頻度,There is a high incidence of seasonal allergies in this region.,この地域では季節性アレルギーの発生率が高いです。,https://ejje.weblio.jp/content/high%20incidence,,
high intensity,高強度の,The athletes train with high intensity to prepare for the competition.,選手たちは、大会に備えて高強度でトレーニングを行います。,https://ejje.weblio.jp/content/high%20intensity,,
high level,上級の、上層部による、首脳レベルの、高官の,The report requires a high level of detail and accuracy.,その報告書には、高水準の細部と正確さが求められます。,https://ejje.weblio.jp/content/high%20level,,
high order,高階; 高次,Solving this problem requires high-order thinking and complex analysis.,この問題を解決するには、高次の思考と複雑な分析が必要です。,https://ejje.weblio.jp/content/high%20order,,
high percentage,高率,A high percentage of survey respondents expressed satisfaction.,調査回答者の高い割合が満足度を表明しました。,https://ejje.weblio.jp/content/high%20percentage,,
high priority,優先度が高い,Ensuring data security is a high priority for the company.,データセキュリティの確保は、会社にとって高い優先事項です。,https://ejje.weblio.jp/content/high%20priority,,
high probability,高い確率,"There is a high probability of rain tomorrow, according to the forecast.",天気予報によると、明日は雨が降る確率が高いです。,https://ejje.weblio.jp/content/high%20probability,,
high profile,明確な態度,The new CEO has maintained a high profile since taking office.,新しいCEOは、就任以来、明確な態度を維持しています。,https://ejje.weblio.jp/content/high%20profile,,
high proportion of,高い割合の,A high proportion of the population now lives in urban areas.,現在、人口の大部分が都市部に住んでいます。,https://ejje.weblio.jp/content/high%20proportion%20of,404 Client Error: 404 for url: https://ejje.weblio.jp/content/high%20proportion%20of,meaning_ja
high quality,ハイクオリティー、上等な,The company is known for producing high quality electronic devices.,その会社は、高品質の電子機器を生産することで知られています。,https://ejje.weblio.jp/content/high%20quality,,
high rate,割合が高い,The city has a high rate of economic growth and job creation.,その都市は、高い経済成長率と雇用創出率を誇っています。,https://ejje.weblio.jp/content/high%20rate,,
high score,成績優秀,"She achieved a high score on the standardized test, demonstrating her knowledge.",彼女は標準化されたテストで高得点を獲得し、その知識を示しました。,https://ejje.weblio.jp/content/high%20score,,
high standard,高い水準,We maintain a high standard of customer service at all times.,私たちは常に高水準の顧客サービスを維持しています。,https://ejje.weblio.jp/content/high%20standard,,meaning_ja
high status,高い地位,The position offers high status and significant responsibilities.,その役職は、高い地位と重要な責任を提供します。,https://ejje.weblio.jp/content/high%20status,,meaning_ja
high turnover,高代謝回転型の、高代謝回転の,The restaurant experienced high turnover of staff due to demanding work.,そのレストランは、要求の厳しい仕事のため、スタッフの離職率が高かったです。,https://ejje.weblio.jp/content/high%20turnover,,
high unemployment,高い失業率,The region is struggling with high unemployment rates after the factory closure.,その地域は、工場閉鎖後、高い失業率に苦しんでいます。,https://ejje.weblio.jp/content/high%20unemployment,404 Client Error: 404 for url: https://ejje.weblio.jp/content/high%20unemployment,meaning_ja
high value,高値,The antique vase was assessed to have a remarkably high value.,そのアンティークの花瓶は、驚くほど高い価値があると評価されました。,https://ejje.weblio.jp/content/high%20value,,
high/er frequency,高周波化,The new communication system operates at a higher frequency for faster data transfer.,新しい通信システムは、より速いデータ転送のために高周波で動作します。,https://ejje.weblio.jp/content/high/er%20frequency,,
higher degree of,より高い程度の,The advanced course requires a higher degree of analytical skill.,その上級コースは、より高度な分析スキルを要求します。,https://ejje.weblio.jp/content/higher%20degree%20of,404 Client Error: 404 for url: https://ejje.weblio.jp/content/higher%20degree%20of,meaning_ja
higher education,高等教育; 高度教育; 高学歴,Access to higher education is crucial for social mobility and development.,高等教育へのアクセスは、社会の流動性と発展にとって不可欠です。,https://ejje.weblio.jp/content/higher%20education,,
highly charged,高荷電の；多価の,The topic of climate change remains highly charged in political discussions.,気候変動の話題は、政治的な議論において依然として非常に感情的です。,https://ejje.weblio.jp/content/highly%20charged,,
highly competitive,ハイスペック、高スペック,"The tech industry is a highly competitive sector, demanding constant innovation.",テクノロジー業界は、絶え間ない革新を要求する非常に競争の激しい分野です。,https://ejje.weblio.jp/content/highly%20competitive,,
highly complex,非常に複雑な,The human brain is a highly complex organ with billions of neurons.,人間の脳は、何十億ものニューロンを持つ非常に複雑な器官です。,https://ejje.weblio.jp/content/highly%20complex,,
highly controversial,非常に物議を醸している,The proposed urban development project became highly controversial among residents.,提案された都市開発プロジェクトは、住民の間で非常に物議を醸しました。,https://ejje.weblio.jp/content/highly%20controversial,404 Client Error: 404 for url: https://ejje.weblio.jp/content/highly%20controversial,meaning_ja
highly correlated with,と強い相関関係がある,Economic growth is often highly correlated with investment in infrastructure.,経済成長は、インフラへの投資と高い相関関係があることがよくあります。,https://ejje.weblio.jp/content/highly%20correlated%20with,404 Client Error: 404 for url: https://ejje.weblio.jp/content/highly%20correlated%20with,meaning_ja
highly critical,極めて批判的,The review was highly critical of the film's plot and acting.,その批評は、映画の筋書きと演技に極めて批判的でした。,https://ejje.weblio.jp/content/highly%20critical,404 Client Error: 404 for url: https://ejje.weblio.jp/content/highly%20critical,meaning_ja
highly dependent,非常に依存している,Many developing countries are highly dependent on agricultural exports.,多くの発展途上国は、農業輸出に非常に依存しています。,https://ejje.weblio.jp/content/highly%20dependent,404 Client Error: 404 for url: https://ejje.weblio.jp/content/highly%20dependent,meaning_ja
highly desirable,非常に望ましい,Strong communication skills are highly desirable in any professional role.,強力なコミュニケーション能力は、どんな専門職においても非常に望ましいものです。,https://ejje.weblio.jp/content/highly%20desirable,404 Client Error: 404 for url: https://ejje.weblio.jp/content/highly%20desirable,meaning_ja
highly developed,よく発達した、高度に発達した,This region has a highly developed infrastructure supporting various industries.,この地域は、多様な産業を支える高度に発達したインフラを持っています。,https://ejje.weblio.jp/content/highly%20developed,,
highly educated,高学歴の,A highly educated workforce is essential for a knowledge-based economy.,高度に教育された労働力は、知識経済にとって不可欠です。,https://ejje.weblio.jp/content/highly%20educated,,
highly effective,効果の高い、高効率的な,The new vaccine proved to be highly effective in preventing the disease.,新しいワクチンは、その病気の予防に非常に効果的であることが証明されました。,https://ejje.weblio.jp/content/highly%20effective,,
highly efficient,高効率化,"The redesigned engine is highly efficient, reducing fuel consumption.",再設計されたエンジンは高効率で、燃料消費量を削減します。,https://ejje.weblio.jp/content/highly%20efficient,,
highly influential,極めて影響力のある,She is a highly influential figure in the field of environmental policy.,彼女は環境政策の分野で極めて影響力のある人物です。,https://ejje.weblio.jp/content/highly%20influential,404 Client Error: 404 for url: https://ejje.weblio.jp/content/highly%20influential,meaning_ja
highly likely,極めて可能性が高い,It is highly likely that the project will be approved next month.,そのプロジェクトは来月承認される可能性が非常に高いです。,https://ejje.weblio.jp/content/highly%20likely,,meaning_ja
highly problematic,極めて問題がある,The lack of data makes the conclusion of the study highly problematic.,データの不足は、その研究の結論を極めて問題のあるものにしています。,https://ejje.weblio.jp/content/highly%20problematic,404 Client Error: 404 for url: https://ejje.weblio.jp/content/highly%20problematic,meaning_ja
highly relevant,非常に関連性が高い,The findings of this study are highly relevant to current public health policies.,この研究の結果は、現在の公衆衛生政策に非常に関連性が高いです。,https://ejje.weblio.jp/content/highly%20relevant,404 Client Error: 404 for url: https://ejje.weblio.jp/content/highly%20relevant,meaning_ja
highly selective,高選択性の、高選択的な,The admission process for top universities is highly selective.,一流大学の入学選考プロセスは非常に選択的です。,https://ejje.weblio.jp/content/highly%20selective,,
highly sensitive,高感度な,This new sensor is highly sensitive to subtle environmental changes.,この新しいセンサーは、わずかな環境変化にも高感度です。,https://ejje.weblio.jp/content/highly%20sensitive,,
highly significant,極めて有意,The experimental results showed a highly significant difference between the two groups.,その実験結果は、2つのグループ間に極めて有意な差を示しました。,https://ejje.weblio.jp/content/highly%20significant,404 Client Error: 404 for url: https://ejje.weblio.jp/content/highly%20significant,meaning_ja
highly skilled,高い技術力,The company recruits highly skilled professionals from around the world.,その会社は世界中から高い技術力を持つ専門家を採用しています。,https://ejje.weblio.jp/content/highly%20skilled,,
highly sophisticated,高度先進の,"Modern technology has become highly sophisticated, offering complex solutions.",現代の技術は高度に洗練され、複雑な解決策を提供しています。,https://ejje.weblio.jp/content/highly%20sophisticated,,
highly structured,高度に構造化された,The training program is highly structured to ensure consistent learning outcomes.,この研修プログラムは、一貫した学習成果を保証するために高度に構造化されています。,https://ejje.weblio.jp/content/highly%20structured,404 Client Error: 404 for url: https://ejje.weblio.jp/content/highly%20structured,meaning_ja
highly successful,大成功を収めた,"The project was highly successful, exceeding all initial expectations.",そのプロジェクトは大成功を収め、当初の期待をすべて上回りました。,https://ejje.weblio.jp/content/highly%20successful,404 Client Error: 404 for url: https://ejje.weblio.jp/content/highly%20successful,meaning_ja
highly unlikely,極めてあり得ない,It is highly unlikely that the proposal will be approved without revisions.,その提案が修正なしで承認される可能性は極めて低いでしょう。,https://ejje.weblio.jp/content/highly%20unlikely,,meaning_ja
highly valued,高く評価されている,Experience in this field is highly valued by many employers.,この分野での経験は、多くの雇用主から高く評価されています。,https://ejje.weblio.jp/content/highly%20valued,,meaning_ja
highly variable,ばらつきが大きい,"The climate in this region is highly variable, with unpredictable weather patterns.",この地域の気候は非常に変動が大きく、予測不能な天候パターンがあります。,https://ejje.weblio.jp/content/highly%20variable,404 Client Error: 404 for url: https://ejje.weblio.jp/content/highly%20variable,meaning_ja
historical account,歴史的記述,The book provides a detailed historical account of the period.,その本は、その時代の詳細な歴史的記述を提供しています。,https://ejje.weblio.jp/content/historical%20account,404 Client Error: 404 for url: https://ejje.weblio.jp/content/historical%20account,meaning_ja
historical analysis,史的分析,Her research involved a thorough historical analysis of economic trends.,彼女の研究は、経済動向の徹底的な史的分析を含んでいました。,https://ejje.weblio.jp/content/historical%20analysis,,
historical background,時代背景,Understanding the historical background is crucial for interpreting the text.,時代背景を理解することは、その文章を解釈するために不可欠です。,https://ejje.weblio.jp/content/historical%20background,,
historical change,歴史的変化,The document reflects a period of significant historical change.,その文書は、重要な歴史的変化の時代を反映しています。,https://ejje.weblio.jp/content/historical%20change,,
historical circumstances,歴史的状況,Decisions made then were influenced by the unique historical circumstances.,その時下された決定は、特有の歴史的状況に影響されていました。,https://ejje.weblio.jp/content/historical%20circumstances,404 Client Error: 404 for url: https://ejje.weblio.jp/content/historical%20circumstances,meaning_ja
historical context,歴史的背景,It is important to consider the historical context when studying ancient cultures.,古代文化を研究する際には、歴史的背景を考慮することが重要です。,https://ejje.weblio.jp/content/historical%20context,,
historical data,履歴データ,We used historical data to predict future market trends.,私たちは将来の市場動向を予測するために履歴データを使用しました。,https://ejje.weblio.jp/content/historical%20data,,
historical development,発達史,The book traces the historical development of modern science.,その本は、現代科学の発達史をたどっています。,https://ejje.weblio.jp/content/historical%20development,,
historical event,歴史の出来事,The discovery of the new continent was a major historical event.,新大陸の発見は、主要な歴史的出来事でした。,https://ejje.weblio.jp/content/historical%20event,,
historical evidence,史実,There is strong historical evidence to support this theory.,この説を裏付ける強力な史実があります。,https://ejje.weblio.jp/content/historical%20evidence,,
historical factors,歴史的要因,Understanding historical factors is key to analyzing social phenomena.,歴史的要因を理解することは、社会現象を分析する鍵となります。,https://ejje.weblio.jp/content/historical%20factors,404 Client Error: 404 for url: https://ejje.weblio.jp/content/historical%20factors,meaning_ja
historical interpretation,歴史的解釈,Different scholars offer varying historical interpretations of the revolution.,異なる学者は、革命について様々な歴史的解釈を提示しています。,https://ejje.weblio.jp/content/historical%20interpretation,404 Client Error: 404 for url: https://ejje.weblio.jp/content/historical%20interpretation,meaning_ja
historical knowledge,歴史的知識,A good understanding of historical knowledge is essential for critical thinking.,歴史的知識をよく理解することは、批判的思考に不可欠です。,https://ejje.weblio.jp/content/historical%20knowledge,404 Client Error: 404 for url: https://ejje.weblio.jp/content/historical%20knowledge,meaning_ja
historical period,歴史時代,This artifact dates back to an ancient historical period.,この遺物は、古代の歴史時代にまでさかのぼります。,https://ejje.weblio.jp/content/historical%20period,,
historical perspective,歴史観；歴史的視点,We need to examine the issue from a broader historical perspective.,私たちは、より広い歴史的視点からその問題を検討する必要があります。,https://ejje.weblio.jp/content/historical%20perspective,,
historical reality,歴史的現実,The novel blends fiction with historical reality to create a compelling narrative.,その小説は、フィクションと歴史的現実を融合させ、魅力的な物語を生み出しています。,https://ejje.weblio.jp/content/historical%20reality,404 Client Error: 404 for url: https://ejje.weblio.jp/content/historical%20reality,meaning_ja
historical record,沿革史,The events are well documented in the historical record.,その出来事は、沿革史にしっかりと記録されています。,https://ejje.weblio.jp/content/historical%20record,,
historical roots,歴史的ルーツ,The custom has deep historical roots in the local culture.,その習慣は、地域の文化に深い歴史的ルーツを持っています。,https://ejje.weblio.jp/content/historical%20roots,404 Client Error: 404 for url: https://ejje.weblio.jp/content/historical%20roots,meaning_ja
historical study,史的研究,The professor published a comprehensive historical study on the topic.,教授は、そのテーマに関する包括的な史的研究を発表しました。,https://ejje.weblio.jp/content/historical%20study,,
historical writing,史筆,This work is an excellent example of modern historical writing.,この作品は、現代の史筆の優れた例です。,https://ejje.weblio.jp/content/historical%20writing,,
historically specific,歴史的に特有な,The phenomenon is historically specific to that particular era.,その現象は、特定の時代に歴史的に特有なものです。,https://ejje.weblio.jp/content/historically%20specific,404 Client Error: 404 for url: https://ejje.weblio.jp/content/historically%20specific,meaning_ja
hold a conference,会議を開催する,Our department will hold a conference next month to discuss research findings.,私たちの部署は来月、研究結果を議論するために会議を開催します。,https://ejje.weblio.jp/content/hold%20a%20conference,,
holistic approach,包括的なアプローチ,We adopted a holistic approach to address the complex problem.,私たちは、その複雑な問題に対処するために包括的なアプローチを採用しました。,https://ejje.weblio.jp/content/holistic%20approach,,meaning_ja
homogeneous group,同質集団,The study focused on a homogeneous group to minimize external variables.,その研究は、外部変数を最小限に抑えるため、同質集団に焦点を当てました。,https://ejje.weblio.jp/content/homogeneous%20group,404 Client Error: 404 for url: https://ejje.weblio.jp/content/homogeneous%20group,meaning_ja
huge amount of,膨大な量の,The project required a huge amount of data to be processed.,そのプロジェクトでは、膨大な量のデータを処理する必要がありました。,https://ejje.weblio.jp/content/huge%20amount%20of,,meaning_ja
human activity,人間活動,Human activity has a significant impact on the global environment.,人間活動は地球環境に大きな影響を与えます。,https://ejje.weblio.jp/content/human%20activity,,
human behaviour,「ヒューマン・ビヘイヴィアー」(Human Behaviour)は、アイスランド出身のミュージシャン、ビョークが1993年にリリースしたシングル。,Understanding human behaviour is crucial for effective social policies.,人間の行動を理解することは、効果的な社会政策のために不可欠です。,https://ejje.weblio.jp/content/human%20behaviour,,
human interaction,人間相互作用,Social media has transformed the nature of human interaction.,ソーシャルメディアは人間相互作用の性質を変えました。,https://ejje.weblio.jp/content/human%20interaction,,
human society,人類社会,Technology has profoundly shaped the development of human society.,テクノロジーは人類社会の発展を深く形作ってきました。,https://ejje.weblio.jp/content/human%20society,,
human species,人類,The survival of the human species depends on environmental sustainability.,人類の生存は環境の持続可能性にかかっています。,https://ejje.weblio.jp/content/human%20species,,
ideally suited,まさにうってつけ,This candidate is ideally suited for the leadership position.,この候補者は、リーダーシップの地位にまさにうってつけです。,https://ejje.weblio.jp/content/ideally%20suited,404 Client Error: 404 for url: https://ejje.weblio.jp/content/ideally%20suited,meaning_ja
identify factors,要因を特定する,Researchers aim to identify factors contributing to climate change.,研究者たちは気候変動に寄与する要因を特定することを目指しています。,https://ejje.weblio.jp/content/identify%20factors,404 Client Error: 404 for url: https://ejje.weblio.jp/content/identify%20factors,meaning_ja
identify features,特徴を特定する,We need to identify features that distinguish this product from competitors.,この製品を競合他社から区別する特徴を特定する必要があります。,https://ejje.weblio.jp/content/identify%20features,404 Client Error: 404 for url: https://ejje.weblio.jp/content/identify%20features,meaning_ja
identify a problem,問題を特定する,The first step in problem-solving is to identify a problem clearly.,問題解決の第一歩は、問題を明確に特定することです。,https://ejje.weblio.jp/content/identify%20a%20problem,404 Client Error: 404 for url: https://ejje.weblio.jp/content/identify%20a%20problem,meaning_ja
identify a way,方法を特定する,We must identify a way to reduce production costs efficiently.,生産コストを効率的に削減する方法を特定しなければなりません。,https://ejje.weblio.jp/content/identify%20a%20way,404 Client Error: 404 for url: https://ejje.weblio.jp/content/identify%20a%20way,meaning_ja
identify an area,対象地域を特定する,The team needs to identify an area for potential expansion.,チームは、潜在的な拡大のための対象地域を特定する必要があります。,https://ejje.weblio.jp/content/identify%20an%20area,404 Client Error: 404 for url: https://ejje.weblio.jp/content/identify%20an%20area,meaning_ja
identify an issue,問題を特定する,It's important to identify an issue before it escalates.,問題がエスカレートする前に特定することが重要です。,https://ejje.weblio.jp/content/identify%20an%20issue,404 Client Error: 404 for url: https://ejje.weblio.jp/content/identify%20an%20issue,meaning_ja
immediate environment,周辺環境,Our immediate environment significantly influences our daily well-being.,私たちの周辺環境は、日々の幸福に大きく影響します。,https://ejje.weblio.jp/content/immediate%20environment,404 Client Error: 404 for url: https://ejje.weblio.jp/content/immediate%20environment,meaning_ja
immediately apparent,一目でわかる,The solution was not immediately apparent to everyone.,その解決策は、誰にとっても一目でわかるものではありませんでした。,https://ejje.weblio.jp/content/immediately%20apparent,404 Client Error: 404 for url: https://ejje.weblio.jp/content/immediately%20apparent,meaning_ja
immediately following,直後,Measures were implemented immediately following the incident.,その出来事の直後に措置が実施されました。,https://ejje.weblio.jp/content/immediately%20following,,
immediately obvious,一目瞭然,The benefits of the new system were immediately obvious.,新しいシステムの利点は一目瞭然でした。,https://ejje.weblio.jp/content/immediately%20obvious,404 Client Error: 404 for url: https://ejje.weblio.jp/content/immediately%20obvious,meaning_ja
immediately preceding,直前の,The events immediately preceding the war are still debated.,戦争直前の出来事は未だに議論されています。,https://ejje.weblio.jp/content/immediately%20preceding,404 Client Error: 404 for url: https://ejje.weblio.jp/content/immediately%20preceding,meaning_ja
imported goods,唐物、インポート、舶来品、輸入品、外貨、輸入品、輸入品,Many countries rely on imported goods to meet consumer demand.,多くの国が、消費者の需要を満たすために輸入品に頼っています。,https://ejje.weblio.jp/content/imported%20goods,,
imported products,輸入品,The company focuses on selling high-quality imported products.,その会社は高品質な輸入品の販売に注力しています。,https://ejje.weblio.jp/content/imported%20products,404 Client Error: 404 for url: https://ejje.weblio.jp/content/imported%20products,meaning_ja
impose constraints,制約を課す,New regulations will impose constraints on industrial emissions.,新しい規制は、産業排出物に制約を課すでしょう。,https://ejje.weblio.jp/content/impose%20constraints,404 Client Error: 404 for url: https://ejje.weblio.jp/content/impose%20constraints,meaning_ja
impose limitations,制限を設ける,The government had to impose limitations on public gatherings.,政府は公共の集会に制限を設けなければなりませんでした。,https://ejje.weblio.jp/content/impose%20limitations,404 Client Error: 404 for url: https://ejje.weblio.jp/content/impose%20limitations,meaning_ja
impose restrictions,制限を設ける,Security concerns led the authorities to impose restrictions on travel.,安全保障上の懸念から、当局は旅行に制限を設けました。,https://ejje.weblio.jp/content/impose%20restrictions,404 Client Error: 404 for url: https://ejje.weblio.jp/content/impose%20restrictions,meaning_ja
improved performance,改善性能,The software update resulted in significantly improved performance.,ソフトウェアのアップデートにより、性能が大幅に改善されました。,https://ejje.weblio.jp/content/improved%20performance,,
increase awareness,意識が高まる；認識を深める,Campaigns aim to increase awareness of environmental issues among citizens.,キャンペーンは、市民の環境問題への意識を高めることを目的としています。,https://ejje.weblio.jp/content/increase%20awareness,,
increase dramatically,劇的に増加する,Demand for renewable energy is expected to increase dramatically.,再生可能エネルギーの需要は劇的に増加すると予想されています。,https://ejje.weblio.jp/content/increase%20dramatically,404 Client Error: 404 for url: https://ejje.weblio.jp/content/increase%20dramatically,meaning_ja
increase likelihood,可能性を高める,Early detection can increase the likelihood of successful treatment.,早期発見は、治療の成功の可能性を高めることができます。,https://ejje.weblio.jp/content/increase%20likelihood,404 Client Error: 404 for url: https://ejje.weblio.jp/content/increase%20likelihood,meaning_ja
increased awareness,意識の高まり,There is increased awareness of mental health issues in society.,社会において、メンタルヘルス問題への意識が高まっています。,https://ejje.weblio.jp/content/increased%20awareness,404 Client Error: 404 for url: https://ejje.weblio.jp/content/increased%20awareness,meaning_ja
increased competition,競争の激化,Globalization has led to increased competition in various industries.,グローバル化は、様々な産業で競争の激化をもたらしました。,https://ejje.weblio.jp/content/increased%20competition,404 Client Error: 404 for url: https://ejje.weblio.jp/content/increased%20competition,meaning_ja
increased demand,需要増,The new product launch created an increased demand in the market.,新製品の発売は、市場での需要増を生み出しました。,https://ejje.weblio.jp/content/increased%20demand,,
increased importance,重要性の高まり,Digital literacy has gained increased importance in the modern workplace.,現代の職場では、デジタルリテラシーの重要性が高まっています。,https://ejje.weblio.jp/content/increased%20importance,404 Client Error: 404 for url: https://ejje.weblio.jp/content/increased%20importance,meaning_ja
increased interest,関心の高まり,There has been an increased interest in sustainable living practices.,持続可能な生活習慣への関心が高まっています。,https://ejje.weblio.jp/content/increased%20interest,404 Client Error: 404 for url: https://ejje.weblio.jp/content/increased%20interest,meaning_ja
increased level,上昇した水準,We observed an increased level of contaminants in the water supply.,水源における汚染物質の上昇した水準を観測しました。,https://ejje.weblio.jp/content/increased%20level,404 Client Error: 404 for url: https://ejje.weblio.jp/content/increased%20level,meaning_ja
increased number,増加した数,An increased number of students are choosing to study abroad.,留学を選択する学生の数が増加しています。,https://ejje.weblio.jp/content/increased%20number,404 Client Error: 404 for url: https://ejje.weblio.jp/content/increased%20number,meaning_ja
increased pressure,圧上昇,Companies are facing increased pressure to adopt ethical practices.,企業は倫理的な慣行を採用するよう圧力が上昇しています。,https://ejje.weblio.jp/content/increased%20pressure,,
increased production,増産; 産生増強,The factory implemented new methods for increased production efficiency.,その工場は、増産効率のために新しい方法を導入しました。,https://ejje.weblio.jp/content/increased%20production,,
increased productivity,生産性の向上,Flexible work arrangements can lead to increased productivity.,柔軟な勤務体制は生産性の向上につながる可能性があります。,https://ejje.weblio.jp/content/increased%20productivity,404 Client Error: 404 for url: https://ejje.weblio.jp/content/increased%20productivity,meaning_ja
increased risk,増加リスク,Lack of sleep is associated with an increased risk of health problems.,睡眠不足は、健康問題の増加リスクと関連しています。,https://ejje.weblio.jp/content/increased%20risk,,
increasing awareness,意識の高まり,There is an increasing awareness of the importance of mental well-being.,精神的な幸福の重要性に対する意識が高まっています。,https://ejje.weblio.jp/content/increasing%20awareness,404 Client Error: 404 for url: https://ejje.weblio.jp/content/increasing%20awareness,meaning_ja
increasing complexity,複雑化,The increasing complexity of global challenges requires innovative solutions.,地球規模の課題の複雑化には、革新的な解決策が必要です。,https://ejje.weblio.jp/content/increasing%20complexity,404 Client Error: 404 for url: https://ejje.weblio.jp/content/increasing%20complexity,meaning_ja
increasing demand,需要増加,We are struggling to meet the increasing demand for our products.,当社の製品に対する需要増加に対応するのに苦労しています。,https://ejje.weblio.jp/content/increasing%20demand,,
increasing emphasis,ますます重視される,There is an increasing emphasis on interdisciplinary research in academia.,学術界では、学際的な研究に対する重視が高まっています。,https://ejje.weblio.jp/content/increasing%20emphasis,404 Client Error: 404 for url: https://ejje.weblio.jp/content/increasing%20emphasis,meaning_ja
increasing importance,重要性の高まり,Cybersecurity has gained increasing importance in the digital age.,サイバーセキュリティは、デジタル時代において重要性が高まっています。,https://ejje.weblio.jp/content/increasing%20importance,404 Client Error: 404 for url: https://ejje.weblio.jp/content/increasing%20importance,meaning_ja
increasing interest,関心の高まり,There is an increasing interest in renewable energy sources worldwide.,世界中で再生可能エネルギー源への関心が高まっています。,https://ejje.weblio.jp/content/increasing%20interest,404 Client Error: 404 for url: https://ejje.weblio.jp/content/increasing%20interest,meaning_ja
increasing pressure,高まる圧力,Businesses face increasing pressure to adopt sustainable practices.,企業は持続可能な慣行を採用するよう、高まる圧力に直面しています。,https://ejje.weblio.jp/content/increasing%20pressure,404 Client Error: 404 for url: https://ejje.weblio.jp/content/increasing%20pressure,meaning_ja
increasing proportion of,～の割合が増加している,An increasing proportion of the population lives in urban areas.,人口の割合が増加し、都市部に住んでいます。,https://ejje.weblio.jp/content/increasing%20proportion%20of,404 Client Error: 404 for url: https://ejje.weblio.jp/content/increasing%20proportion%20of,meaning_ja
increasing tendency,加傾向,There is an increasing tendency for people to work remotely.,人々が遠隔で働く傾向が増加しています。,https://ejje.weblio.jp/content/increasing%20tendency,,
increasing trend,増勢,The data shows an increasing trend in online shopping.,データはオンラインショッピングの増勢を示しています。,https://ejje.weblio.jp/content/increasing%20trend,,
increasingly aware,ますます気づく,Consumers are becoming increasingly aware of ethical sourcing.,消費者は倫理的な調達についてますます気づくようになっています。,https://ejje.weblio.jp/content/increasingly%20aware,404 Client Error: 404 for url: https://ejje.weblio.jp/content/increasingly%20aware,meaning_ja
increasingly common,ますます一般的になっている,Remote work is becoming increasingly common in many industries.,リモートワークは多くの産業でますます一般的になっています。,https://ejje.weblio.jp/content/increasingly%20common,404 Client Error: 404 for url: https://ejje.weblio.jp/content/increasingly%20common,meaning_ja
increasingly complex,ますます複雑化している,Global supply chains are becoming increasingly complex.,グローバルサプライチェーンはますます複雑化しています。,https://ejje.weblio.jp/content/increasingly%20complex,404 Client Error: 404 for url: https://ejje.weblio.jp/content/increasingly%20complex,meaning_ja
increasingly difficult,ますます難しくなっている,Finding affordable housing in cities is becoming increasingly difficult.,都市で手頃な住宅を見つけることはますます難しくなっています。,https://ejje.weblio.jp/content/increasingly%20difficult,404 Client Error: 404 for url: https://ejje.weblio.jp/content/increasingly%20difficult,meaning_ja
increasingly important,ますます重要になっている,Digital skills are becoming increasingly important for career advancement.,デジタルスキルはキャリアアップのためにますます重要になっています。,https://ejje.weblio.jp/content/increasingly%20important,404 Client Error: 404 for url: https://ejje.weblio.jp/content/increasingly%20important,meaning_ja
increasingly popular,ますます人気が高まっている,Online learning platforms have become increasingly popular worldwide.,オンライン学習プラットフォームは世界中でますます人気が高まっています。,https://ejje.weblio.jp/content/increasingly%20popular,404 Client Error: 404 for url: https://ejje.weblio.jp/content/increasingly%20popular,meaning_ja
increasingly sophisticated,ますます高度化している,Cybersecurity threats are becoming increasingly sophisticated and harder to detect.,サイバーセキュリティの脅威はますます高度化し、検出が困難になっています。,https://ejje.weblio.jp/content/increasingly%20sophisticated,404 Client Error: 404 for url: https://ejje.weblio.jp/content/increasingly%20sophisticated,meaning_ja
independent state,独立国,The former colony became an independent state after a long struggle.,その旧植民地は長い闘いの後、独立国となりました。,https://ejje.weblio.jp/content/independent%20state,,
independent variable,独立変数,"In this experiment, temperature is the independent variable.",この実験では、温度が独立変数です。,https://ejje.weblio.jp/content/independent%20variable,,
indigenous people,先住民; 先住民族,The rights of indigenous people must be protected and respected.,先住民族の権利は保護され、尊重されなければなりません。,https://ejje.weblio.jp/content/indigenous%20people,,
indigenous population,nativeや人種の同義語(異表記),Efforts are being made to preserve the culture of the indigenous population.,先住民の文化を保存するための努力がなされています。,https://ejje.weblio.jp/content/indigenous%20population,,
individual behaviour,個人の行動,Social norms often influence individual behaviour in a community.,社会規範は、コミュニティにおける個人の行動にしばしば影響を与えます。,https://ejje.weblio.jp/content/individual%20behaviour,404 Client Error: 404 for url: https://ejje.weblio.jp/content/individual%20behaviour,meaning_ja
individual case,個別の事例,Each individual case requires careful consideration and analysis.,各個別の事例は、慎重な検討と分析が必要です。,https://ejje.weblio.jp/content/individual%20case,404 Client Error: 404 for url: https://ejje.weblio.jp/content/individual%20case,meaning_ja
individual characteristics,個体の特性,The study examined how individual characteristics affect learning outcomes.,その研究は、個体の特性が学習成果にどのように影響するかを調査しました。,https://ejje.weblio.jp/content/individual%20characteristics,,
individual choice,個人の選択,Personal freedom allows for a wide range of individual choice.,個人の自由は、幅広い個人の選択を可能にします。,https://ejje.weblio.jp/content/individual%20choice,,meaning_ja
individual component,個々の構成要素,We need to analyze each individual component of the system.,システムの個々の構成要素をそれぞれ分析する必要があります。,https://ejje.weblio.jp/content/individual%20component,404 Client Error: 404 for url: https://ejje.weblio.jp/content/individual%20component,meaning_ja
individual differences,個体差、個人差,Recognizing individual differences is important for inclusive education.,個人差を認識することは、インクルーシブ教育にとって重要です。,https://ejje.weblio.jp/content/individual%20differences,,
individual element,個々の要素,The entire structure is built from many individual elements.,全体構造は多くの個々の要素から構築されています。,https://ejje.weblio.jp/content/individual%20element,404 Client Error: 404 for url: https://ejje.weblio.jp/content/individual%20element,meaning_ja
individual experience,個人的な体験,Each person's individual experience shapes their worldview.,各個人の体験が彼らの世界観を形作ります。,https://ejje.weblio.jp/content/individual%20experience,404 Client Error: 404 for url: https://ejje.weblio.jp/content/individual%20experience,meaning_ja
individual interests,個人の関心事,The program aims to cater to diverse individual interests.,そのプログラムは、多様な個人の関心事に応えることを目指しています。,https://ejje.weblio.jp/content/individual%20interests,404 Client Error: 404 for url: https://ejje.weblio.jp/content/individual%20interests,meaning_ja
individual item,オプション、単品,Customers can choose to purchase each individual item or a complete set.,お客様は、各単品の商品を購入するか、完全なセットを購入するかを選択できます。,https://ejje.weblio.jp/content/individual%20item,,
individual needs,個人のニーズ,The program is designed to cater to the individual needs of each student.,このプログラムは、各生徒の個別のニーズに応えるように設計されています。,https://ejje.weblio.jp/content/individual%20needs,404 Client Error: 404 for url: https://ejje.weblio.jp/content/individual%20needs,meaning_ja
individual response,個別反応,We observed a unique individual response from each participant in the study.,研究において、各参加者から個別の独特な反応が観察されました。,https://ejje.weblio.jp/content/individual%20response,,
individual responsibility,個人責任,Emphasizing individual responsibility is crucial for ethical decision-making in any organization.,どの組織においても、倫理的な意思決定には個人責任を強調することが重要です。,https://ejje.weblio.jp/content/individual%20responsibility,,
individual rights,個人の権利,Protecting individual rights is a fundamental principle of a democratic society.,個人の権利を保護することは、民主主義社会の基本的な原則です。,https://ejje.weblio.jp/content/individual%20rights,404 Client Error: 404 for url: https://ejje.weblio.jp/content/individual%20rights,meaning_ja
individual variable,固体変数,"In this experiment, each participant's age was treated as an individual variable.",この実験では、各参加者の年齢が個体変数として扱われました。,https://ejje.weblio.jp/content/individual%20variable,,
individual variation,個体変異,There is often significant individual variation in drug metabolism among patients.,患者間では、薬物代謝にしばしば顕著な個体変異が見られます。,https://ejje.weblio.jp/content/individual%20variation,,
industrial capitalism,産業資本主義、工業資本主義,The rise of industrial capitalism transformed societies and economies profoundly.,産業資本主義の台頭は、社会と経済を大きく変革しました。,https://ejje.weblio.jp/content/industrial%20capitalism,,
industrial country,工業国,Many industrial countries are transitioning to service-based economies.,多くの工業国がサービス経済へと移行しつつあります。,https://ejje.weblio.jp/content/industrial%20country,,
industrial development,産業育成,Governments often promote industrial development to create jobs and boost the economy.,政府は雇用創出と経済活性化のため、しばしば産業育成を推進します。,https://ejje.weblio.jp/content/industrial%20development,,
industrial production,工業的製造; 工業生産; 工業的生産,The latest report shows a significant increase in industrial production last quarter.,最新の報告書によると、前四半期の工業生産が大幅に増加しました。,https://ejje.weblio.jp/content/industrial%20production,,
industrial society,工業化社会; インダストリアルソサエティー; 工業社会,The shift from an agrarian to an industrial society brought many challenges.,農業社会から工業社会への移行は、多くの課題をもたらしました。,https://ejje.weblio.jp/content/industrial%20society,,
industrialized country,先進国、工業先進国,Investment in education is crucial for any industrialized country.,教育への投資は、いかなる工業先進国にとっても重要です。,https://ejje.weblio.jp/content/industrialized%20country,,
industrialized nation,先進国、工業先進国,Many industrialized nations face similar demographic challenges today.,多くの先進国は今日、同様の人口統計上の課題に直面しています。,https://ejje.weblio.jp/content/industrialized%20nation,,
"increasingly linked to, with",ますます密接に関連するようになってきており、,Global economies are increasingly linked with each other through trade and technology.,世界経済は貿易とテクノロジーを通じて、ますます互いに密接に関連するようになっています。,https://ejje.weblio.jp/content/increasingly%20linked%20to%2C%20with,404 Client Error: 404 for url: https://ejje.weblio.jp/content/increasingly%20linked%20to%2C%20with,meaning_ja
infinite number,無限数,The universe contains an infinite number of stars and galaxies.,宇宙には無限の数の星と銀河が含まれています。,https://ejje.weblio.jp/content/infinite%20number,,
information flow,情報流; 情報フロー,Efficient information flow is essential for effective communication within a team.,効率的な情報フローは、チーム内の効果的なコミュニケーションに不可欠です。,https://ejje.weblio.jp/content/information%20flow,,
information gathering,情報集約,Effective information gathering is the first step in any comprehensive research project.,効果的な情報集約は、あらゆる包括的な研究プロジェクトの最初のステップです。,https://ejje.weblio.jp/content/information%20gathering,,
information processing,情報処理,Our brains are highly complex systems for information processing.,私たちの脳は、情報処理のための非常に複雑なシステムです。,https://ejje.weblio.jp/content/information%20processing,,
information retrieval,情報検索,Advanced algorithms are used for efficient information retrieval from large databases.,大規模データベースからの効率的な情報検索には、高度なアルゴリズムが使用されます。,https://ejje.weblio.jp/content/information%20retrieval,,
information sharing,情報の共有化；情報連携；情報共有化,Effective information sharing among departments improves overall organizational efficiency.,部門間の効果的な情報共有は、組織全体の効率を向上させます。,https://ejje.weblio.jp/content/information%20sharing,,
informed consent,告知に基づく同意,Patients must provide informed consent before participating in clinical trials.,患者は臨床試験に参加する前に、告知に基づく同意を提供しなければなりません。,https://ejje.weblio.jp/content/informed%20consent,,
initial period,初期段階,The initial period of the project focused on planning and resource allocation.,プロジェクトの初期段階は、計画と資源配分に焦点を当てました。,https://ejje.weblio.jp/content/initial%20period,,meaning_ja
initial phase,初位相,"During the initial phase, we conducted a thorough literature review.",初期の段階で、私たちは徹底的な文献調査を実施しました。,https://ejje.weblio.jp/content/initial%20phase,,
initial position,元の位置,The object returned to its initial position after the force was removed.,物体は力が取り除かれた後、元の位置に戻りました。,https://ejje.weblio.jp/content/initial%20position,,
initial research,予備調査,Our initial research suggested a strong correlation between the two variables.,私たちの予備調査は、2つの変数間に強い相関関係があることを示唆しました。,https://ejje.weblio.jp/content/initial%20research,404 Client Error: 404 for url: https://ejje.weblio.jp/content/initial%20research,meaning_ja
initial stage,初期段階,The product is still in its initial stage of development and testing.,その製品はまだ開発とテストの初期段階にあります。,https://ejje.weblio.jp/content/initial%20stage,,
institutional arrangement,制度的枠組み,The new institutional arrangement aims to improve governance and accountability.,新しい制度的枠組みは、ガバナンスと説明責任の改善を目指しています。,https://ejje.weblio.jp/content/institutional%20arrangement,404 Client Error: 404 for url: https://ejje.weblio.jp/content/institutional%20arrangement,meaning_ja
institutional context,制度的背景,Understanding the institutional context is vital for analyzing policy effectiveness.,政策の有効性を分析するためには、制度的背景を理解することが不可欠です。,https://ejje.weblio.jp/content/institutional%20context,404 Client Error: 404 for url: https://ejje.weblio.jp/content/institutional%20context,meaning_ja
institutional framework,行政組織,The new law provides an institutional framework for environmental protection.,新しい法律は、環境保護のための行政組織を提供します。,https://ejje.weblio.jp/content/institutional%20framework,,
institutional structure,制度的枠組み,Reform of the institutional structure is often necessary for long-term growth.,長期的な成長のためには、制度的枠組みの改革がしばしば必要です。,https://ejje.weblio.jp/content/institutional%20structure,404 Client Error: 404 for url: https://ejje.weblio.jp/content/institutional%20structure,meaning_ja
institutional support,制度的な支援,Researchers require strong institutional support to conduct groundbreaking studies.,研究者は画期的な研究を行うために、強力な制度的な支援を必要とします。,https://ejje.weblio.jp/content/institutional%20support,404 Client Error: 404 for url: https://ejje.weblio.jp/content/institutional%20support,meaning_ja
integral part,不可欠な部分,Communication is an integral part of any successful team collaboration.,コミュニケーションは、成功するチームコラボレーションの不可欠な部分です。,https://ejje.weblio.jp/content/integral%20part,,
integrated approach,総合アプローチ; 統合型手法; 統合的解決; 統合アプローチ; 総合的手法,We need an integrated approach to address complex global challenges effectively.,複雑な地球規模の課題に効果的に対処するためには、総合的なアプローチが必要です。,https://ejje.weblio.jp/content/integrated%20approach,,
integrated system,統合方式; 統合システム; 集中方式; 積分系; 集積化システム; 集積システム; 総合システム,The company implemented an integrated system to streamline its operations.,その会社は業務を効率化するために、統合システムを導入しました。,https://ejje.weblio.jp/content/integrated%20system,,
intellectual property,知的財産,Protecting intellectual property is crucial for innovation and economic growth.,知的財産の保護は、イノベーションと経済成長にとって極めて重要です。,https://ejje.weblio.jp/content/intellectual%20property,,
intellectual work,知的作業,Academic writing requires significant intellectual work and critical thinking.,学術的な執筆には、かなりの知的作業と批判的思考が必要です。,https://ejje.weblio.jp/content/intellectual%20work,,
intensive study,集中的な学習,The student undertook an intensive study of classical literature for the exam.,その学生は試験のために古典文学の集中的な学習を行いました。,https://ejje.weblio.jp/content/intensive%20study,,meaning_ja
interested party,利害関係人,All interested parties were invited to the negotiation table.,すべての利害関係人が交渉の場に招かれました。,https://ejje.weblio.jp/content/interested%20party,,
internal affairs,内政; 国内事情,The organization generally avoids interfering in the internal affairs of other groups.,その組織は通常、他のグループの内政に干渉することを避けます。,https://ejje.weblio.jp/content/internal%20affairs,,
internal conflict,内輪もめ、内輪揉め、内部抗争,The company faced internal conflict over the new strategic direction.,その会社は新しい戦略的方向性に関して内部抗争に直面しました。,https://ejje.weblio.jp/content/internal%20conflict,,
internal control,内部標準,Strong internal control systems are vital for financial accountability.,強固な内部統制システムは、財務上の説明責任にとって不可欠です。,https://ejje.weblio.jp/content/internal%20control,,
internal market,域内市場,The creation of a single internal market boosted trade among member states.,単一の域内市場の創設は、加盟国間の貿易を促進しました。,https://ejje.weblio.jp/content/internal%20market,404 Client Error: 404 for url: https://ejje.weblio.jp/content/internal%20market,meaning_ja
internal organ,内臓,Medical imaging techniques allow us to visualize various internal organs.,医療画像技術により、さまざまな内臓を視覚化できます。,https://ejje.weblio.jp/content/internal%20organ,,
internal structure,内部構造; 下部組織; サブ組織; 内部構造物,Understanding the internal structure of a cell is fundamental in biology.,細胞の内部構造を理解することは、生物学において基礎的です。,https://ejje.weblio.jp/content/internal%20structure,,
international agreement,国際約束,Nations often seek international agreement on issues like climate change.,各国は気候変動のような問題について、しばしば国際約束を求めます。,https://ejje.weblio.jp/content/international%20agreement,,
international body,国際機関,An international body was established to monitor human rights violations.,人権侵害を監視するために国際機関が設立されました。,https://ejje.weblio.jp/content/international%20body,404 Client Error: 404 for url: https://ejje.weblio.jp/content/international%20body,meaning_ja
international community,国際社会,The international community condemned the recent acts of aggression.,国際社会は最近の侵略行為を非難しました。,https://ejje.weblio.jp/content/international%20community,,
international conference,国際学会; 国際会議,Researchers presented their findings at an international conference on artificial intelligence.,研究者たちは人工知能に関する国際会議で研究結果を発表しました。,https://ejje.weblio.jp/content/international%20conference,,
international context,国際的な文脈,We must consider the international context when formulating foreign policy.,外交政策を策定する際には、国際的な文脈を考慮する必要があります。,https://ejje.weblio.jp/content/international%20context,404 Client Error: 404 for url: https://ejje.weblio.jp/content/international%20context,meaning_ja
international journal,国際学術誌,The research was published in a prestigious international journal.,その研究は権威ある国際学術誌に掲載されました。,https://ejje.weblio.jp/content/international%20journal,,
international organization,国際機関,The international organization works to promote peace and cooperation globally.,その国際機関は世界中で平和と協力を促進するために活動しています。,https://ejje.weblio.jp/content/international%20organization,,
international treaty,国際条約,The international treaty aims to regulate cross-border environmental issues.,その国際条約は、国境を越える環境問題を規制することを目的としています。,https://ejje.weblio.jp/content/international%20treaty,,
internet access,インターネット接続,Reliable internet access is now considered a basic necessity for many.,信頼性の高いインターネット接続は、多くの人にとって今や基本的な必需品と見なされています。,https://ejje.weblio.jp/content/internet%20access,,meaning_ja;translated_sentence
interpersonal relationships,対人関係；人間関係,Strong interpersonal relationships are key to building a cohesive team.,強固な対人関係は、まとまりのあるチームを構築するための鍵です。,https://ejje.weblio.jp/content/interpersonal%20relationships,,
interpersonal skills,対人スキル,Developing good interpersonal skills is essential for career success.,優れた対人スキルを身につけることは、キャリアの成功に不可欠です。,https://ejje.weblio.jp/content/interpersonal%20skills,,meaning_ja
interpret data,データを解釈する,Researchers must carefully interpret data to draw valid conclusions.,研究者は、妥当な結論を導き出すためにデータを慎重に解釈しなければなりません。,https://ejje.weblio.jp/content/interpret%20data,404 Client Error: 404 for url: https://ejje.weblio.jp/content/interpret%20data,meaning_ja
intimate relationship,男女の深い仲,Trust is a fundamental component of any intimate relationship.,信頼は、あらゆる親密な関係の基本的な要素です。,https://ejje.weblio.jp/content/intimate%20relationship,,
"intimately connected to, with",…と密接に関連している,Economic development is intimately connected with social progress and stability.,経済発展は、社会の進歩と安定と密接に関連しています。,https://ejje.weblio.jp/content/intimately%20connected%20to%2C%20with,404 Client Error: 404 for url: https://ejje.weblio.jp/content/intimately%20connected%20to%2C%20with,meaning_ja
intrinsic value,実在価値,Many argue that nature has an intrinsic value independent of human utility.,多くの人が、自然は人間の有用性とは独立した内在的な価値を持っていると主張します。,https://ejje.weblio.jp/content/intrinsic%20value,,
introduce legislation,法案を提出する,The government plans to introduce legislation to regulate new technologies.,政府は新しい技術を規制するための法案を提出する予定です。,https://ejje.weblio.jp/content/introduce%20legislation,404 Client Error: 404 for url: https://ejje.weblio.jp/content/introduce%20legislation,meaning_ja
introductory chapter,序章、序章,The introductory chapter provides an overview of the book's main themes.,序章では、本書の主要なテーマの概要が提供されています。,https://ejje.weblio.jp/content/introductory%20chapter,,
introductory section,はじめに,The introductory section explains the methodology used in this study.,はじめにのセクションでは、本研究で使用された方法論が説明されています。,https://ejje.weblio.jp/content/introductory%20section,404 Client Error: 404 for url: https://ejje.weblio.jp/content/introductory%20section,meaning_ja
introductory text,紹介文、入門テキスト,This introductory text is designed for students new to the subject.,この入門テキストは、その科目を初めて学ぶ学生向けに設計されています。,https://ejje.weblio.jp/content/introductory%20text,,
keenly aware,痛感している,We are keenly aware of the challenges facing our industry today.,私たちは今日、業界が直面している課題を痛感しています。,https://ejje.weblio.jp/content/keenly%20aware,,meaning_ja
key area,キー領域,Innovation is a key area for investment in the coming decade.,イノベーションは、今後10年間で投資すべき重要な領域です。,https://ejje.weblio.jp/content/key%20area,,
key aspect,重要項目,Understanding customer needs is a key aspect of successful product development.,顧客のニーズを理解することは、製品開発を成功させるための重要項目です。,https://ejje.weblio.jp/content/key%20aspect,,
key characteristic,キー特性,A key characteristic of this material is its exceptional durability.,この素材の主要な特性は、その卓越した耐久性です。,https://ejje.weblio.jp/content/key%20characteristic,,
key component,主要成分,Trust is a key component for effective leadership and team cohesion.,信頼は、効果的なリーダーシップとチームの結束のための主要な要素です。,https://ejje.weblio.jp/content/key%20component,,
key concept,キー概念,This chapter introduces the key concept of supply and demand.,この章では、需要と供給の主要な概念を紹介します。,https://ejje.weblio.jp/content/key%20concept,,
key element,要素,Collaboration is a key element in achieving project success.,協力は、プロジェクト成功を達成するための重要な要素です。,https://ejje.weblio.jp/content/key%20element,,
key factor,変動主要因,Cost reduction was identified as a key factor in improving profitability.,コスト削減は、収益性を向上させるための主要因として特定されました。,https://ejje.weblio.jp/content/key%20factor,,
key feature,主な機能,The key feature of this software is its user-friendly interface.,このソフトウェアの主な機能は、その使いやすいインターフェースです。,https://ejje.weblio.jp/content/key%20feature,,meaning_ja
key findings,主な調査結果,The report summarizes the key findings of the extensive market research.,その報告書は、広範な市場調査の主な調査結果を要約しています。,https://ejje.weblio.jp/content/key%20findings,,meaning_ja
key issue,重要な問題,Climate change remains a key issue for global policy makers.,気候変動は、世界の政策立案者にとって重要な問題であり続けています。,https://ejje.weblio.jp/content/key%20issue,,meaning_ja
key objective,主要な目的,Our key objective is to enhance customer satisfaction and loyalty.,私たちの主要な目的は、顧客満足度とロイヤルティを高めることです。,https://ejje.weblio.jp/content/key%20objective,404 Client Error: 404 for url: https://ejje.weblio.jp/content/key%20objective,meaning_ja
key player,主要人物,The company is a key player in the renewable energy sector.,その会社は再生可能エネルギー分野における主要なプレーヤーです。,https://ejje.weblio.jp/content/key%20player,,meaning_ja
key policy,主要な政策,Education reform is a key policy of the current administration.,教育改革は、現政権の主要な政策です。,https://ejje.weblio.jp/content/key%20policy,404 Client Error: 404 for url: https://ejje.weblio.jp/content/key%20policy,meaning_ja
key principle,基本原則,Transparency is a key principle in modern corporate governance.,透明性は、現代の企業統治における基本原則です。,https://ejje.weblio.jp/content/key%20principle,404 Client Error: 404 for url: https://ejje.weblio.jp/content/key%20principle,meaning_ja
key role,重要な役割,Technology plays a key role in driving economic growth and innovation.,テクノロジーは経済成長とイノベーションを推進する上で重要な役割を果たします。,https://ejje.weblio.jp/content/key%20role,,meaning_ja
key source,主要な情報源,This historical document is a key source for understanding the period.,この歴史的文書は、その時代を理解するための主要な情報源です。,https://ejje.weblio.jp/content/key%20source,404 Client Error: 404 for url: https://ejje.weblio.jp/content/key%20source,meaning_ja
key text,キーテキスト,Students are required to read the key text before the lecture.,学生は講義の前にキーテキストを読む必要があります。,https://ejje.weblio.jp/content/key%20text,404 Client Error: 404 for url: https://ejje.weblio.jp/content/key%20text,meaning_ja
key theme,主要テーマ,Social inequality is a key theme explored in this sociological study.,社会的不平等は、この社会学的研究で探求される主要テーマです。,https://ejje.weblio.jp/content/key%20theme,404 Client Error: 404 for url: https://ejje.weblio.jp/content/key%20theme,meaning_ja
key topic,主要なトピック,Sustainability is a key topic in discussions about future urban planning.,持続可能性は、将来の都市計画に関する議論における主要なトピックです。,https://ejje.weblio.jp/content/key%20topic,404 Client Error: 404 for url: https://ejje.weblio.jp/content/key%20topic,meaning_ja
large majority,大勢、殆ど、殆んど、幾ど、大多数,A large majority of the population supports the new environmental regulations.,人口の大多数が新しい環境規制を支持しています。,https://ejje.weblio.jp/content/large%20majority,,
large percentage,かなりの割合,A large percentage of the budget was allocated to research and development.,予算のかなりの割合が研究開発に割り当てられました。,https://ejje.weblio.jp/content/large%20percentage,404 Client Error: 404 for url: https://ejje.weblio.jp/content/large%20percentage,meaning_ja
large portion,大盛り、大盛,A large portion of the revenue comes from international sales.,収益の大部分は国際販売から来ています。,https://ejje.weblio.jp/content/large%20portion,,
large proportion of,の大部分が,A large proportion of students prefer online learning methods.,学生の大部分がオンライン学習方法を好んでいます。,https://ejje.weblio.jp/content/large%20proportion%20of,404 Client Error: 404 for url: https://ejje.weblio.jp/content/large%20proportion%20of,meaning_ja
large quantities of,大量の,The factory produces large quantities of goods for export.,その工場は輸出用に大量の商品を生産しています。,https://ejje.weblio.jp/content/large%20quantities%20of,404 Client Error: 404 for url: https://ejje.weblio.jp/content/large%20quantities%20of,meaning_ja
large range of,幅広い,The university offers a large range of courses in various disciplines.,その大学は様々な分野で幅広いコースを提供しています。,https://ejje.weblio.jp/content/large%20range%20of,404 Client Error: 404 for url: https://ejje.weblio.jp/content/large%20range%20of,meaning_ja
largely based on,主に……に基づいて,The new policy is largely based on the recommendations of experts.,新しい政策は、主に専門家の提言に基づいて策定されています。,https://ejje.weblio.jp/content/largely%20based%20on,404 Client Error: 404 for url: https://ejje.weblio.jp/content/largely%20based%20on,meaning_ja
largely confined to,主に～に限定されている,Early research in this field was largely confined to theoretical models.,この分野の初期の研究は、主に理論モデルに限定されていました。,https://ejje.weblio.jp/content/largely%20confined%20to,404 Client Error: 404 for url: https://ejje.weblio.jp/content/largely%20confined%20to,meaning_ja
largely determined by,主に〜によって決まる,Economic growth is largely determined by investment and productivity.,経済成長は、主に投資と生産性によって決まります。,https://ejje.weblio.jp/content/largely%20determined%20by,404 Client Error: 404 for url: https://ejje.weblio.jp/content/largely%20determined%20by,meaning_ja
largely ignored,ほとんど無視されていた,The warnings from scientists were largely ignored by policymakers at first.,科学者からの警告は、当初政策立案者によってほとんど無視されていました。,https://ejje.weblio.jp/content/largely%20ignored,404 Client Error: 404 for url: https://ejje.weblio.jp/content/largely%20ignored,meaning_ja
largely responsible for,主に責任を負っている,Environmental factors are largely responsible for the decline in biodiversity.,環境要因が生物多様性の減少に主に責任を負っています。,https://ejje.weblio.jp/content/largely%20responsible%20for,404 Client Error: 404 for url: https://ejje.weblio.jp/content/largely%20responsible%20for,meaning_ja
later work,後期の作品,His later work showed a significant shift in artistic style.,彼の後期の作品は、芸術様式において顕著な変化を示しました。,https://ejje.weblio.jp/content/later%20work,404 Client Error: 404 for url: https://ejje.weblio.jp/content/later%20work,meaning_ja
later writings,後期の著作,Scholars often analyze his later writings for philosophical insights.,学者はしばしば、彼の後期の著作を哲学的洞察のために分析します。,https://ejje.weblio.jp/content/later%20writings,404 Client Error: 404 for url: https://ejje.weblio.jp/content/later%20writings,meaning_ja
lead to the conclusion,という結論に至る,The evidence collected will lead to the conclusion that further research is needed.,収集された証拠は、さらなる研究が必要であるという結論に至るでしょう。,https://ejje.weblio.jp/content/lead%20to%20the%20conclusion,,meaning_ja
leading role,指導的役割,The organization played a leading role in promoting global health initiatives.,その組織は、グローバルな健康イニシアチブを推進する上で指導的役割を果たしました。,https://ejje.weblio.jp/content/leading%20role,,
learning activity,学習活動,Group discussions are a valuable learning activity for students.,グループディスカッションは、学生にとって貴重な学習活動です。,https://ejje.weblio.jp/content/learning%20activity,,
learning difficulties,learning diffculty（学習困難）の複数形,Special educational support is provided for students with learning difficulties.,学習困難を抱える生徒には、特別な教育支援が提供されます。,https://ejje.weblio.jp/content/learning%20difficulties,,
learning environment,学習環境,A supportive and inclusive learning environment fosters student success.,支援的で包括的な学習環境は、生徒の成功を育みます。,https://ejje.weblio.jp/content/learning%20environment,,
learning objective,学習目標；学習目的、学習目標,Each lesson plan clearly states its specific learning objective.,各レッスンプランには、その具体的な学習目標が明確に記載されています。,https://ejje.weblio.jp/content/learning%20objective,,
learning outcome,学習成果,The assessment measures whether students achieved the desired learning outcome.,その評価は、学生が望ましい学習成果を達成したかどうかを測定します。,https://ejje.weblio.jp/content/learning%20outcome,404 Client Error: 404 for url: https://ejje.weblio.jp/content/learning%20outcome,meaning_ja
learning process,学習過程; 学習課程; 学習プロセス; 学習法,Understanding the learning process helps educators design better curricula.,学習過程を理解することは、教育者がより良いカリキュラムを設計するのに役立ちます。,https://ejje.weblio.jp/content/learning%20process,,
learning resources,学習資源；学習リソース,Access to diverse learning resources is crucial for effective self-study.,多様な学習リソースへのアクセスは、効果的な自己学習にとって不可欠です。,https://ejje.weblio.jp/content/learning%20resources,,
learning strategy,学習方略、方略,Students often develop their own effective learning strategy over time.,学生は時間とともに、自分自身の効果的な学習方略を開発することがよくあります。,https://ejje.weblio.jp/content/learning%20strategy,,
legal action,法的措置、法的措置、告訴、告愬、法律行為、法的行為、告訴、法的措置,The company threatened to take legal action against the competitor.,その会社は競合他社に対して法的措置を取ると脅しました。,https://ejje.weblio.jp/content/legal%20action,,
legal basis,法的基盤,The decision must have a clear legal basis to be considered valid.,その決定は、有効と見なされるためには明確な法的基盤を持たなければなりません。,https://ejje.weblio.jp/content/legal%20basis,,
legal framework,法的枠組み,The new regulations establish a robust legal framework for data protection.,新しい規制は、データ保護のための強固な法的枠組みを確立します。,https://ejje.weblio.jp/content/legal%20framework,,
legal issue,法的問題,We consulted a lawyer to address the complex legal issue.,その複雑な法的問題に対処するため、弁護士に相談しました。,https://ejje.weblio.jp/content/legal%20issue,,
legal obligation,jurisprudenceや法の同義語(異表記),Companies have a legal obligation to protect their employees' safety.,企業には従業員の安全を保護する法的義務があります。,https://ejje.weblio.jp/content/legal%20obligation,,
legal position,法的位置,Understanding the legal position of all parties is crucial in negotiations.,交渉においては、すべての当事者の法的位置を理解することが重要です。,https://ejje.weblio.jp/content/legal%20position,,
legal proceedings,訴訟手続き,The legal proceedings are expected to be lengthy and complex.,訴訟手続きは長期間にわたり複雑になると予想されます。,https://ejje.weblio.jp/content/legal%20proceedings,,
legal protection,法的保護,The new law offers greater legal protection for whistleblowers.,新しい法律は、内部告発者により大きな法的保護を提供します。,https://ejje.weblio.jp/content/legal%20protection,,
legal requirement,法的必要条件,Compliance with safety standards is a strict legal requirement.,安全基準の遵守は厳格な法的必要条件です。,https://ejje.weblio.jp/content/legal%20requirement,,
legal right,法律に基づく権利,Every citizen has a legal right to free speech and assembly.,すべての市民には、言論の自由と集会の自由という法的権利があります。,https://ejje.weblio.jp/content/legal%20right,,translated_sentence
legal rule,法的規則,The legal rule was established to ensure fairness and order.,その法的規則は、公平性と秩序を確保するために確立されました。,https://ejje.weblio.jp/content/legal%20rule,404 Client Error: 404 for url: https://ejje.weblio.jp/content/legal%20rule,meaning_ja
legal status,jurisprudenceや法の同義語(異表記),The organization sought to clarify its legal status as a non-profit entity.,その組織は、非営利団体としての法的地位を明確にしようとしました。,https://ejje.weblio.jp/content/legal%20status,,
legal system,法制度; リーガルシステム; 法体系; 法律制度,Understanding the local legal system is essential for doing business.,現地の法制度を理解することは、ビジネスを行う上で不可欠です。,https://ejje.weblio.jp/content/legal%20system,,
legislative measures,法制上の措置,The government is considering new legislative measures to combat cybercrime.,政府はサイバー犯罪に対抗するための新たな法制上の措置を検討しています。,https://ejje.weblio.jp/content/legislative%20measures,,
legislative power,立法権,"In a democracy, legislative power is typically vested in a parliament.",民主主義においては、立法権は通常議会に付与されています。,https://ejje.weblio.jp/content/legislative%20power,,
liberal democracy,自由民主主義、自由民主主義,The principles of liberal democracy emphasize individual freedoms and equality.,自由民主主義の原則は、個人の自由と平等を強調します。,https://ejje.weblio.jp/content/liberal%20democracy,,
lifelong learning,生涯学習,Lifelong learning is increasingly important in a rapidly changing world.,急速に変化する世界において、生涯学習はますます重要になっています。,https://ejje.weblio.jp/content/lifelong%20learning,,
likely impact,予想される影響,We need to assess the likely impact of the new policy on the economy.,新しい政策が経済に与える予想される影響を評価する必要があります。,https://ejje.weblio.jp/content/likely%20impact,404 Client Error: 404 for url: https://ejje.weblio.jp/content/likely%20impact,meaning_ja
likely outcome,予想される結果,Predicting the likely outcome of complex negotiations is always challenging.,複雑な交渉の予想される結果を予測することは、常に困難です。,https://ejje.weblio.jp/content/likely%20outcome,404 Client Error: 404 for url: https://ejje.weblio.jp/content/likely%20outcome,meaning_ja
limited access,限定公開,The research facility has limited access due to security restrictions.,その研究施設は、セキュリティ上の制限によりアクセスが限定されています。,https://ejje.weblio.jp/content/limited%20access,,
limited capacity,収容人数に限りがあります,"The venue has a limited capacity, so early booking is advised.",会場は収容人数に限りがあるため、早めの予約をお勧めします。,https://ejje.weblio.jp/content/limited%20capacity,,meaning_ja
limited information,寡聞,We had to make decisions based on limited information available.,私たちは利用可能な限られた情報に基づいて意思決定を行わなければなりませんでした。,https://ejje.weblio.jp/content/limited%20information,,
limited opportunity,限られた機会,There is a limited opportunity for promotion within the current structure.,現在の組織構造内では、昇進の機会が限られています。,https://ejje.weblio.jp/content/limited%20opportunity,404 Client Error: 404 for url: https://ejje.weblio.jp/content/limited%20opportunity,meaning_ja
limited range of,限られた範囲の,The study focused on a limited range of variables for analysis.,その研究は、分析のために限られた範囲の変数に焦点を当てました。,https://ejje.weblio.jp/content/limited%20range%20of,404 Client Error: 404 for url: https://ejje.weblio.jp/content/limited%20range%20of,meaning_ja
limited resources,限りある資源,Managing limited resources efficiently is a key challenge for developing countries.,限られた資源を効率的に管理することは、発展途上国にとって重要な課題です。,https://ejje.weblio.jp/content/limited%20resources,,
linear relationship,直線関係,The data showed a clear linear relationship between temperature and reaction rate.,データは、温度と反応速度の間に明確な直線関係を示しました。,https://ejje.weblio.jp/content/linear%20relationship,,
literal interpretation,文字通りに解釈すること,A literal interpretation of the text might miss its deeper metaphorical meaning.,そのテキストを文字通りに解釈すると、より深い比喩的な意味を見落とす可能性があります。,https://ejje.weblio.jp/content/literal%20interpretation,,
literal meaning,そのままの意味,"Sometimes, the literal meaning of a phrase differs from its idiomatic use.",時には、フレーズのそのままの意味が、その慣用的な用法とは異なります。,https://ejje.weblio.jp/content/literal%20meaning,,
literal sense,文字通りの意味,"In a literal sense, the term refers to the physical act of building.",文字通りの意味では、その用語は建設という物理的な行為を指します。,https://ejje.weblio.jp/content/literal%20sense,404 Client Error: 404 for url: https://ejje.weblio.jp/content/literal%20sense,meaning_ja
literary text,文学作品,Analyzing a literary text requires careful attention to language and context.,文学作品を分析するには、言語と文脈に細心の注意を払う必要があります。,https://ejje.weblio.jp/content/literary%20text,404 Client Error: 404 for url: https://ejje.weblio.jp/content/literary%20text,meaning_ja
literary tradition,文学の伝統,The author's work draws heavily from a rich literary tradition.,その著者の作品は、豊かな文学の伝統から大きく影響を受けています。,https://ejje.weblio.jp/content/literary%20tradition,404 Client Error: 404 for url: https://ejje.weblio.jp/content/literary%20tradition,meaning_ja
little evidence,証拠がほとんどない,There is little evidence to support the claim made in the article.,その記事でなされた主張を裏付ける証拠はほとんどありません。,https://ejje.weblio.jp/content/little%20evidence,404 Client Error: 404 for url: https://ejje.weblio.jp/content/little%20evidence,meaning_ja
little impact,ほとんど影響がない,The new policy had little impact on the overall market trends.,新しい政策は、全体的な市場トレンドにほとんど影響を与えませんでした。,https://ejje.weblio.jp/content/little%20impact,404 Client Error: 404 for url: https://ejje.weblio.jp/content/little%20impact,meaning_ja
little information,情報がほとんどない,We have little information about the causes of the sudden decline.,その突然の減少の原因について、私たちはほとんど情報を持っていません。,https://ejje.weblio.jp/content/little%20information,404 Client Error: 404 for url: https://ejje.weblio.jp/content/little%20information,meaning_ja
little research,ちょっとした調査,There has been little research conducted on this specific phenomenon.,この特定の現象に関する研究はほとんど行われていません。,https://ejje.weblio.jp/content/little%20research,404 Client Error: 404 for url: https://ejje.weblio.jp/content/little%20research,meaning_ja
little significance,さほど重要ではない,The observed difference had little significance in a broader context.,観察された違いは、より広い文脈ではさほど重要ではありませんでした。,https://ejje.weblio.jp/content/little%20significance,404 Client Error: 404 for url: https://ejje.weblio.jp/content/little%20significance,meaning_ja
living conditions,生活状況,Efforts are being made to improve the living conditions in rural areas.,農村地域の生活状況を改善するための取り組みが行われています。,https://ejje.weblio.jp/content/living%20conditions,,
living organism,生存生物,All living organisms require energy to survive and reproduce.,すべての生存生物は、生き残り繁殖するためにエネルギーを必要とします。,https://ejje.weblio.jp/content/living%20organism,,
living standard,生活レベル,Economic growth aims to improve the overall living standard of citizens.,経済成長は、市民全体の生活レベルを向上させることを目指しています。,https://ejje.weblio.jp/content/living%20standard,,
local area,局所領域; 地元; 局部地域; ローカル地域; ローカルエリア,The project will create new job opportunities in the local area.,そのプロジェクトは、地元地域に新たな雇用機会を創出するでしょう。,https://ejje.weblio.jp/content/local%20area,,
local authority,地方自治体,The local authority is responsible for maintaining public services.,地方自治体は公共サービスの維持に責任を負っています。,https://ejje.weblio.jp/content/local%20authority,,
local circumstances,現地の状況,Policies must be adapted to suit the specific local circumstances.,政策は、特定の現地の状況に合わせて調整されなければなりません。,https://ejje.weblio.jp/content/local%20circumstances,404 Client Error: 404 for url: https://ejje.weblio.jp/content/local%20circumstances,meaning_ja
local community,地域社会,The new initiative aims to support the development of the local community.,その新しい取り組みは、地域社会の発展を支援することを目的としています。,https://ejje.weblio.jp/content/local%20community,,
local culture,地元の文化,Understanding the local culture is essential for effective international business negotiations.,効果的な国際ビジネス交渉には、その地域の文化を理解することが不可欠です。,https://ejje.weblio.jp/content/local%20culture,404 Client Error: 404 for url: https://ejje.weblio.jp/content/local%20culture,meaning_ja
local economy,地域経済、地方行財政,New investments are expected to significantly boost the local economy.,新たな投資は地域経済を大幅に活性化させると期待されています。,https://ejje.weblio.jp/content/local%20economy,,
local government,地方行政、地方自治、地方自治体,The local government implemented new policies to improve public services.,地方自治体は公共サービスを改善するための新しい政策を実施しました。,https://ejje.weblio.jp/content/local%20government,,
logical approach,論理的なアプローチ,We need a more logical approach to solve this complex problem efficiently.,この複雑な問題を効率的に解決するためには、より論理的なアプローチが必要です。,https://ejje.weblio.jp/content/logical%20approach,404 Client Error: 404 for url: https://ejje.weblio.jp/content/logical%20approach,meaning_ja
logical argument,真実または虚偽を示すことを目的とする推理の講座,Her presentation included a strong logical argument supported by empirical data.,彼女のプレゼンテーションには、実証データに裏付けられた強力な論理的議論が含まれていました。,https://ejje.weblio.jp/content/logical%20argument,,
logical conclusion,当然の結果,"Based on the evidence, the logical conclusion is that the hypothesis is correct.",証拠に基づけば、仮説が正しいという論理的な結論に至ります。,https://ejje.weblio.jp/content/logical%20conclusion,,
long duration,長期間,The project requires funding for a long duration to ensure its success.,そのプロジェクトは成功を確実にするために長期間の資金を必要とします。,https://ejje.weblio.jp/content/long%20duration,,
long established,古手、伝統ある、旧来の,The university has a long established reputation for academic excellence.,その大学は学術的な優秀さで長年の定評があります。,https://ejje.weblio.jp/content/long%20established,,
longitudinal study,縦断的研究、縦断研究,A longitudinal study revealed significant changes in consumer behavior over time.,縦断的研究により、消費者の行動に時間の経過とともに大きな変化があることが明らかになりました。,https://ejje.weblio.jp/content/longitudinal%20study,,
low income,低所得,Policies aim to support families with low income through various social programs.,政策は、様々な社会プログラムを通じて低所得の家庭を支援することを目指しています。,https://ejje.weblio.jp/content/low%20income,,
low intensity,低強度の,Exercise of low intensity can still provide significant health benefits.,低強度の運動でも、かなりの健康上の利点が得られます。,https://ejje.weblio.jp/content/low%20intensity,,
low level,下級の、下層(部)の、低空の,The data indicated a low level of contaminants in the water supply.,データは、水道水中の汚染物質が低レベルであることを示していました。,https://ejje.weblio.jp/content/low%20level,,
low percentage,低い割合,Only a low percentage of applicants meet all the strict requirements.,応募者のごく一部しか、すべての厳しい要件を満たしていません。,https://ejje.weblio.jp/content/low%20percentage,404 Client Error: 404 for url: https://ejje.weblio.jp/content/low%20percentage,meaning_ja
low priority,非重点,"Due to budget constraints, this initiative was assigned a low priority.",予算の制約により、この取り組みは優先度が低いとされました。,https://ejje.weblio.jp/content/low%20priority,,
low probability,低確率,There is a low probability of success if we do not adapt quickly.,迅速に適応しなければ、成功する確率は低いでしょう。,https://ejje.weblio.jp/content/low%20probability,,
low profile,目立たない態度、控えめな態度,The company maintained a low profile during the controversial merger talks.,その会社は物議を醸す合併交渉の間、目立たない姿勢を保ちました。,https://ejje.weblio.jp/content/low%20profile,,
low quality,精度が低い,Using low quality materials can significantly compromise the project's integrity.,品質の低い材料を使用すると、プロジェクトの完全性が著しく損なわれる可能性があります。,https://ejje.weblio.jp/content/low%20quality,,
low status,下位のステータスの位置,"Historically, certain professions were associated with a low status in society.",歴史的に、特定の職業は社会で低い地位と関連付けられていました。,https://ejje.weblio.jp/content/low%20status,,
low turnover,低代謝回転型の,"The department boasts a low turnover rate, indicating high employee satisfaction.",その部署は離職率が低く、従業員満足度の高さを示しています。,https://ejje.weblio.jp/content/low%20turnover,,
low unemployment,低い失業率,Economists noted a period of sustained economic growth and low unemployment.,経済学者たちは、持続的な経済成長と低い失業率の時期を指摘しました。,https://ejje.weblio.jp/content/low%20unemployment,404 Client Error: 404 for url: https://ejje.weblio.jp/content/low%20unemployment,meaning_ja
low/er frequency,低周波数,The device operates effectively at a lower frequency to conserve power.,その装置は、電力を節約するために低周波数で効果的に動作します。,https://ejje.weblio.jp/content/low/er%20frequency,,
lower class,下層階級(の人々),Social policies often target support for families within the lower class.,社会政策はしばしば、下層階級の家庭への支援を対象としています。,https://ejje.weblio.jp/content/lower%20class,,
main area,メインエリア,The main area of concern for the committee was environmental sustainability.,委員会の主な懸念事項は、環境の持続可能性でした。,https://ejje.weblio.jp/content/main%20area,,meaning_ja
main argument,主な論点,The main argument of the paper challenges conventional theories on economic development.,その論文の主な主張は、経済発展に関する従来の理論に異議を唱えています。,https://ejje.weblio.jp/content/main%20argument,404 Client Error: 404 for url: https://ejje.weblio.jp/content/main%20argument,meaning_ja
main category,メインカテゴリ,These findings fall into the main category of public health research.,これらの知見は、公衆衛生研究の主要なカテゴリに分類されます。,https://ejje.weblio.jp/content/main%20category,404 Client Error: 404 for url: https://ejje.weblio.jp/content/main%20category,meaning_ja
main characteristics,主要特性,We analyzed the main characteristics of the new material for its applications.,その新しい材料の主な特性を、その用途のために分析しました。,https://ejje.weblio.jp/content/main%20characteristics,,
main component,主成分,The main component of the solution is a rare earth element.,その溶液の主成分は希土類元素です。,https://ejje.weblio.jp/content/main%20component,,
main element,主要要素,Trust is often considered the main element in successful business partnerships.,信頼は、成功するビジネスパートナーシップにおける主要な要素と見なされることが多いです。,https://ejje.weblio.jp/content/main%20element,404 Client Error: 404 for url: https://ejje.weblio.jp/content/main%20element,meaning_ja
main factor,主要因; 主要素,Lack of resources was identified as the main factor hindering progress.,資源不足が、進捗を妨げる主な要因として特定されました。,https://ejje.weblio.jp/content/main%20factor,,
main feature,おもな特徴,The main feature of the new software is its enhanced user interface.,新しいソフトウェアの主な特徴は、強化されたユーザーインターフェースです。,https://ejje.weblio.jp/content/main%20feature,,
main findings,主な調査結果,The report summarizes the main findings of the extensive research project.,その報告書は、広範な研究プロジェクトの主な調査結果を要約しています。,https://ejje.weblio.jp/content/main%20findings,404 Client Error: 404 for url: https://ejje.weblio.jp/content/main%20findings,meaning_ja
main focus,主な焦点,Our main focus for this quarter is improving customer satisfaction metrics.,今四半期の主な焦点は、顧客満足度指標の改善です。,https://ejje.weblio.jp/content/main%20focus,,meaning_ja
main function,本機能,The main function of the organ is to regulate blood sugar levels.,その臓器の主な機能は、血糖値を調節することです。,https://ejje.weblio.jp/content/main%20function,,
main issue,本論、本題、本論,Addressing climate change remains the main issue on the global agenda.,気候変動への対処は、世界的な課題の主要な問題であり続けています。,https://ejje.weblio.jp/content/main%20issue,,
main principle,主要原則,Transparency is a main principle guiding our ethical business practices.,透明性は、私たちの倫理的なビジネス慣行を導く主要な原則です。,https://ejje.weblio.jp/content/main%20principle,,
main source,主な情報源,The internet has become the main source of information for many people.,インターネットは、多くの人々にとって主要な情報源となっています。,https://ejje.weblio.jp/content/main%20source,404 Client Error: 404 for url: https://ejje.weblio.jp/content/main%20source,meaning_ja
main task,主タスク,The main task of the team is to develop a new marketing strategy.,チームの主要な任務は、新しいマーケティング戦略を開発することです。,https://ejje.weblio.jp/content/main%20task,,
main theme,メインテーマ,The main theme of the conference was sustainable development in urban areas.,会議の主なテーマは、都市部における持続可能な開発でした。,https://ejje.weblio.jp/content/main%20theme,,meaning_ja
mainly concerned with,主に……に関する,This report is mainly concerned with the economic implications of the new policy.,この報告書は主に、新政策の経済的影響に関心を持っています。,https://ejje.weblio.jp/content/mainly%20concerned%20with,404 Client Error: 404 for url: https://ejje.weblio.jp/content/mainly%20concerned%20with,meaning_ja
maintain contact,連絡を取り合う,It is important to maintain contact with former colleagues for networking opportunities.,ネットワーキングの機会のために、元同僚と連絡を取り続けることが重要です。,https://ejje.weblio.jp/content/maintain%20contact,404 Client Error: 404 for url: https://ejje.weblio.jp/content/maintain%20contact,meaning_ja
major advantage,大きな利点,Its energy efficiency is a major advantage over older models.,そのエネルギー効率は、旧モデルに対する大きな利点です。,https://ejje.weblio.jp/content/major%20advantage,404 Client Error: 404 for url: https://ejje.weblio.jp/content/major%20advantage,meaning_ja
major area,主要地域,Education is a major area where public investment yields significant returns.,教育は、公共投資が大きな成果をもたらす主要な分野です。,https://ejje.weblio.jp/content/major%20area,404 Client Error: 404 for url: https://ejje.weblio.jp/content/major%20area,meaning_ja
major cause,主原因,Pollution is a major cause of environmental degradation in many regions.,汚染は、多くの地域で環境悪化の主要な原因です。,https://ejje.weblio.jp/content/major%20cause,,
major challenge,大きな課題,Adapting to new technologies presents a major challenge for many businesses.,新しい技術への適応は、多くの企業にとって大きな課題となっています。,https://ejje.weblio.jp/content/major%20challenge,,meaning_ja
major change,大きな変化；大幅な変更,The company announced a major change in its organizational structure.,その会社は組織構造の大きな変更を発表しました。,https://ejje.weblio.jp/content/major%20change,,
major component,主要構成成分、主要成分、主要構成要素,Customer feedback is a major component of our product development process.,顧客からのフィードバックは、当社の製品開発プロセスの主要な構成要素です。,https://ejje.weblio.jp/content/major%20component,,
major concern,大きな懸念,The safety of employees remains a major concern for management.,従業員の安全は、経営陣にとって依然として大きな懸念事項です。,https://ejje.weblio.jp/content/major%20concern,,meaning_ja
major contribution,多大な貢献,Her research made a major contribution to the field of neuroscience.,彼女の研究は、神経科学の分野に多大な貢献をしました。,https://ejje.weblio.jp/content/major%20contribution,404 Client Error: 404 for url: https://ejje.weblio.jp/content/major%20contribution,meaning_ja
major decision,重要な決定,Making a major decision requires careful consideration of all potential outcomes.,重要な決定を下すには、すべての潜在的な結果を慎重に考慮する必要があります。,https://ejje.weblio.jp/content/major%20decision,404 Client Error: 404 for url: https://ejje.weblio.jp/content/major%20decision,meaning_ja
major difference,大きな違い,There is a major difference in how these two theories interpret the data.,これら二つの理論がデータを解釈する方法には大きな違いがあります。,https://ejje.weblio.jp/content/major%20difference,,
major factor,主要因、主因,Technological innovation is a major factor driving economic growth globally.,技術革新は、世界経済成長を推進する主要な要因です。,https://ejje.weblio.jp/content/major%20factor,,
major feature,主要な素性,The new model's major feature is its extended battery life.,新モデルの主要な特徴は、バッテリー寿命が延びたことです。,https://ejje.weblio.jp/content/major%20feature,,
major focus,主な焦点,Our major focus this year is on developing sustainable energy solutions.,今年の私たちの主な焦点は、持続可能なエネルギーソリューションの開発です。,https://ejje.weblio.jp/content/major%20focus,404 Client Error: 404 for url: https://ejje.weblio.jp/content/major%20focus,meaning_ja
major impact,大きな影響,Climate change has a major impact on agricultural productivity worldwide.,気候変動は、世界中の農業生産性に大きな影響を与えています。,https://ejje.weblio.jp/content/major%20impact,,
major implications,重大な影響,These research findings have major implications for future policy development.,これらの研究結果は、将来の政策策定に重大な影響を与えます。,https://ejje.weblio.jp/content/major%20implications,404 Client Error: 404 for url: https://ejje.weblio.jp/content/major%20implications,meaning_ja
major influence,大きな影響,Cultural factors have a major influence on consumer purchasing habits.,文化的要因は、消費者の購買習慣に大きな影響を与えます。,https://ejje.weblio.jp/content/major%20influence,404 Client Error: 404 for url: https://ejje.weblio.jp/content/major%20influence,meaning_ja
major issue,大問題,Access to clean water remains a major issue in many developing countries.,きれいな水へのアクセスは、多くの発展途上国で依然として大きな問題です。,https://ejje.weblio.jp/content/major%20issue,,
major part,大役,Technology plays a major part in modern education and communication.,テクノロジーは、現代の教育とコミュニケーションにおいて重要な役割を果たしています。,https://ejje.weblio.jp/content/major%20part,,
major problem,大きな問題,Waste management is a major problem in rapidly urbanizing areas.,廃棄物管理は、急速に都市化する地域における大きな問題です。,https://ejje.weblio.jp/content/major%20problem,,
major reason,主な理由,The major reason for the delay was unexpected technical difficulties.,遅延の主な理由は、予期せぬ技術的な問題でした。,https://ejje.weblio.jp/content/major%20reason,404 Client Error: 404 for url: https://ejje.weblio.jp/content/major%20reason,meaning_ja
major role,重要な役割,Governments play a major role in regulating global financial markets.,政府は、世界の金融市場を規制する上で重要な役割を果たしています。,https://ejje.weblio.jp/content/major%20role,404 Client Error: 404 for url: https://ejje.weblio.jp/content/major%20role,meaning_ja
major shift,大きな転換,There has been a major shift in public opinion regarding renewable energy.,再生可能エネルギーに関する世論に大きな変化がありました。,https://ejje.weblio.jp/content/major%20shift,404 Client Error: 404 for url: https://ejje.weblio.jp/content/major%20shift,meaning_ja
major source,主な情報源,Fossil fuels are still a major source of energy worldwide.,化石燃料は依然として、世界中で主要なエネルギー源です。,https://ejje.weblio.jp/content/major%20source,404 Client Error: 404 for url: https://ejje.weblio.jp/content/major%20source,meaning_ja
major theme,大テーマ,Innovation and sustainability were the major themes discussed at the summit.,革新と持続可能性が、サミットで議論された主要なテーマでした。,https://ejje.weblio.jp/content/major%20theme,,
make adjustments,調整を行う,We need to make adjustments to our strategy based on new market data.,新しい市場データに基づいて、戦略を調整する必要があります。,https://ejje.weblio.jp/content/make%20adjustments,404 Client Error: 404 for url: https://ejje.weblio.jp/content/make%20adjustments,meaning_ja
make arrangements,段取りをつける,Please make arrangements for the upcoming conference call by Friday.,金曜日までに、今後の電話会議の手配をお願いします。,https://ejje.weblio.jp/content/make%20arrangements,,
make available,提示する,The company aims to make available its services to a wider audience.,その会社は、より多くの人々にサービスを提供することを目指しています。,https://ejje.weblio.jp/content/make%20available,,
make aware,認識させる,We should make participants aware of the potential risks involved.,参加者には、潜在的なリスクについて認識させるべきです。,https://ejje.weblio.jp/content/make%20aware,404 Client Error: 404 for url: https://ejje.weblio.jp/content/make%20aware,meaning_ja
make contact,a接点; メーク接点; メイク接点,It is essential to make contact with local authorities before starting construction.,建設を開始する前に、地方当局と連絡を取ることが不可欠です。,https://ejje.weblio.jp/content/make%20contact,,
make a contribution,力を発揮する,Every team member is expected to make a contribution to the project's success.,すべてのチームメンバーは、プロジェクトの成功に貢献することが期待されています。,https://ejje.weblio.jp/content/make%20a%20contribution,,
make explicit,明示する,The guidelines should make explicit the criteria for evaluating proposals.,ガイドラインは、提案を評価するための基準を明示するべきです。,https://ejje.weblio.jp/content/make%20explicit,404 Client Error: 404 for url: https://ejje.weblio.jp/content/make%20explicit,meaning_ja
make policy,政策を策定する,Governments have the responsibility to make policy that benefits their citizens.,政府には、国民に利益をもたらす政策を策定する責任があります。,https://ejje.weblio.jp/content/make%20policy,404 Client Error: 404 for url: https://ejje.weblio.jp/content/make%20policy,meaning_ja
make provision,措置を講じる,We must make provision for unexpected delays in the project timeline.,プロジェクトのタイムラインにおける予期せぬ遅延に備える必要があります。,https://ejje.weblio.jp/content/make%20provision,,meaning_ja
make visible,表示する,The new lighting system will make visible the historical details of the monument.,新しい照明システムは、記念碑の歴史的詳細を視認可能にするでしょう。,https://ejje.weblio.jp/content/make%20visible,404 Client Error: 404 for url: https://ejje.weblio.jp/content/make%20visible,meaning_ja
make a comment,コメントする,The professor invited students to make a comment on the lecture's content.,教授は学生に、講義の内容についてコメントするよう促しました。,https://ejje.weblio.jp/content/make%20a%20comment,404 Client Error: 404 for url: https://ejje.weblio.jp/content/make%20a%20comment,meaning_ja
make a distinction,別を立てる,It is important to make a distinction between correlation and causation.,相関関係と因果関係を区別することが重要です。,https://ejje.weblio.jp/content/make%20a%20distinction,,
make a judgement,判断を下す,Do not make a judgement without considering all available information.,利用可能なすべての情報を考慮せずに判断を下さないでください。,https://ejje.weblio.jp/content/make%20a%20judgement,404 Client Error: 404 for url: https://ejje.weblio.jp/content/make%20a%20judgement,meaning_ja
make a living,生計をたてる,Many artists struggle to make a living solely from their creative work.,多くの芸術家は、創造的な仕事だけで生計を立てるのに苦労しています。,https://ejje.weblio.jp/content/make%20a%20living,,
make a prediction,予想を立てる,"Based on current trends, experts can make a prediction about future market behavior.",現在の傾向に基づき、専門家は将来の市場行動について予測を立てることができます。,https://ejje.weblio.jp/content/make%20a%20prediction,404 Client Error: 404 for url: https://ejje.weblio.jp/content/make%20a%20prediction,meaning_ja
make a recommendation,提案をする,The committee will make a recommendation to the board next month.,委員会は来月、理事会に提言を行います。,https://ejje.weblio.jp/content/make%20a%20recommendation,,meaning_ja
make a statement,申述をする、申し立てる、陳述する、ステートメントを発表する、声明する,The CEO will make a statement regarding the company's financial performance tomorrow.,CEOは明日、会社の財務実績に関する声明を発表します。,https://ejje.weblio.jp/content/make%20a%20statement,,
make a transition,つなぎを入れる,It is challenging for economies to make a transition to renewable energy sources.,経済が再生可能エネルギー源へ移行することは困難です。,https://ejje.weblio.jp/content/make%20a%20transition,404 Client Error: 404 for url: https://ejje.weblio.jp/content/make%20a%20transition,meaning_ja
make an argument,立論する,The research paper aims to make an argument for new policy interventions.,その研究論文は、新しい政策介入を主張することを目的としています。,https://ejje.weblio.jp/content/make%20an%20argument,,
make an assessment,評価を行う,We need to make an assessment of the environmental impact before proceeding.,続行する前に、環境影響の評価を行う必要があります。,https://ejje.weblio.jp/content/make%20an%20assessment,404 Client Error: 404 for url: https://ejje.weblio.jp/content/make%20an%20assessment,meaning_ja
make an assumption,推測する；憶測する,It is risky to make an assumption without solid data to support it.,確かなデータなしに仮定を立てるのは危険です。,https://ejje.weblio.jp/content/make%20an%20assumption,,
make an impact,影響を与える,New technologies have the potential to make an impact on global communication.,新技術は、グローバルなコミュニケーションに影響を与える可能性を秘めています。,https://ejje.weblio.jp/content/make%20an%20impact,,meaning_ja
make an impression,実績を残す、響く、印象を与える、印象をあたえる、届く、印象を与える,The candidate's innovative ideas managed to make an impression on the interview panel.,候補者の革新的なアイデアは、面接官に良い印象を与えました。,https://ejje.weblio.jp/content/make%20an%20impression,,
make an observation,意見を述べる,"During the experiment, scientists were able to make an observation about the reaction.",実験中、科学者たちはその反応について観察を行うことができました。,https://ejje.weblio.jp/content/make%20an%20observation,404 Client Error: 404 for url: https://ejje.weblio.jp/content/make%20an%20observation,meaning_ja
male dominance,男性上位、女性[男性]上位,Historical analysis often explores patterns of male dominance in various societies.,歴史的分析は、様々な社会における男性優位のパターンをしばしば探求します。,https://ejje.weblio.jp/content/male%20dominance,,
manual worker,肉体労働者、筋肉労働者、肉体労働者,The demand for skilled manual worker remains high in the construction industry.,建設業界では、熟練した肉体労働者の需要が依然として高いです。,https://ejje.weblio.jp/content/manual%20worker,,
manufacturing sector,製造業,The manufacturing sector is crucial for the national economy's growth.,製造業は、国家経済の成長にとって極めて重要です。,https://ejje.weblio.jp/content/manufacturing%20sector,404 Client Error: 404 for url: https://ejje.weblio.jp/content/manufacturing%20sector,meaning_ja
marked contrast,好対照,There was a marked contrast between the theoretical predictions and actual results.,理論的な予測と実際の結果の間には顕著な対照がありました。,https://ejje.weblio.jp/content/marked%20contrast,,
markedly different,著しく異なる,The two experimental groups showed markedly different responses to the treatment.,2つの実験グループは、治療に対して著しく異なる反応を示しました。,https://ejje.weblio.jp/content/markedly%20different,404 Client Error: 404 for url: https://ejje.weblio.jp/content/markedly%20different,meaning_ja
maximum duration,最大期間,The permit specifies a maximum duration of two years for the construction.,その許可証は、建設の最大期間を2年間と定めています。,https://ejje.weblio.jp/content/maximum%20duration,404 Client Error: 404 for url: https://ejje.weblio.jp/content/maximum%20duration,meaning_ja
mean score,平均得点,The mean score for the test was significantly higher than the previous year.,そのテストの平均点は、前年よりも大幅に高かった。,https://ejje.weblio.jp/content/mean%20score,404 Client Error: 404 for url: https://ejje.weblio.jp/content/mean%20score,meaning_ja
meaningful way,有意義な方法,Researchers sought to present complex data in a clear and meaningful way.,研究者たちは、複雑なデータを明確で意味のある方法で提示しようとしました。,https://ejje.weblio.jp/content/meaningful%20way,404 Client Error: 404 for url: https://ejje.weblio.jp/content/meaningful%20way,meaning_ja
media coverage,メディア掲載,"The event received extensive media coverage, increasing public awareness.",そのイベントは広範なメディア報道を受け、一般の認識を高めました。,https://ejje.weblio.jp/content/media%20coverage,,
medical assistance,医療扶助,Many people in rural areas lack access to essential medical assistance.,多くの地方の人々は、必要不可欠な医療支援へのアクセスが不足しています。,https://ejje.weblio.jp/content/medical%20assistance,,
medical treatment,治療、医学的処置,Advances in technology have revolutionized many aspects of medical treatment.,技術の進歩は、医療処置の多くの側面を革新しました。,https://ejje.weblio.jp/content/medical%20treatment,,
meet criteria,基準を満たす,All products must meet criteria for safety and environmental protection.,すべての製品は、安全性と環境保護の基準を満たす必要があります。,https://ejje.weblio.jp/content/meet%20criteria,404 Client Error: 404 for url: https://ejje.weblio.jp/content/meet%20criteria,meaning_ja
meet expectations,希望に沿う、期待に沿う；期待にこたえる,The new product aims to meet expectations for both quality and performance.,新製品は、品質と性能の両方で期待に応えることを目指しています。,https://ejje.weblio.jp/content/meet%20expectations,,
meet a requirement,要件を満たす,"To graduate, students must meet a requirement of completing a capstone project.",卒業するには、学生はキャップストーンプロジェクトを完了するという要件を満たす必要があります。,https://ejje.weblio.jp/content/meet%20a%20requirement,404 Client Error: 404 for url: https://ejje.weblio.jp/content/meet%20a%20requirement,meaning_ja
meet a target,目標を達成する,The sales team worked hard to meet a target of increased revenue this quarter.,営業チームは、今四半期の増収目標を達成するために懸命に働きました。,https://ejje.weblio.jp/content/meet%20a%20target,404 Client Error: 404 for url: https://ejje.weblio.jp/content/meet%20a%20target,meaning_ja
meet an objective,目標を達成する,The project successfully managed to meet an objective of reducing operational costs.,そのプロジェクトは、運用コスト削減という目標を達成することに成功しました。,https://ejje.weblio.jp/content/meet%20an%20objective,404 Client Error: 404 for url: https://ejje.weblio.jp/content/meet%20an%20objective,meaning_ja
mental health,メンタルヘルス、精神保健、心の健康,Promoting mental health awareness is vital for overall community well-being.,精神的健康への意識を高めることは、地域全体の幸福にとって不可欠です。,https://ejje.weblio.jp/content/mental%20health,,
mental illness,心の病,Stigma associated with mental illness often prevents individuals from seeking help.,精神疾患に関連する偏見は、しばしば個人が助けを求めることを妨げます。,https://ejje.weblio.jp/content/mental%20illness,,
mental state,心理状態; 心境; 精神状態,Stress can significantly affect an individual's mental state and productivity.,ストレスは、個人の精神状態と生産性に大きな影響を与える可能性があります。,https://ejje.weblio.jp/content/mental%20state,,translated_sentence
methodological approach,方法論的アプローチ,The study adopted a mixed-methods methodological approach for comprehensive analysis.,その研究は、包括的な分析のために混合法的な方法論的アプローチを採用しました。,https://ejje.weblio.jp/content/methodological%20approach,404 Client Error: 404 for url: https://ejje.weblio.jp/content/methodological%20approach,meaning_ja
methodological issue,方法論上の問題,The researchers discussed a methodological issue regarding data collection techniques.,研究者たちは、データ収集技術に関する方法論上の問題を議論しました。,https://ejje.weblio.jp/content/methodological%20issue,404 Client Error: 404 for url: https://ejje.weblio.jp/content/methodological%20issue,meaning_ja
methodological problem,方法論上の問題,Addressing this methodological problem is crucial for the validity of the findings.,この方法論上の問題に対処することは、研究結果の妥当性にとって極めて重要です。,https://ejje.weblio.jp/content/methodological%20problem,404 Client Error: 404 for url: https://ejje.weblio.jp/content/methodological%20problem,meaning_ja
metropolitan area,都内,Housing prices in the metropolitan area have risen sharply in recent years.,メトロポリタンエリアの住宅価格は、近年急激に上昇しています。,https://ejje.weblio.jp/content/metropolitan%20area,,
middle income,中所得層,Policies are often designed to support families in the middle income bracket.,政策はしばしば、中所得層の家庭を支援するように設計されています。,https://ejje.weblio.jp/content/middle%20income,404 Client Error: 404 for url: https://ejje.weblio.jp/content/middle%20income,meaning_ja
middle management,中間管理職,Middle management plays a key role in implementing organizational strategies.,中間管理職は、組織戦略の実行において重要な役割を果たします。,https://ejje.weblio.jp/content/middle%20management,,meaning_ja
migrant worker,出稼ぎ人; 出稼ぎ労働者,The welfare and rights of migrant worker populations are a growing concern.,出稼ぎ労働者人口の福祉と権利は、ますます懸念されています。,https://ejje.weblio.jp/content/migrant%20worker,,
military action,軍事行動,The international community debated the necessity of military action in the region.,国際社会は、その地域における軍事行動の必要性について議論しました。,https://ejje.weblio.jp/content/military%20action,,
military force,武力; 軍事力,The nation decided to deploy its military force to maintain stability.,その国は、安定を維持するために軍事力を展開することを決定しました。,https://ejje.weblio.jp/content/military%20force,,
military power,戦力; 軍事力; 兵力; 軍事大国,The balance of military power is a critical aspect of international relations.,軍事力の均衡は、国際関係の重要な側面です。,https://ejje.weblio.jp/content/military%20power,,
military service,兵役,Some countries still require citizens to perform mandatory military service.,一部の国では、依然として市民に義務的な兵役を課しています。,https://ejje.weblio.jp/content/military%20service,,
minimum level,最低水準,The system must maintain a minimum level of security against cyber threats.,システムは、サイバー脅威に対して最低限のセキュリティレベルを維持する必要があります。,https://ejje.weblio.jp/content/minimum%20level,,
minimum requirement,最低限必要な,Meeting the minimum requirement for the course is not sufficient for excellence.,そのコースの最低要件を満たすだけでは、優秀とは言えません。,https://ejje.weblio.jp/content/minimum%20requirement,,
minimum standard,最低基準,All products must meet a minimum standard of quality to be approved.,すべての製品は、承認されるために最低限の品質基準を満たす必要があります。,https://ejje.weblio.jp/content/minimum%20standard,,
minimum value,最低値、最小値,The analysis determined the minimum value required for optimal performance.,その分析は、最適なパフォーマンスに必要な最小値を決定しました。,https://ejje.weblio.jp/content/minimum%20value,,
minimum wage,最低賃金,Debates continue over the appropriate level of the minimum wage.,最低賃金の適切な水準について議論が続いています。,https://ejje.weblio.jp/content/minimum%20wage,,
minor change,仕様の若干の変更,The proposed minor change to the policy will have little impact.,提案された政策への小さな変更は、ほとんど影響を与えないでしょう。,https://ejje.weblio.jp/content/minor%20change,,
minor role,脇役、傍役、わき役、端役、端役,"While important, the department plays only a minor role in overall strategy.",重要ではあるものの、その部署は全体戦略において脇役を演じているにすぎません。,https://ejje.weblio.jp/content/minor%20role,,
minority group,少数派,Protecting the rights of every minority group is a fundamental principle.,すべての少数派グループの権利を保護することは、基本的な原則です。,https://ejje.weblio.jp/content/minority%20group,,
missing data,欠陥データ; 欠測値,The presence of missing data can significantly affect the reliability of research findings.,欠損データの存在は、研究結果の信頼性に大きな影響を与える可能性があります。,https://ejje.weblio.jp/content/missing%20data,,
modern culture,現代文化,Social media has become an integral part of modern culture and communication.,ソーシャルメディアは、現代文化とコミュニケーションの不可欠な一部となっています。,https://ejje.weblio.jp/content/modern%20culture,404 Client Error: 404 for url: https://ejje.weblio.jp/content/modern%20culture,meaning_ja
modern method,現代的な手法,The new factory employs a modern method of production for efficiency.,新しい工場は、効率化のために現代的な生産方法を採用しています。,https://ejje.weblio.jp/content/modern%20method,404 Client Error: 404 for url: https://ejje.weblio.jp/content/modern%20method,meaning_ja
modern society,現代社会; 近代社会,Digital literacy is increasingly essential for navigating modern society.,デジタルリテラシーは、現代社会を生き抜く上でますます不可欠になっています。,https://ejje.weblio.jp/content/modern%20society,,
modern technology,近代技術; 現代技術; 最新技術,Modern technology has transformed industries and improved daily life globally.,現代技術は産業を変革し、世界中の日常生活を向上させました。,https://ejje.weblio.jp/content/modern%20technology,,
modified form,修正された形式,The original proposal was presented in a modified form after feedback.,元の提案は、フィードバック後に修正された形で提示されました。,https://ejje.weblio.jp/content/modified%20form,404 Client Error: 404 for url: https://ejje.weblio.jp/content/modified%20form,meaning_ja
modified version,修正版,We are releasing a modified version of the software with enhanced features.,強化された機能を備えたソフトウェアの修正版をリリースします。,https://ejje.weblio.jp/content/modified%20version,,meaning_ja
moral dilemma,道徳的ジレンマ,Leaders often face a moral dilemma when making difficult decisions.,リーダーは困難な決定を下す際に、しばしば道徳的ジレンマに直面します。,https://ejje.weblio.jp/content/moral%20dilemma,,meaning_ja
moral philosophy,道学,Ethics is a central branch of moral philosophy exploring human values.,倫理学は、人間の価値を探求する道徳哲学の中心的な分野です。,https://ejje.weblio.jp/content/moral%20philosophy,,
moral principle,大道,Integrity is a fundamental moral principle in professional conduct.,誠実さは、専門職の行動における基本的な道徳原則です。,https://ejje.weblio.jp/content/moral%20principle,,
multiple identities,複数のアイデンティティ,Individuals in a globalized world often navigate multiple identities.,グローバル化された世界では、個人はしばしば複数のアイデンティティを使い分けています。,https://ejje.weblio.jp/content/multiple%20identities,,meaning_ja
multiple sources,複数情報源,The research gathered data from multiple sources to ensure validity.,その研究は、妥当性を確保するために複数の情報源からデータを収集しました。,https://ejje.weblio.jp/content/multiple%20sources,,
municipal government,市政、市政、市政,The municipal government announced plans for new public transportation routes.,市当局は、新しい公共交通機関路線の計画を発表しました。,https://ejje.weblio.jp/content/municipal%20government,,
mutual recognition,認識を合わせる；認識合わせ,Achieving mutual recognition of professional qualifications facilitates international trade.,専門資格の相互承認を達成することは、国際貿易を促進します。,https://ejje.weblio.jp/content/mutual%20recognition,,
mutual support,相互支援,Building strong teams requires a culture of mutual support and respect.,強力なチームを築くには、相互支援と尊敬の文化が必要です。,https://ejje.weblio.jp/content/mutual%20support,,
mutual trust,信じ合うこと,Effective collaboration relies heavily on mutual trust among team members.,効果的な協力は、チームメンバー間の相互信頼に大きく依存します。,https://ejje.weblio.jp/content/mutual%20trust,,
mutual understanding,意思の疎通、意志の疎通、意思の疏通、意志の疏通、意思疎通、相互理解、意思の疎通,Open communication is key to fostering mutual understanding in any relationship.,オープンなコミュニケーションは、あらゆる関係において相互理解を育む鍵です。,https://ejje.weblio.jp/content/mutual%20understanding,,
mutually exclusive,相互排他的な、相互排他の,These two theories are often considered mutually exclusive in their explanations.,これら二つの理論は、その説明においてしばしば相互排他的であると考えられています。,https://ejje.weblio.jp/content/mutually%20exclusive,,
narrow definition,狭義の定義,The study used a narrow definition of the term for specific analysis.,その研究は、特定の分析のためにその用語の狭い定義を使用しました。,https://ejje.weblio.jp/content/narrow%20definition,404 Client Error: 404 for url: https://ejje.weblio.jp/content/narrow%20definition,meaning_ja
narrow range of,狭い範囲の,The new policy targets a narrow range of specific industries.,新しい政策は、特定の産業の狭い範囲を対象としています。,https://ejje.weblio.jp/content/narrow%20range%20of,404 Client Error: 404 for url: https://ejje.weblio.jp/content/narrow%20range%20of,meaning_ja
national average,全国平均,The regional unemployment rate is below the national average.,その地域の失業率は全国平均を下回っています。,https://ejje.weblio.jp/content/national%20average,,
national boundary,国境,Many environmental issues transcend a single national boundary.,多くの環境問題は、単一の国境を越えています。,https://ejje.weblio.jp/content/national%20boundary,404 Client Error: 404 for url: https://ejje.weblio.jp/content/national%20boundary,meaning_ja
national conference,全国大会,Academics from across the country attended the national conference on AI ethics.,全国の学者たちがAI倫理に関する全国大会に出席しました。,https://ejje.weblio.jp/content/national%20conference,,
national culture,民族文化,Understanding national culture is crucial for successful international business ventures.,国民文化を理解することは、国際的なビジネスベンチャーを成功させる上で不可欠です。,https://ejje.weblio.jp/content/national%20culture,,
national economy,国民経済,Government policies aim to strengthen the national economy and promote sustainable growth.,政府の政策は、国民経済を強化し、持続可能な成長を促進することを目指しています。,https://ejje.weblio.jp/content/national%20economy,,
national government,国,The national government is responsible for providing essential public services to its citizens.,国は国民に不可欠な公共サービスを提供する責任があります。,https://ejje.weblio.jp/content/national%20government,,
national identity,国民的アイデンティティ,Language plays a crucial role in shaping a nation's cultural and national identity.,言語は、国家の文化的および国民的アイデンティティを形成する上で重要な役割を果たします。,https://ejje.weblio.jp/content/national%20identity,,meaning_ja
national income,国民所得,Economists analyze national income data to assess a country's economic health and progress.,経済学者は、国の経済状況と進捗を評価するために国民所得データを分析します。,https://ejje.weblio.jp/content/national%20income,,meaning_ja
national institution,国立機関,"The library is a significant national institution, preserving knowledge for future generations.",その図書館は、将来の世代のために知識を保存する重要な国立機関です。,https://ejje.weblio.jp/content/national%20institution,404 Client Error: 404 for url: https://ejje.weblio.jp/content/national%20institution,meaning_ja
national interest,ナショナルインタレスト; 国益,Diplomatic negotiations often prioritize actions that serve the national interest.,外交交渉では、国益に資する行動がしばしば優先されます。,https://ejje.weblio.jp/content/national%20interest,,
national language,国語,Promoting the national language is vital for cultural unity and communication.,国語の振興は、文化的な統一とコミュニケーションにとって不可欠です。,https://ejje.weblio.jp/content/national%20language,,
national legislation,国内法,New national legislation was passed to address environmental protection concerns.,環境保護の懸念に対処するため、新たな国内法が可決されました。,https://ejje.weblio.jp/content/national%20legislation,404 Client Error: 404 for url: https://ejje.weblio.jp/content/national%20legislation,meaning_ja
national market,国内市場,Many businesses aim to expand their reach across the entire national market.,多くの企業は、国内市場全体にわたって事業を拡大することを目指しています。,https://ejje.weblio.jp/content/national%20market,,
national media,全国メディア,The national media extensively covered the recent political developments.,全国メディアは最近の政治動向を大々的に報じました。,https://ejje.weblio.jp/content/national%20media,404 Client Error: 404 for url: https://ejje.weblio.jp/content/national%20media,meaning_ja
national movement,国民運動,The human rights campaign grew into a powerful national movement for social change.,その人権キャンペーンは、社会変革のための強力な国民運動へと発展しました。,https://ejje.weblio.jp/content/national%20movement,,
national policy,国策; 国是; 国家施策; 国家政策,Education is a key area of national policy for long-term societal development.,教育は、長期的な社会発展のための重要な国策分野です。,https://ejje.weblio.jp/content/national%20policy,,
national press,全国紙,"The story was picked up by the national press, bringing it widespread attention.",その話は全国紙に取り上げられ、広く注目を集めました。,https://ejje.weblio.jp/content/national%20press,,meaning_ja
national security,安全保障; ナショナル・セキュリティー,Maintaining national security is a primary responsibility of any government.,国家の安全保障を維持することは、いかなる政府にとっても主要な責任です。,https://ejje.weblio.jp/content/national%20security,,
national survey,全国調査,A national survey revealed significant public opinion trends on various issues.,全国調査により、様々な問題に関する世論の重要な傾向が明らかになりました。,https://ejje.weblio.jp/content/national%20survey,404 Client Error: 404 for url: https://ejje.weblio.jp/content/national%20survey,meaning_ja
native speaker,母国語話者、ネイティブスピーカー,Learning from a native speaker can significantly improve pronunciation and fluency.,ネイティブスピーカーから学ぶことで、発音と流暢さが大幅に向上します。,https://ejje.weblio.jp/content/native%20speaker,,
natural conditions,自然条件,"Plants adapt to survive under various natural conditions, such as climate and soil.",植物は、気候や土壌などの様々な自然条件の下で生き残るために適応します。,https://ejje.weblio.jp/content/natural%20conditions,,
natural disaster,自然災害,Regions prone to natural disaster require robust emergency preparedness plans.,自然災害に見舞われやすい地域では、堅牢な緊急準備計画が必要です。,https://ejje.weblio.jp/content/natural%20disaster,,
natural environment,自然環境,Protecting the natural environment is crucial for biodiversity and human well-being.,自然環境を保護することは、生物多様性と人類の幸福にとって極めて重要です。,https://ejje.weblio.jp/content/natural%20environment,,
natural history,博物学、博物誌,The museum exhibits fascinating artifacts related to the natural history of the region.,その博物館は、この地域の博物学に関連する魅力的な遺物を展示しています。,https://ejje.weblio.jp/content/natural%20history,,
natural language,自然言語; 自然語,Artificial intelligence systems are increasingly capable of processing and understanding natural language.,人工知能システムは、自然言語を処理し理解する能力をますます高めています。,https://ejje.weblio.jp/content/natural%20language,,
natural law,自然の理法、自然律、天理、自然法,The concept of natural law has influenced legal philosophy for centuries.,自然法の概念は、何世紀にもわたり法哲学に影響を与えてきました。,https://ejje.weblio.jp/content/natural%20law,,
natural order,自然の摂理,Many ancient cultures believed in a divine or natural order governing the universe.,多くの古代文化は、宇宙を支配する神聖な、あるいは自然の摂理を信じていました。,https://ejje.weblio.jp/content/natural%20order,,meaning_ja
natural philosophy,自然哲学,Isaac Newton's work was a cornerstone of what was then called natural philosophy.,アイザック・ニュートンの研究は、当時の自然哲学の基礎となりました。,https://ejje.weblio.jp/content/natural%20philosophy,,
natural process,自然過程,Erosion is a slow but continuous natural process that shapes landscapes over time.,浸食は、時間をかけて景観を形成する、遅いが連続的な自然過程です。,https://ejje.weblio.jp/content/natural%20process,,
natural resources,天然資源,Sustainable management of natural resources is essential for future generations.,天然資源の持続可能な管理は、将来の世代にとって不可欠です。,https://ejje.weblio.jp/content/natural%20resources,,
natural right,自然権,The concept of natural right asserts that certain rights are inherent to human beings.,自然権の概念は、特定の権利が人間に固有のものであると主張します。,https://ejje.weblio.jp/content/natural%20right,,
natural science,自然科学,"Physics, chemistry, and biology are core disciplines within natural science.",物理学、化学、生物学は自然科学の中核分野です。,https://ejje.weblio.jp/content/natural%20science,,
natural tendency,自然の勢い,Humans have a natural tendency to seek patterns and make connections.,人間には、パターンを求め、つながりを作るという自然の勢いがあります。,https://ejje.weblio.jp/content/natural%20tendency,,
natural world,自然界,Understanding the natural world helps us appreciate its complexity and beauty.,自然界を理解することは、その複雑さと美しさを評価するのに役立ちます。,https://ejje.weblio.jp/content/natural%20world,,
naturally occurring,自然起源の、天然起源の、自然発生の,Many minerals are naturally occurring compounds found deep within the Earth's crust.,多くの鉱物は、地殻の奥深くに存在する自然起源の化合物です。,https://ejje.weblio.jp/content/naturally%20occurring,,
necessary information,必要な情報,Please provide all necessary information to complete the application form accurately.,申請書を正確に完成させるために、必要な情報をすべて提供してください。,https://ejje.weblio.jp/content/necessary%20information,,
negative aspect,マイナス面,"Every decision has a positive and a negative aspect, requiring careful consideration.",どんな決定にもプラスとマイナスの側面があり、慎重な検討が必要です。,https://ejje.weblio.jp/content/negative%20aspect,,
negative attitude,消極的な態度,A negative attitude can hinder progress and affect team morale significantly.,消極的な態度は、進歩を妨げ、チームの士気に大きく影響する可能性があります。,https://ejje.weblio.jp/content/negative%20attitude,,
negative connotation,否定的な意味合い,"Some words carry a negative connotation, even if their literal meaning is neutral.",いくつかの単語は、文字通りの意味が中立であっても、否定的な意味合いを帯びています。,https://ejje.weblio.jp/content/negative%20connotation,,meaning_ja
negative consequences,しわ寄せ、シワ寄せ、皺寄せ,Ignoring climate change will undoubtedly lead to severe negative consequences globally.,気候変動を無視することは、間違いなく世界的に深刻なしわ寄せをもたらすでしょう。,https://ejje.weblio.jp/content/negative%20consequences,,
negative correlation,負相関,There is a negative correlation between hours of sleep and stress levels.,睡眠時間とストレスレベルの間には負の相関があります。,https://ejje.weblio.jp/content/negative%20correlation,,
negative effect,マイナス効果,Pollution has a significant negative effect on public health and ecosystems.,汚染は公衆衛生と生態系に大きなマイナス効果をもたらします。,https://ejje.weblio.jp/content/negative%20effect,,
negative feedback,負のフィードバック、ネガティブフィードバック、負帰還,The system uses negative feedback to maintain stability and regulate its output.,そのシステムは、安定性を維持し、出力を調整するために負のフィードバックを使用します。,https://ejje.weblio.jp/content/negative%20feedback,,
negative impact,悪影響,Deforestation has a severe negative impact on biodiversity and climate regulation.,森林伐採は、生物多様性と気候調節に深刻な悪影響を及ぼします。,https://ejje.weblio.jp/content/negative%20impact,,
negative outcome,悪い結果,Poor planning often leads to a negative outcome in complex projects.,不十分な計画は、複雑なプロジェクトにおいてしばしば悪い結果につながります。,https://ejje.weblio.jp/content/negative%20outcome,404 Client Error: 404 for url: https://ejje.weblio.jp/content/negative%20outcome,meaning_ja
negative side,マイナス面,It's important to consider the negative side of any proposal before making a decision.,決定を下す前に、どんな提案のマイナス面も考慮することが重要です。,https://ejje.weblio.jp/content/negative%20side,,
negative stereotype,否定的な固定観念,Education can help challenge and overcome a negative stereotype about certain groups.,教育は、特定の集団に関する否定的な固定観念に異議を唱え、克服するのに役立ちます。,https://ejje.weblio.jp/content/negative%20stereotype,404 Client Error: 404 for url: https://ejje.weblio.jp/content/negative%20stereotype,meaning_ja
negative value,負値,"In some financial models, a negative value indicates a loss or debt.",一部の財務モデルでは、負値は損失または負債を示します。,https://ejje.weblio.jp/content/negative%20value,,
negative view,反対論,"Despite some critics holding a negative view, the project moved forward successfully.",一部の批評家が反対論を抱いていたにもかかわらず、プロジェクトは成功裏に進みました。,https://ejje.weblio.jp/content/negative%20view,,
negatively correlated with,…と負の相関関係にある,Exercise frequency is often negatively correlated with the risk of chronic diseases.,運動頻度は、慢性疾患のリスクと負の相関関係にあることが多いです。,https://ejje.weblio.jp/content/negatively%20correlated%20with,404 Client Error: 404 for url: https://ejje.weblio.jp/content/negatively%20correlated%20with,meaning_ja
new initiative,新しい取り組み,The company launched a new initiative to promote employee wellness and productivity.,その会社は、従業員の健康と生産性を促進するための新しい取り組みを開始しました。,https://ejje.weblio.jp/content/new%20initiative,,
new insight,新展開,This research offers a new insight into the complex dynamics of social networks.,この研究は、ソーシャルネットワークの複雑な力学に新たな洞察を提供します。,https://ejje.weblio.jp/content/new%20insight,,
new perspective,新たな視点,The study provides a new perspective on the historical events of the era.,その研究は、その時代の歴史的出来事について新たな視点を提供します。,https://ejje.weblio.jp/content/new%20perspective,,
newly acquired,新たに取得した,The museum proudly displayed its newly acquired collection of ancient artifacts.,その博物館は、新たに取得した古代遺物のコレクションを誇らしげに展示しました。,https://ejje.weblio.jp/content/newly%20acquired,404 Client Error: 404 for url: https://ejje.weblio.jp/content/newly%20acquired,meaning_ja
newly created,新しく作成された,The newly created department will focus on innovation and technological advancement.,新しく作成された部署は、イノベーションと技術進歩に焦点を当てます。,https://ejje.weblio.jp/content/newly%20created,,meaning_ja
newly discovered,新たに発見された,Scientists are excited about the newly discovered species in the rainforest.,科学者たちは、熱帯雨林で新たに発見された種に興奮しています。,https://ejje.weblio.jp/content/newly%20discovered,404 Client Error: 404 for url: https://ejje.weblio.jp/content/newly%20discovered,meaning_ja
newly emerging,新たに台頭しつつある,The conference will address challenges posed by newly emerging technologies.,その会議では、新たに台頭しつつある技術がもたらす課題に対処します。,https://ejje.weblio.jp/content/newly%20emerging,404 Client Error: 404 for url: https://ejje.weblio.jp/content/newly%20emerging,meaning_ja
newly established,新設の,The newly established research center aims to collaborate with international partners.,新設の研究センターは、国際的なパートナーとの協力を目指しています。,https://ejje.weblio.jp/content/newly%20established,,
newly formed,新しく形成された；新しく作られた,The newly formed committee will oversee the implementation of the new regulations.,新しく形成された委員会は、新しい規制の実施を監督します。,https://ejje.weblio.jp/content/newly%20formed,,
next decade,今後10年間,Experts predict significant changes in the global economy over the next decade.,専門家は、今後10年間で世界経済に大きな変化があると予測しています。,https://ejje.weblio.jp/content/next%20decade,,meaning_ja
next generation,次世代型、次世代の,Educating the next generation is crucial for societal progress and innovation.,次世代を教育することは、社会の進歩とイノベーションにとって極めて重要です。,https://ejje.weblio.jp/content/next%20generation,,
next phase,次の段階,The project is now ready to move into its next phase of development.,プロジェクトは現在、次の段階の開発へと進む準備ができています。,https://ejje.weblio.jp/content/next%20phase,404 Client Error: 404 for url: https://ejje.weblio.jp/content/next%20phase,meaning_ja
normal conditions,基準状態,"The equipment operates efficiently under normal conditions, but needs maintenance.",その機器は基準状態では効率的に動作しますが、メンテナンスが必要です。,https://ejje.weblio.jp/content/normal%20conditions,,
normal development,正常発生,Proper nutrition is essential for the normal development of children.,適切な栄養は、子供たちの正常な発育に不可欠です。,https://ejje.weblio.jp/content/normal%20development,,
normal distribution,正規分布,"Many natural phenomena, like human height, follow a normal distribution.",人間の身長のように、多くの自然現象は正規分布に従います。,https://ejje.weblio.jp/content/normal%20distribution,,
normal practice,常道,It is normal practice to back up important data regularly.,重要なデータを定期的にバックアップすることは常道です。,https://ejje.weblio.jp/content/normal%20practice,,
notable exception,特筆すべき例外,"Most rules have exceptions, but this case is a notable exception.",ほとんどの規則には例外がありますが、このケースは特筆すべき例外です。,https://ejje.weblio.jp/content/notable%20exception,404 Client Error: 404 for url: https://ejje.weblio.jp/content/notable%20exception,meaning_ja
nuclear energy,核エネルギー,Nuclear energy can provide a large amount of electricity with low carbon emissions.,核エネルギーは、低炭素排出で大量の電力を供給できます。,https://ejje.weblio.jp/content/nuclear%20energy,,
nuclear family,核家族,The concept of the nuclear family has evolved significantly over time.,核家族という概念は、時間をかけて大きく進化してきました。,https://ejje.weblio.jp/content/nuclear%20family,,
nuclear power,原子力,Debates continue regarding the safety and future of nuclear power generation.,原子力発電の安全性と将来に関する議論は続いています。,https://ejje.weblio.jp/content/nuclear%20power,,
nuclear war,核戦争,Preventing nuclear war remains a top priority for international diplomacy.,核戦争の防止は、国際外交にとって最優先事項であり続けています。,https://ejje.weblio.jp/content/nuclear%20war,,
nuclear weapon,核兵器,Efforts are made to reduce the proliferation of nuclear weapon technology worldwide.,核兵器技術の世界的拡散を減らすための努力がなされています。,https://ejje.weblio.jp/content/nuclear%20weapon,,
numerical data,数値データ,Researchers collected extensive numerical data for statistical analysis.,研究者たちは、統計分析のために広範な数値データを収集しました。,https://ejje.weblio.jp/content/numerical%20data,,
numerical value,数値,Each variable in the experiment was assigned a specific numerical value.,実験における各変数には、特定の数値が割り当てられました。,https://ejje.weblio.jp/content/numerical%20value,,
numerous studies,数多くの研究,Numerous studies have confirmed the positive correlation between exercise and health.,数多くの研究が、運動と健康の間の正の相関関係を確認しています。,https://ejje.weblio.jp/content/numerous%20studies,404 Client Error: 404 for url: https://ejje.weblio.jp/content/numerous%20studies,meaning_ja
objective criteria,客観的基準,Decisions should be based on objective criteria rather than personal bias.,決定は、個人的な偏見ではなく客観的基準に基づいて行われるべきです。,https://ejje.weblio.jp/content/objective%20criteria,404 Client Error: 404 for url: https://ejje.weblio.jp/content/objective%20criteria,meaning_ja
objective reality,客観的実在,Science aims to understand and describe the objective reality of the universe.,科学は、宇宙の客観的実在を理解し記述することを目指します。,https://ejje.weblio.jp/content/objective%20reality,,
obtain data,データを取る,Researchers plan to obtain data through surveys and experimental observations.,研究者たちは、調査と実験的観察を通じてデータを取ることを計画しています。,https://ejje.weblio.jp/content/obtain%20data,,
obtain information,情報を入手する,It is crucial to obtain information from reliable sources for accurate reporting.,正確な報告のためには、信頼できる情報源から情報を入手することが極めて重要です。,https://ejje.weblio.jp/content/obtain%20information,,
obtain a result,結果を得る,Scientists conducted several trials to obtain a consistent result.,科学者たちは、一貫した結果を得るためにいくつかの試行を行いました。,https://ejje.weblio.jp/content/obtain%20a%20result,404 Client Error: 404 for url: https://ejje.weblio.jp/content/obtain%20a%20result,meaning_ja
obvious difference,明らかな違い,There is an obvious difference in quality between the two products.,2つの製品の間には、明らかな違いがあります。,https://ejje.weblio.jp/content/obvious%20difference,404 Client Error: 404 for url: https://ejje.weblio.jp/content/obvious%20difference,meaning_ja
obvious example,明らかな例,Pollution is an obvious example of human impact on the environment.,汚染は、人間が環境に与える影響の明らかな例です。,https://ejje.weblio.jp/content/obvious%20example,404 Client Error: 404 for url: https://ejje.weblio.jp/content/obvious%20example,meaning_ja
obvious point,当たり前のこと,It's an obvious point that sustainability is important for future generations.,持続可能性が将来の世代にとって重要であることは当たり前のことです。,https://ejje.weblio.jp/content/obvious%20point,404 Client Error: 404 for url: https://ejje.weblio.jp/content/obvious%20point,meaning_ja
obvious reason,明白な理由,"For some obvious reason, the experiment did not yield the expected outcomes.",何か明白な理由で、その実験は期待された結果をもたらしませんでした。,https://ejje.weblio.jp/content/obvious%20reason,404 Client Error: 404 for url: https://ejje.weblio.jp/content/obvious%20reason,meaning_ja
occur frequently,良くある、頻発する、〈事故などが〉・多発する、頻出する,Errors in data entry can occur frequently if quality control is lacking.,品質管理が不十分な場合、データ入力のエラーは頻繁に起こります。,https://ejje.weblio.jp/content/occur%20frequently,,
occur naturally,自然に起こる,Many beneficial compounds occur naturally in various plant species.,多くの有益な化合物は、様々な植物種に自然に起こります。,https://ejje.weblio.jp/content/occur%20naturally,404 Client Error: 404 for url: https://ejje.weblio.jp/content/occur%20naturally,meaning_ja
offer insight into,..... ～は … に洞察を加えている,This study offers insight into the complex mechanisms of disease progression.,この研究は、病気の進行の複雑なメカニズムに洞察を加えます。,https://ejje.weblio.jp/content/offer%20insight%20into,,
offer an opportunity,機会を提供する,The conference will offer an opportunity for networking and collaboration.,その会議は、ネットワーキングと協力の機会を提供するでしょう。,https://ejje.weblio.jp/content/offer%20an%20opportunity,404 Client Error: 404 for url: https://ejje.weblio.jp/content/offer%20an%20opportunity,meaning_ja
official statistics,官庁統計,Government policies are often formulated based on official statistics.,政府の政策は、しばしば官庁統計に基づいて策定されます。,https://ejje.weblio.jp/content/official%20statistics,,
once established,一度確立されれば,"Once established, a new paradigm can significantly influence future research.",一度確立されれば、新しいパラダイムは将来の研究に大きな影響を与える可能性があります。,https://ejje.weblio.jp/content/once%20established,404 Client Error: 404 for url: https://ejje.weblio.jp/content/once%20established,meaning_ja
ongoing debate,現在も続く議論,There is an ongoing debate about the ethics of artificial intelligence.,人工知能の倫理については、現在も続く議論があります。,https://ejje.weblio.jp/content/ongoing%20debate,404 Client Error: 404 for url: https://ejje.weblio.jp/content/ongoing%20debate,meaning_ja
ongoing process,進行中のプロセス,Learning a new language is an ongoing process that requires dedication.,新しい言語を学ぶことは、献身を必要とする進行中のプロセスです。,https://ejje.weblio.jp/content/ongoing%20process,404 Client Error: 404 for url: https://ejje.weblio.jp/content/ongoing%20process,meaning_ja
online access,オンラインアクセス,Providing online access to educational resources enhances learning opportunities for everyone.,教育リソースへのオンラインアクセスを提供することは、誰もが学習機会を向上させます。,https://ejje.weblio.jp/content/online%20access,,meaning_ja
online database,オンラインデータベース,Researchers can easily find relevant articles using the university's online database.,研究者は、大学のオンラインデータベースを使って関連論文を簡単に見つけることができます。,https://ejje.weblio.jp/content/online%20database,,meaning_ja
online journal,電子ジャーナル,Many academic papers are now published in open-access online journal formats.,多くの学術論文は現在、オープンアクセスの電子ジャーナル形式で出版されています。,https://ejje.weblio.jp/content/online%20journal,,
online version,オンライン版,The latest report is available in an online version on the organization's website.,最新の報告書は、組織のウェブサイトでオンライン版として入手可能です。,https://ejje.weblio.jp/content/online%20version,,
open access,開架、オープンアクセスのロゴタイプ。、オー‐エー,The university promotes open access to research publications for wider dissemination.,大学は、より広範な普及のために研究出版物へのオープンアクセスを推進しています。,https://ejje.weblio.jp/content/open%20access,,
opening chapter,序章,The opening chapter of the book sets the stage for the entire narrative.,その本の序章は、物語全体の舞台を設定しています。,https://ejje.weblio.jp/content/opening%20chapter,404 Client Error: 404 for url: https://ejje.weblio.jp/content/opening%20chapter,meaning_ja
opening section,冒頭部分,The opening section of the report summarizes the key findings.,報告書の冒頭部分は、主要な調査結果を要約しています。,https://ejje.weblio.jp/content/opening%20section,404 Client Error: 404 for url: https://ejje.weblio.jp/content/opening%20section,meaning_ja
opinion leader,オピニオンリーダー,Opinion leaders play a significant role in shaping public perceptions and trends.,オピニオンリーダーは、一般の認識やトレンドを形成する上で重要な役割を果たします。,https://ejje.weblio.jp/content/opinion%20leader,,meaning_ja
optimal solution,最適解,Finding the optimal solution to complex problems often requires computational methods.,複雑な問題の最適解を見つけるには、しばしば計算手法が必要です。,https://ejje.weblio.jp/content/optimal%20solution,,
oral history,口述歴史(資料),Collecting oral history provides valuable first-hand accounts of past events.,口述歴史資料を収集することは、過去の出来事に関する貴重な一次情報を提供します。,https://ejje.weblio.jp/content/oral%20history,,
oral presentation,口頭発表、口演発表、口演,Students will deliver an oral presentation on their research findings next week.,学生たちは来週、研究成果について口頭発表を行います。,https://ejje.weblio.jp/content/oral%20presentation,,
organizing principle,組織化の原則,Hierarchy serves as a fundamental organizing principle in many formal organizations.,階層は、多くの公式組織において基本的な組織化の原則として機能します。,https://ejje.weblio.jp/content/organizing%20principle,404 Client Error: 404 for url: https://ejje.weblio.jp/content/organizing%20principle,meaning_ja
organizational structure,組織の仕組み,The company's organizational structure was redesigned to improve efficiency.,その会社の組織の仕組みは、効率を向上させるために再設計されました。,https://ejje.weblio.jp/content/organizational%20structure,,
original author,起案者、原作者、原作者,Always cite the original author when referencing their work in academic papers.,学術論文で他者の著作物を引用する際は、必ず原作者を明記してください。,https://ejje.weblio.jp/content/original%20author,,
original context,元の文脈,It's important to understand a quote in its original context to avoid misinterpretation.,誤解を避けるためには、引用を元の文脈で理解することが重要です。,https://ejje.weblio.jp/content/original%20context,404 Client Error: 404 for url: https://ejje.weblio.jp/content/original%20context,meaning_ja
original data,元データ,Researchers must ensure the integrity and accessibility of their original data.,研究者は、元のデータの完全性とアクセス可能性を保証しなければなりません。,https://ejje.weblio.jp/content/original%20data,,
original intent,本来の意図,The law's interpretation often considers the original intent of its creators.,法律の解釈は、しばしばその作成者の本来の意図を考慮します。,https://ejje.weblio.jp/content/original%20intent,404 Client Error: 404 for url: https://ejje.weblio.jp/content/original%20intent,meaning_ja
original meaning,原義、正意、勝義、原意、原義、〈原義〉・本義,"Over time, words can evolve, sometimes losing their original meaning.",時間が経つにつれて、言葉は進化し、時には原義を失うことがあります。,https://ejje.weblio.jp/content/original%20meaning,,
original model,オリジナルモデル,The new design improves upon the weaknesses found in the original model.,新しいデザインは、オリジナルモデルで見つかった弱点を改善しています。,https://ejje.weblio.jp/content/original%20model,404 Client Error: 404 for url: https://ejje.weblio.jp/content/original%20model,meaning_ja
original position,原位置カテゴリ技術用語,"In theory, participants should choose principles from an original position of fairness.",理論上、参加者は公平な原位置から原則を選ぶべきです。,https://ejje.weblio.jp/content/original%20position,,
original research,独自の研究,Doctoral dissertations typically require a significant contribution of original research.,博士論文は通常、独自の研究における重要な貢献を必要とします。,https://ejje.weblio.jp/content/original%20research,,meaning_ja
original source,提供元,Always refer to the original source when verifying information for academic writing.,学術的な執筆のために情報を確認する際は、常に提供元を参照してください。,https://ejje.weblio.jp/content/original%20source,,
original text,底本,Translators work diligently to convey the nuance of the original text.,翻訳者は、底本のニュアンスを伝えるために熱心に作業します。,https://ejje.weblio.jp/content/original%20text,,
original version,オリジナル版,The director's cut often differs significantly from the original version of the film.,ディレクターズカットは、しばしば映画のオリジナル版と大きく異なります。,https://ejje.weblio.jp/content/original%20version,404 Client Error: 404 for url: https://ejje.weblio.jp/content/original%20version,meaning_ja
original work,原作品、原著作物,Copyright law protects the rights of creators of original work.,著作権法は、原作品の創作者の権利を保護します。,https://ejje.weblio.jp/content/original%20work,,
originally developed,当初開発された,"The methodology was originally developed for a different field, but adapted here.",この手法は当初開発された分野とは異なりますが、ここで応用されました。,https://ejje.weblio.jp/content/originally%20developed,404 Client Error: 404 for url: https://ejje.weblio.jp/content/originally%20developed,meaning_ja
originally intended,当初の意図,The project deviated from its originally intended scope due to unforeseen challenges.,そのプロジェクトは、予期せぬ課題により当初の意図された範囲から逸脱しました。,https://ejje.weblio.jp/content/originally%20intended,404 Client Error: 404 for url: https://ejje.weblio.jp/content/originally%20intended,meaning_ja
overall aim,全体的な目的,The overall aim of the research is to explore sustainable urban development.,この研究の全体的な目的は、持続可能な都市開発を探求することです。,https://ejje.weblio.jp/content/overall%20aim,404 Client Error: 404 for url: https://ejje.weblio.jp/content/overall%20aim,meaning_ja
overall effect,全体的な効果,We need to consider the overall effect of these changes on the ecosystem.,これらの変化が生態系に及ぼす全体的な効果を考慮する必要があります。,https://ejje.weblio.jp/content/overall%20effect,404 Client Error: 404 for url: https://ejje.weblio.jp/content/overall%20effect,meaning_ja
overall level,オーヴァーロールレベル、全帯域レベル,The overall level of public satisfaction with the new policy is high.,新しい政策に対する国民の満足度の全体的なレベルは高いです。,https://ejje.weblio.jp/content/overall%20level,,
overall performance,全体的な性能；総合的な性能,The company's overall performance improved significantly in the last quarter.,その会社の全体的な性能は、前四半期に大幅に向上しました。,https://ejje.weblio.jp/content/overall%20performance,,
overall picture,全体像,It's important to look at the overall picture before making a judgment.,判断を下す前に、全体像を見ることは重要です。,https://ejje.weblio.jp/content/overall%20picture,,meaning_ja;translated_sentence
overall rate,総合率,The overall rate of inflation has shown a slight increase this year.,今年のインフレの総合率はわずかに上昇しています。,https://ejje.weblio.jp/content/overall%20rate,404 Client Error: 404 for url: https://ejje.weblio.jp/content/overall%20rate,meaning_ja
overall structure,全体構成,Understanding the overall structure of the organization is essential.,組織の全体構成を理解することは不可欠です。,https://ejje.weblio.jp/content/overall%20structure,,
overwhelming majority,圧倒的過半数,The proposal was approved by an overwhelming majority of the committee members.,その提案は、委員の圧倒的過半数によって承認されました。,https://ejje.weblio.jp/content/overwhelming%20majority,,
paid employment,有給雇用,Access to stable paid employment is crucial for economic independence.,安定した有給雇用へのアクセスは、経済的自立にとって極めて重要です。,https://ejje.weblio.jp/content/paid%20employment,,
paramount importance,極めて重要,Ensuring data privacy is of paramount importance in digital transactions.,デジタル取引において、データプライバシーの確保は極めて重要です。,https://ejje.weblio.jp/content/paramount%20importance,404 Client Error: 404 for url: https://ejje.weblio.jp/content/paramount%20importance,meaning_ja
particular area,特定の地域,Experts specialize in a particular area of research or expertise.,専門家は、特定の研究分野や専門知識に特化しています。,https://ejje.weblio.jp/content/particular%20area,404 Client Error: 404 for url: https://ejje.weblio.jp/content/particular%20area,meaning_ja
particular aspect,特定の側面,The study focuses on a particular aspect of climate change impact.,この研究は、気候変動の影響の特定の側面に焦点を当てています。,https://ejje.weblio.jp/content/particular%20aspect,,meaning_ja
particular emphasis,特に重点を置く,The new policy places particular emphasis on renewable energy development.,新しい政策は、再生可能エネルギー開発に特に重点を置いています。,https://ejje.weblio.jp/content/particular%20emphasis,404 Client Error: 404 for url: https://ejje.weblio.jp/content/particular%20emphasis,meaning_ja
particular feature,特徴,This particular feature makes the product stand out from competitors.,この特徴は、その製品を競合他社から際立たせています。,https://ejje.weblio.jp/content/particular%20feature,404 Client Error: 404 for url: https://ejje.weblio.jp/content/particular%20feature,meaning_ja
particular focus,特に重点を置く,The workshop will have a particular focus on practical application skills.,そのワークショップは、実践的な応用スキルに特に重点を置きます。,https://ejje.weblio.jp/content/particular%20focus,404 Client Error: 404 for url: https://ejje.weblio.jp/content/particular%20focus,meaning_ja
particular individual,特定の個人,The system is designed to meet the specific requirements of a particular individual.,そのシステムは、特定の個人の具体的な要件を満たすように設計されています。,https://ejje.weblio.jp/content/particular%20individual,404 Client Error: 404 for url: https://ejje.weblio.jp/content/particular%20individual,meaning_ja
particular meaning,特定の意味,"In this context, the word carries a particular meaning that differs from common usage.",この文脈では、その単語は一般的な用法とは異なる特定の意味を持っています。,https://ejje.weblio.jp/content/particular%20meaning,404 Client Error: 404 for url: https://ejje.weblio.jp/content/particular%20meaning,meaning_ja
particularly acute,とりわけ深刻な,The housing shortage is particularly acute in major urban centers.,住宅不足は主要な都市中心部でとりわけ深刻な問題です。,https://ejje.weblio.jp/content/particularly%20acute,404 Client Error: 404 for url: https://ejje.weblio.jp/content/particularly%20acute,meaning_ja
particularly apparent,とりわけ顕著である,The benefits of this approach became particularly apparent during the crisis.,このアプローチの利点は、危機の間にとりわけ顕著になりました。,https://ejje.weblio.jp/content/particularly%20apparent,404 Client Error: 404 for url: https://ejje.weblio.jp/content/particularly%20apparent,meaning_ja
particularly appropriate,とりわけふさわしい,This method is particularly appropriate for analyzing large datasets efficiently.,この方法は、大規模なデータセットを効率的に分析するのにとりわけふさわしいです。,https://ejje.weblio.jp/content/particularly%20appropriate,404 Client Error: 404 for url: https://ejje.weblio.jp/content/particularly%20appropriate,meaning_ja
particularly concerned with,特に注目しているのは,The research team is particularly concerned with the ethical implications of AI.,研究チームは、AIの倫理的意味合いに特に注目しています。,https://ejje.weblio.jp/content/particularly%20concerned%20with,404 Client Error: 404 for url: https://ejje.weblio.jp/content/particularly%20concerned%20with,meaning_ja
particularly effective,特に効果的,This strategy proved particularly effective in reducing costs and improving efficiency.,この戦略は、コスト削減と効率向上に特に効果的であることが証明されました。,https://ejje.weblio.jp/content/particularly%20effective,404 Client Error: 404 for url: https://ejje.weblio.jp/content/particularly%20effective,meaning_ja
particularly evident,とりわけ顕著である,The impact of climate change is particularly evident in polar regions.,気候変動の影響は、極地でとりわけ顕著です。,https://ejje.weblio.jp/content/particularly%20evident,404 Client Error: 404 for url: https://ejje.weblio.jp/content/particularly%20evident,meaning_ja
particularly influential,とりわけ影響力がある,Her work became particularly influential in the field of sociology.,彼女の仕事は、社会学の分野でとりわけ影響力がありました。,https://ejje.weblio.jp/content/particularly%20influential,404 Client Error: 404 for url: https://ejje.weblio.jp/content/particularly%20influential,meaning_ja
particularly relevant,特に関連性が高い,These findings are particularly relevant to current policy discussions.,これらの発見は、現在の政策議論に特に関連性が高いです。,https://ejje.weblio.jp/content/particularly%20relevant,404 Client Error: 404 for url: https://ejje.weblio.jp/content/particularly%20relevant,meaning_ja
particularly sensitive,とりわけデリケートな,This issue is particularly sensitive and requires careful diplomatic handling.,この問題はとりわけデリケートであり、慎重な外交的対応が必要です。,https://ejje.weblio.jp/content/particularly%20sensitive,404 Client Error: 404 for url: https://ejje.weblio.jp/content/particularly%20sensitive,meaning_ja
particularly significant,とりわけ重要,The discovery represents a particularly significant breakthrough in medical science.,この発見は、医学においてとりわけ重要な画期的な出来事を意味します。,https://ejje.weblio.jp/content/particularly%20significant,,meaning_ja
particularly striking,とりわけ印象的,The artist's use of color is particularly striking in this painting.,この絵画における画家の色彩の使用は、とりわけ印象的です。,https://ejje.weblio.jp/content/particularly%20striking,404 Client Error: 404 for url: https://ejje.weblio.jp/content/particularly%20striking,meaning_ja
particularly successful,とりわけ成功した,The new marketing campaign proved particularly successful in attracting younger demographics.,新しいマーケティングキャンペーンは、若い層を引き付けるのにとりわけ成功しました。,https://ejje.weblio.jp/content/particularly%20successful,404 Client Error: 404 for url: https://ejje.weblio.jp/content/particularly%20successful,meaning_ja
particularly suited to,特に適している,This methodology is particularly suited to qualitative research designs.,この手法は、定性的な研究デザインに特に適しています。,https://ejje.weblio.jp/content/particularly%20suited%20to,404 Client Error: 404 for url: https://ejje.weblio.jp/content/particularly%20suited%20to,meaning_ja
particularly useful,特に役立つ,This tool is particularly useful for analyzing large datasets quickly.,このツールは、大規模なデータセットを迅速に分析するのに特に役立ちます。,https://ejje.weblio.jp/content/particularly%20useful,404 Client Error: 404 for url: https://ejje.weblio.jp/content/particularly%20useful,meaning_ja
particularly valuable,とりわけ価値がある,The ancient manuscript is considered particularly valuable for historical studies.,その古代の写本は、歴史研究にとってとりわけ価値があるとされています。,https://ejje.weblio.jp/content/particularly%20valuable,404 Client Error: 404 for url: https://ejje.weblio.jp/content/particularly%20valuable,meaning_ja
partly responsible for,一因となっている,Poor urban planning is partly responsible for the traffic congestion problem.,不十分な都市計画が、交通渋滞問題の一因となっています。,https://ejje.weblio.jp/content/partly%20responsible%20for,404 Client Error: 404 for url: https://ejje.weblio.jp/content/partly%20responsible%20for,meaning_ja
party leader,党幹部; 党首,The party leader outlined the new policy initiatives at the conference.,党首は会議で新しい政策の取り組みを説明しました。,https://ejje.weblio.jp/content/party%20leader,,
past research,これまでの研究,Our current study builds upon the findings of past research in this field.,現在の私たちの研究は、この分野におけるこれまでの研究の知見に基づいています。,https://ejje.weblio.jp/content/past%20research,404 Client Error: 404 for url: https://ejje.weblio.jp/content/past%20research,meaning_ja
peace treaty,講和条約; 平和条約,The two nations signed a peace treaty after years of conflict.,両国は何年もの紛争の後、平和条約に署名しました。,https://ejje.weblio.jp/content/peace%20treaty,,
perceived importance,認識される重要性,The perceived importance of a problem influences its prioritization.,問題の認識される重要性は、その優先順位に影響を与えます。,https://ejje.weblio.jp/content/perceived%20importance,404 Client Error: 404 for url: https://ejje.weblio.jp/content/perceived%20importance,meaning_ja
perceived need,認知された必要性これは通常、関わりのある人々や地域社会において感じられているが、保健の専門家には気づかれないような健康管理の必要性のことを示唆している ．,Policies should address the perceived need of the community members.,政策は、地域住民の認知された必要性に対処すべきです。,https://ejje.weblio.jp/content/perceived%20need,,
perceived threat,認識された脅威,A perceived threat can trigger a strong defensive reaction.,認識された脅威は、強い防衛反応を引き起こす可能性があります。,https://ejje.weblio.jp/content/perceived%20threat,404 Client Error: 404 for url: https://ejje.weblio.jp/content/perceived%20threat,meaning_ja
perform a function,関数を実行する,Each component in the machine is designed to perform a specific function.,機械の各部品は、特定の機能を実行するように設計されています。,https://ejje.weblio.jp/content/perform%20a%20function,404 Client Error: 404 for url: https://ejje.weblio.jp/content/perform%20a%20function,meaning_ja
perform a study,調査を行う,Researchers will perform a study on the effects of new medication.,研究者たちは新しい薬の影響について調査を行います。,https://ejje.weblio.jp/content/perform%20a%20study,404 Client Error: 404 for url: https://ejje.weblio.jp/content/perform%20a%20study,meaning_ja
perform a task,仕事を行なう,Employees are trained to perform a task efficiently and accurately.,従業員は、仕事を効率的かつ正確に行なうように訓練されています。,https://ejje.weblio.jp/content/perform%20a%20task,,
personal choice,個人の選択,Health decisions are often a matter of personal choice.,健康に関する決定は、しばしば個人の選択の問題です。,https://ejje.weblio.jp/content/personal%20choice,404 Client Error: 404 for url: https://ejje.weblio.jp/content/personal%20choice,meaning_ja
personal circumstances,自己都合,Support is available for those facing difficult personal circumstances.,困難な自己都合に直面している人々には支援が利用可能です。,https://ejje.weblio.jp/content/personal%20circumstances,,
personal communication,私信,"The information was shared via personal communication, not public channels.",その情報は公開チャンネルではなく、私信を通じて共有されました。,https://ejje.weblio.jp/content/personal%20communication,,
personal contact,スキンシップ、個人的接触,Building trust often requires direct personal contact.,信頼を築くには、直接的な個人的接触がしばしば必要です。,https://ejje.weblio.jp/content/personal%20contact,,
personal control,自己管理,Feeling a sense of personal control contributes to well-being.,自己管理の感覚を持つことは、幸福に貢献します。,https://ejje.weblio.jp/content/personal%20control,404 Client Error: 404 for url: https://ejje.weblio.jp/content/personal%20control,meaning_ja
personal experience,体験、直接の経験、体験,Her talk was enriched by her deep personal experience in the field.,彼女の話は、その分野での深い個人的な体験によって豊かになりました。,https://ejje.weblio.jp/content/personal%20experience,,
personal information,個人情報,Protecting personal information is a top priority for our company.,個人情報の保護は、当社の最優先事項です。,https://ejje.weblio.jp/content/personal%20information,,
personal interest,個人的な関心,He pursued the research project out of pure personal interest.,彼は純粋な個人的な関心からその研究プロジェクトを追求しました。,https://ejje.weblio.jp/content/personal%20interest,404 Client Error: 404 for url: https://ejje.weblio.jp/content/personal%20interest,meaning_ja
personal knowledge,直接の認識、自分自身での認識,This decision was based on my personal knowledge of the situation.,この決定は、状況に対する私の直接の認識に基づいていました。,https://ejje.weblio.jp/content/personal%20knowledge,,
personal quality,個人の資質,Leadership requires specific personal qualities like integrity and vision.,リーダーシップには、誠実さやビジョンといった特定の個人の資質が必要です。,https://ejje.weblio.jp/content/personal%20quality,404 Client Error: 404 for url: https://ejje.weblio.jp/content/personal%20quality,meaning_ja
personal relationship,人々の関係,Maintaining a healthy personal relationship is essential for happiness.,健全な人々の関係を維持することは、幸福にとって不可欠です。,https://ejje.weblio.jp/content/personal%20relationship,,
personal responsibility,個人保官責任,Taking personal responsibility for one's actions is a sign of maturity.,自分の行動に個人の責任を持つことは、成熟の証です。,https://ejje.weblio.jp/content/personal%20responsibility,,
personal safety,個人の安全,Always prioritize personal safety when working in hazardous environments.,危険な環境で作業する際は、常に個人の安全を最優先してください。,https://ejje.weblio.jp/content/personal%20safety,,meaning_ja
personal space,個人空間、パーソナルスペース,Respecting personal space is important in all social interactions.,すべての社会的相互作用において、個人空間を尊重することは重要です。,https://ejje.weblio.jp/content/personal%20space,,
physical activity,身体活動性、身体活動能力、身体活動,Regular physical activity is vital for maintaining good health.,定期的な身体活動は、良好な健康を維持するために不可欠です。,https://ejje.weblio.jp/content/physical%20activity,,
physical appearance,身体的外見、容貌,Physical appearance can sometimes influence first impressions.,身体的外見は、時に第一印象に影響を与えることがあります。,https://ejje.weblio.jp/content/physical%20appearance,,
physical characteristics,物理特性、物性,The material's physical characteristics make it suitable for extreme conditions.,その材料の物理特性は、極限状態に適しています。,https://ejje.weblio.jp/content/physical%20characteristics,,
physical contact,身体的接触; 物理的接触,Many sports involve a high degree of physical contact.,多くのスポーツは、高度な身体的接触を伴います。,https://ejje.weblio.jp/content/physical%20contact,,
physical development,物理現像,Adequate nutrition is crucial for healthy physical development in children.,適切な栄養は、子供の健全な身体の発達に不可欠です。,https://ejje.weblio.jp/content/physical%20development,,
physical environment,物理的環境,The design of the building optimizes the use of the physical environment.,建物の設計は、物理的環境の利用を最適化しています。,https://ejje.weblio.jp/content/physical%20environment,,
physical features,身体的特徴；物理的性質,The robot was designed with advanced physical features for mobility.,そのロボットは、移動性のための高度な物理的性質を備えて設計されました。,https://ejje.weblio.jp/content/physical%20features,,
physical health,心身の健康,Regular exercise contributes significantly to good physical health.,定期的な運動は、良好な心身の健康に大きく貢献します。,https://ejje.weblio.jp/content/physical%20health,404 Client Error: 404 for url: https://ejje.weblio.jp/content/physical%20health,meaning_ja
physical needs,身体的ニーズ,Access to clean water is a fundamental physical need.,きれいな水へのアクセスは、基本的な身体的ニーズです。,https://ejje.weblio.jp/content/physical%20needs,404 Client Error: 404 for url: https://ejje.weblio.jp/content/physical%20needs,meaning_ja
physical presence,物理的な存在,"Despite remote work, physical presence is sometimes required for team meetings.",リモートワークにもかかわらず、チーム会議には物理的な存在が時々必要です。,https://ejje.weblio.jp/content/physical%20presence,,meaning_ja
physical properties,物性,Scientists study the physical properties of new materials.,科学者は新素材の物性を研究しています。,https://ejje.weblio.jp/content/physical%20properties,,
physical proximity,物理的な近さ,Physical proximity can enhance collaboration among team members.,物理的な近さは、チームメンバー間の協力を促進することができます。,https://ejje.weblio.jp/content/physical%20proximity,404 Client Error: 404 for url: https://ejje.weblio.jp/content/physical%20proximity,meaning_ja
physical science,自然科学,Physics is a fundamental branch of physical science.,物理学は自然科学の基本的な分野です。,https://ejje.weblio.jp/content/physical%20science,,
physical space,物理空間,The design emphasizes efficient use of physical space.,その設計は、物理空間の効率的な利用を強調しています。,https://ejje.weblio.jp/content/physical%20space,,
physical symptom,身体症状,Stress can manifest itself in various physical symptoms.,ストレスは様々な身体症状として現れることがあります。,https://ejje.weblio.jp/content/physical%20symptom,,
physical world,外界、自然界、物質界,Our senses allow us to perceive the physical world around us.,私たちの感覚は、周りの物理世界を認識することを可能にします。,https://ejje.weblio.jp/content/physical%20world,,
pilot study,パイロット研究、パイロット・スタディ、予備研究,A pilot study was conducted to test the feasibility of the project.,プロジェクトの実現可能性を試すために予備研究が実施されました。,https://ejje.weblio.jp/content/pilot%20study,,
pioneering work,先駆的な取り組み,Her pioneering work laid the foundation for future research.,彼女の先駆的な取り組みは、将来の研究の基礎を築きました。,https://ejje.weblio.jp/content/pioneering%20work,404 Client Error: 404 for url: https://ejje.weblio.jp/content/pioneering%20work,meaning_ja
pivotal role,中心的役割,Technology plays a pivotal role in modern economic development.,テクノロジーは現代の経済発展において中心的な役割を果たしています。,https://ejje.weblio.jp/content/pivotal%20role,,
place emphasis,重点を置く,The new policy will place emphasis on environmental protection.,新しい政策は環境保護に重点を置くでしょう。,https://ejje.weblio.jp/content/place%20emphasis,404 Client Error: 404 for url: https://ejje.weblio.jp/content/place%20emphasis,meaning_ja
planning stage,企画段階,The project is currently in its early planning stage.,そのプロジェクトは現在、初期の企画段階にあります。,https://ejje.weblio.jp/content/planning%20stage,,
plausible explanation,もっともらしい説明,The witness provided a plausible explanation for her absence.,証人は、彼女の不在に対するもっともらしい説明を提供しました。,https://ejje.weblio.jp/content/plausible%20explanation,404 Client Error: 404 for url: https://ejje.weblio.jp/content/plausible%20explanation,meaning_ja
play a role in,… において役割を果たす,Education plays a crucial role in shaping a society's future.,教育は社会の未来を形作る上で重要な役割を果たします。,https://ejje.weblio.jp/content/play%20a%20role%20in,,
political activism,政治活動,Youth engagement in political activism is essential for democratic change.,民主的な変革には、若者の政治活動への参加が不可欠です。,https://ejje.weblio.jp/content/political%20activism,404 Client Error: 404 for url: https://ejje.weblio.jp/content/political%20activism,meaning_ja
political activity,conservatismや保守主義の同義語(異表記)、政治活動,Many citizens participate in various forms of political activity to express their views.,多くの市民が意見を表明するために様々な形の政治活動に参加します。,https://ejje.weblio.jp/content/political%20activity,,
political agenda,政治路線,The new administration quickly introduced its core political agenda to the public.,新政権は、その主要な政治路線を速やかに国民に提示しました。,https://ejje.weblio.jp/content/political%20agenda,,
political arena,政界,New ideas and policies are constantly debated within the political arena.,新しいアイデアや政策は常に政界で議論されています。,https://ejje.weblio.jp/content/political%20arena,,
political authority,政治的権威,The government exercises its political authority to maintain order and stability.,政府は秩序と安定を維持するために政治的権威を行使します。,https://ejje.weblio.jp/content/political%20authority,404 Client Error: 404 for url: https://ejje.weblio.jp/content/political%20authority,meaning_ja
political circumstances,政治情勢,Decisions are often influenced by the prevailing political circumstances of the time.,決定はしばしば、その時の支配的な政治情勢に影響されます。,https://ejje.weblio.jp/content/political%20circumstances,404 Client Error: 404 for url: https://ejje.weblio.jp/content/political%20circumstances,meaning_ja
political climate,政治風土、政治状況,The current political climate favors discussions on environmental protection.,現在の政治風土は環境保護に関する議論を好んでいます。,https://ejje.weblio.jp/content/political%20climate,,
political conflict,政治的対立,Resolving political conflict requires diplomacy and mutual understanding.,政治的対立を解決するには、外交と相互理解が必要です。,https://ejje.weblio.jp/content/political%20conflict,404 Client Error: 404 for url: https://ejje.weblio.jp/content/political%20conflict,meaning_ja
political consciousness,政治意識,The media can raise public political consciousness on important social issues.,メディアは重要な社会問題に対する国民の政治意識を高めることができます。,https://ejje.weblio.jp/content/political%20consciousness,,
political consensus,政治的合意,Achieving political consensus is vital for implementing long-term reforms.,長期的な改革を実行するには、政治的合意の達成が不可欠です。,https://ejje.weblio.jp/content/political%20consensus,404 Client Error: 404 for url: https://ejje.weblio.jp/content/political%20consensus,meaning_ja
political consequences,政治的影響,Neglecting public opinion can lead to severe political consequences for leaders.,世論を無視することは、指導者にとって深刻な政治的影響をもたらす可能性があります。,https://ejje.weblio.jp/content/political%20consequences,404 Client Error: 404 for url: https://ejje.weblio.jp/content/political%20consequences,meaning_ja
political consideration,政治的配慮,Every policy decision involves careful political consideration and strategic planning.,すべての政策決定には、慎重な政治的配慮と戦略的計画が伴います。,https://ejje.weblio.jp/content/political%20consideration,,
political context,政治的背景,Understanding the historical political context is crucial for analyzing current events.,現在の出来事を分析するには、歴史的な政治的背景を理解することが重要です。,https://ejje.weblio.jp/content/political%20context,,
political culture,政治文化,A democratic political culture encourages open debate and citizen participation.,民主的な政治文化は、公開討論と市民参加を奨励します。,https://ejje.weblio.jp/content/political%20culture,,
political debate,政治討論,Engaging in constructive political debate is essential for a healthy democracy.,建設的な政治討論に参加することは、健全な民主主義にとって不可欠です。,https://ejje.weblio.jp/content/political%20debate,404 Client Error: 404 for url: https://ejje.weblio.jp/content/political%20debate,meaning_ja
political dimension,政治的側面,Every major economic decision has a significant political dimension.,すべての主要な経済的決定には、重要な政治的側面があります。,https://ejje.weblio.jp/content/political%20dimension,404 Client Error: 404 for url: https://ejje.weblio.jp/content/political%20dimension,meaning_ja
political economy,政治経済学、経済学,The study of political economy examines the interplay between politics and economics.,政治経済学の研究は、政治と経済の相互作用を考察します。,https://ejje.weblio.jp/content/political%20economy,,
political environment,政治情勢,Businesses must adapt to changes in the global political environment.,企業は世界の政治情勢の変化に適応しなければなりません。,https://ejje.weblio.jp/content/political%20environment,404 Client Error: 404 for url: https://ejje.weblio.jp/content/political%20environment,meaning_ja
political factors,政治的要因,"Economic growth is influenced by various political factors, including stability.",経済成長は、安定性を含む様々な政治的要因に影響されます。,https://ejje.weblio.jp/content/political%20factors,,
political identity,政治的アイデンティティ,Individuals often develop a strong political identity based on their beliefs.,個人はしばしば、自身の信念に基づいて強い政治的アイデンティティを形成します。,https://ejje.weblio.jp/content/political%20identity,404 Client Error: 404 for url: https://ejje.weblio.jp/content/political%20identity,meaning_ja
political ideology,政治的イデオロギー,Different nations often adhere to distinct political ideology systems.,異なる国家はしばしば、明確な政治的イデオロギー体系を遵守します。,https://ejje.weblio.jp/content/political%20ideology,404 Client Error: 404 for url: https://ejje.weblio.jp/content/political%20ideology,meaning_ja
political implications,政治的な意味合い,The new trade agreement has significant political implications for international relations.,新しい貿易協定は、国際関係に重要な政治的な意味合いを持っています。,https://ejje.weblio.jp/content/political%20implications,404 Client Error: 404 for url: https://ejje.weblio.jp/content/political%20implications,meaning_ja
political instability,政情不安、政治的不安定、政情不安定,Periods of political instability can hinder economic development and social progress.,政情不安の期間は、経済発展と社会進歩を妨げることがあります。,https://ejje.weblio.jp/content/political%20instability,,
political institution,政治制度,Democratic societies rely on robust political institutions to function effectively.,民主主義社会は、効果的に機能するために強固な政治制度に依存しています。,https://ejje.weblio.jp/content/political%20institution,,
political leader,政治指導者,A strong political leader is crucial for guiding a nation through crises.,強力な政治指導者は、危機に瀕した国家を導く上で極めて重要です。,https://ejje.weblio.jp/content/political%20leader,,
political mobilization,政治的動員,Social media can play a key role in political mobilization for protests.,ソーシャルメディアは、抗議活動のための政治的動員において重要な役割を果たすことができます。,https://ejje.weblio.jp/content/political%20mobilization,404 Client Error: 404 for url: https://ejje.weblio.jp/content/political%20mobilization,meaning_ja
political movement,政治運動,The civil rights political movement brought about significant societal changes.,公民権政治運動は、社会に大きな変化をもたらしました。,https://ejje.weblio.jp/content/political%20movement,,
political organization,政治団体; 政治結社,Many non-governmental groups function as a political organization to advocate for causes.,多くの非政府組織は、特定の目的を提唱する政治団体として機能します。,https://ejje.weblio.jp/content/political%20organization,,
political participation,政治参加,Encouraging youth political participation is vital for future democratic health.,若者の政治参加を促すことは、将来の民主主義の健全性にとって不可欠です。,https://ejje.weblio.jp/content/political%20participation,,
political party,政党,Voters often choose a political party based on their core values.,有権者はしばしば、自身の核となる価値観に基づいて政党を選びます。,https://ejje.weblio.jp/content/political%20party,,
political philosophy,政治哲学、政治思想、政治哲学,Diverse political philosophies offer different perspectives on governance and society.,多様な政治哲学は、統治と社会について異なる視点を提供します。,https://ejje.weblio.jp/content/political%20philosophy,,
political reality,政治的現実,Leaders must confront the complex political reality when making difficult decisions.,指導者は困難な決定を下す際、複雑な政治的現実と向き合わなければなりません。,https://ejje.weblio.jp/content/political%20reality,404 Client Error: 404 for url: https://ejje.weblio.jp/content/political%20reality,meaning_ja
political reform,政治の改革,Calls for political reform often arise during times of social unrest.,政治の改革を求める声は、社会不安の時期によく上がります。,https://ejje.weblio.jp/content/political%20reform,,
political representation,政治的代表,Ensuring fair political representation is a cornerstone of democracy.,公正な政治的代表を確保することは、民主主義の礎石です。,https://ejje.weblio.jp/content/political%20representation,404 Client Error: 404 for url: https://ejje.weblio.jp/content/political%20representation,meaning_ja
political significance,政治的意義,The event holds great political significance for the entire region.,その出来事は、地域全体にとって大きな政治的意義を持っています。,https://ejje.weblio.jp/content/political%20significance,404 Client Error: 404 for url: https://ejje.weblio.jp/content/political%20significance,meaning_ja
political spectrum,政治的スペクトル（せいじてきスペクトル、英: political spectrum）また政治光譜（せいじこうふ）とは、異なった政治的立場の分布をモデル化した方法の一つで、1つまたは複数の幾何学上の座標軸にそれらを配置することによって、個別の政治的な側面を明確にするものである。,Opinions on the issue span across the entire political spectrum.,その問題に関する意見は、政治的スペクトルの全域にわたっています。,https://ejje.weblio.jp/content/political%20spectrum,,
political stability,政治的安定,Economic prosperity often depends on a nation's political stability.,経済的繁栄はしばしば、国家の政治的安定に依存します。,https://ejje.weblio.jp/content/political%20stability,404 Client Error: 404 for url: https://ejje.weblio.jp/content/political%20stability,meaning_ja
political status,政治的地位,The region's political status remains a complex and sensitive issue.,その地域の政治的地位は、複雑でデリケートな問題のままです。,https://ejje.weblio.jp/content/political%20status,404 Client Error: 404 for url: https://ejje.weblio.jp/content/political%20status,meaning_ja
political structure,政治機構,Understanding a country's political structure is key to effective diplomacy.,ある国の政治機構を理解することは、効果的な外交の鍵です。,https://ejje.weblio.jp/content/political%20structure,,
politically correct,政治的に正しい,Using politically correct language promotes inclusivity and respect in communication.,政治的に正しい言葉遣いは、コミュニケーションにおける包括性と尊敬を促進します。,https://ejje.weblio.jp/content/politically%20correct,,meaning_ja
politically motivated,政治的な動機による,Some decisions appear to be politically motivated rather than based on policy.,いくつかの決定は、政策に基づくというよりも政治的な動機によるもののように見えます。,https://ejje.weblio.jp/content/politically%20motivated,404 Client Error: 404 for url: https://ejje.weblio.jp/content/politically%20motivated,meaning_ja
poorly understood,十分に理解されていない,The complex mechanisms of the disease are still poorly understood.,その病気の複雑なメカニズムは、依然として十分に理解されていません。,https://ejje.weblio.jp/content/poorly%20understood,404 Client Error: 404 for url: https://ejje.weblio.jp/content/poorly%20understood,meaning_ja
popular culture,大衆文化、民衆文化、大衆文化,Popular culture often reflects the prevailing social attitudes and trends.,大衆文化はしばしば、支配的な社会の態度や流行を反映します。,https://ejje.weblio.jp/content/popular%20culture,,
popular media,大衆メディア,Popular media plays a significant role in shaping public opinion.,大衆メディアは世論形成において重要な役割を果たします。,https://ejje.weblio.jp/content/popular%20media,404 Client Error: 404 for url: https://ejje.weblio.jp/content/popular%20media,meaning_ja
pose a challenge,課題となる,Rapid technological advancements often pose a challenge to existing regulations.,急速な技術進歩は、既存の規制に課題をもたらすことがよくあります。,https://ejje.weblio.jp/content/pose%20a%20challenge,,meaning_ja
pose a problem,～が問題をもたらす；～が問題を提起する,The increasing demand for resources could pose a problem in the future.,資源に対する需要の増加は、将来的に問題をもたらす可能性があります。,https://ejje.weblio.jp/content/pose%20a%20problem,,
pose a question,疑問を提出する,The research findings pose a question about the conventional wisdom.,その研究結果は、従来の通念に疑問を投げかけています。,https://ejje.weblio.jp/content/pose%20a%20question,,
pose a threat to,脅威となる[を与える],Climate change continues to pose a significant threat to global ecosystems.,気候変動は、世界の生態系にとって重大な脅威を与え続けています。,https://ejje.weblio.jp/content/pose%20a%20threat%20to,,
positive action,ポジティブ‐アクション,The company took positive action to address diversity issues in the workplace.,その会社は職場における多様性の問題に対処するため、ポジティブアクションを取りました。,https://ejje.weblio.jp/content/positive%20action,,
positive aspect,プラス面,It is important to focus on the positive aspect of every situation.,どんな状況でも、プラス面に焦点を当てることが重要です。,https://ejje.weblio.jp/content/positive%20aspect,,
positive attitude,前向きな姿勢；積極的な姿勢,Maintaining a positive attitude can greatly improve problem-solving abilities.,前向きな姿勢を保つことは、問題解決能力を大いに向上させることができます。,https://ejje.weblio.jp/content/positive%20attitude,,
positive connotation,肯定的な意味合い,"The word ""innovative"" generally carries a strong positive connotation.",「革新的な」という言葉は、一般的に強い肯定的な意味合いを持っています。,https://ejje.weblio.jp/content/positive%20connotation,404 Client Error: 404 for url: https://ejje.weblio.jp/content/positive%20connotation,meaning_ja
positive correlation,正相関,There is a positive correlation between education levels and income.,教育水準と収入の間には正の相関があります。,https://ejje.weblio.jp/content/positive%20correlation,,
positive discrimination,積極的差別是正,Some argue for positive discrimination to rectify historical inequalities in society.,一部の人は、社会における歴史的な不平等を是正するために積極的差別是正を主張します。,https://ejje.weblio.jp/content/positive%20discrimination,,meaning_ja
positive effect,プラスの効果,Regular exercise has a positive effect on both physical and mental health.,定期的な運動は、身体的および精神的健康の両方にプラスの効果をもたらします。,https://ejje.weblio.jp/content/positive%20effect,,meaning_ja
positive feature,長所,Its user-friendly interface is a major positive feature of the new software.,そのユーザーフレンドリーなインターフェースは、新しいソフトウェアの主要な長所です。,https://ejje.weblio.jp/content/positive%20feature,404 Client Error: 404 for url: https://ejje.weblio.jp/content/positive%20feature,meaning_ja
positive feedback,ポジティブフィードバック、正のフィードパック、正帰還,Providing positive feedback encourages employees to continue their good work.,ポジティブフィードバックを提供することは、従業員が良好な仕事を続けることを奨励します。,https://ejje.weblio.jp/content/positive%20feedback,,
positive image,ポジ像; ポジ,Companies strive to maintain a positive image among their customers.,企業は顧客の間でポジティブなイメージを維持するよう努めています。,https://ejje.weblio.jp/content/positive%20image,,
positive impact,プラスの影響,The project had a significant positive impact on the local economy.,そのプロジェクトは地域経済に大きなプラスの影響を与えました。,https://ejje.weblio.jp/content/positive%20impact,404 Client Error: 404 for url: https://ejje.weblio.jp/content/positive%20impact,meaning_ja
positive influence,良い影響,Mentors can have a profound positive influence on their mentees' careers.,メンターは、被指導者のキャリアに深い良い影響を与えることができます。,https://ejje.weblio.jp/content/positive%20influence,404 Client Error: 404 for url: https://ejje.weblio.jp/content/positive%20influence,meaning_ja
positive outcome,良好な結果,Careful planning often leads to a more positive outcome for complex tasks.,慎重な計画は、複雑なタスクに対してより良好な結果をもたらすことがよくあります。,https://ejje.weblio.jp/content/positive%20outcome,404 Client Error: 404 for url: https://ejje.weblio.jp/content/positive%20outcome,meaning_ja
positive relationship,良好な関係,Building a positive relationship with clients is crucial for business success.,顧客との良好な関係を築くことは、ビジネスの成功にとって極めて重要です。,https://ejje.weblio.jp/content/positive%20relationship,,meaning_ja
positive result,陽性結果,The new treatment showed a positive result in early clinical trials.,その新しい治療法は、初期の臨床試験で陽性結果を示しました。,https://ejje.weblio.jp/content/positive%20result,404 Client Error: 404 for url: https://ejje.weblio.jp/content/positive%20result,meaning_ja
positive value,正値,Promoting diversity adds significant positive value to any organization.,多様性を促進することは、あらゆる組織に大きな正値をもたらします。,https://ejje.weblio.jp/content/positive%20value,,
positive view,肯定的な見方,Maintaining a positive view helps one overcome challenges effectively.,肯定的な見方を維持することは、課題を効果的に乗り越えるのに役立ちます。,https://ejje.weblio.jp/content/positive%20view,404 Client Error: 404 for url: https://ejje.weblio.jp/content/positive%20view,meaning_ja
positively associated with,…と正の相関がある,Higher education levels are often positively associated with better health outcomes.,高い教育水準は、より良い健康状態と正の相関があることが多いです。,https://ejje.weblio.jp/content/positively%20associated%20with,404 Client Error: 404 for url: https://ejje.weblio.jp/content/positively%20associated%20with,meaning_ja
positively correlated with,と正の相関がある,Research shows that exercise is positively correlated with improved mood.,研究によると、運動は気分の改善と正の相関があります。,https://ejje.weblio.jp/content/positively%20correlated%20with,404 Client Error: 404 for url: https://ejje.weblio.jp/content/positively%20correlated%20with,meaning_ja
possible consequences,考えられる結果,It's important to consider all possible consequences before making a decision.,決定を下す前に、考えられるすべての結果を考慮することが重要です。,https://ejje.weblio.jp/content/possible%20consequences,,meaning_ja
possible explanation,考えられる説明,Researchers are seeking a possible explanation for the observed phenomenon.,研究者たちは、観察された現象に対する考えられる説明を探しています。,https://ejje.weblio.jp/content/possible%20explanation,404 Client Error: 404 for url: https://ejje.weblio.jp/content/possible%20explanation,meaning_ja
possible outcome,考えられる結果,We must prepare for every possible outcome of the negotiation process.,交渉プロセスのあらゆる考えられる結果に備える必要があります。,https://ejje.weblio.jp/content/possible%20outcome,,meaning_ja
possible source,考えられる原因,Investigators are examining every possible source of the contamination.,調査官は汚染の考えられるすべての原因を調べています。,https://ejje.weblio.jp/content/possible%20source,404 Client Error: 404 for url: https://ejje.weblio.jp/content/possible%20source,meaning_ja
potential benefits,潜在的有効性,The new technology offers significant potential benefits for energy efficiency.,その新技術は、エネルギー効率に関して大きな潜在的有効性を提供します。,https://ejje.weblio.jp/content/potential%20benefits,,
potential conflict,潜在的な対立,Early detection of potential conflict can prevent larger disputes later.,潜在的な対立を早期に発見することは、後のより大きな紛争を防ぐことができます。,https://ejje.weblio.jp/content/potential%20conflict,404 Client Error: 404 for url: https://ejje.weblio.jp/content/potential%20conflict,meaning_ja
potential customer,見込み顧客,Marketing strategies aim to convert a potential customer into a loyal buyer.,マーケティング戦略は、見込み顧客を忠実な購入者に変えることを目指しています。,https://ejje.weblio.jp/content/potential%20customer,,
potential harm,潜在的な危害,Regulations are put in place to minimize potential harm to consumers.,消費者への潜在的な危害を最小限に抑えるために、規制が設けられています。,https://ejje.weblio.jp/content/potential%20harm,404 Client Error: 404 for url: https://ejje.weblio.jp/content/potential%20harm,meaning_ja
potential impact,潜在影響; 潜在効果,Environmental assessments evaluate the potential impact of new development projects.,環境アセスメントは、新しい開発プロジェクトの潜在影響を評価します。,https://ejje.weblio.jp/content/potential%20impact,,
potential problem,ポテンシャル問題,Identifying a potential problem early can save resources and time.,潜在的な問題を早期に特定することで、資源と時間を節約できます。,https://ejje.weblio.jp/content/potential%20problem,,
potential risk,潜在危険性,Every investment carries a certain level of potential risk.,すべての投資には、ある程度の潜在危険性が伴います。,https://ejje.weblio.jp/content/potential%20risk,,
potential source,潜在源,Researchers identified several potential sources of the new virus.,研究者たちは、新しいウイルスのいくつかの潜在源を特定しました。,https://ejje.weblio.jp/content/potential%20source,,
potential value,潜在価値,The old artifacts hold immense potential value for historical research.,その古い遺物は、歴史研究にとって計り知れない潜在価値を持っています。,https://ejje.weblio.jp/content/potential%20value,,
potentially dangerous,潜在的に危険な,Handling certain chemicals can be potentially dangerous without proper safety measures.,特定の化学物質の取り扱いは、適切な安全対策なしでは潜在的に危険です。,https://ejje.weblio.jp/content/potentially%20dangerous,404 Client Error: 404 for url: https://ejje.weblio.jp/content/potentially%20dangerous,meaning_ja
powerful force,強大な力,Public opinion can be a powerful force in shaping government policy.,世論は、政府の政策を形作る上で強大な力となり得ます。,https://ejje.weblio.jp/content/powerful%20force,404 Client Error: 404 for url: https://ejje.weblio.jp/content/powerful%20force,meaning_ja
powerful group,強力なグループ,A small but powerful group influences many key decisions.,小規模だが強力なグループが、多くの重要な決定に影響を与えています。,https://ejje.weblio.jp/content/powerful%20group,404 Client Error: 404 for url: https://ejje.weblio.jp/content/powerful%20group,meaning_ja
powerful influence,多大な影響力,Technology has a powerful influence on how we communicate and learn.,テクノロジーは、私たちのコミュニケーションや学習方法に多大な影響力を持っています。,https://ejje.weblio.jp/content/powerful%20influence,404 Client Error: 404 for url: https://ejje.weblio.jp/content/powerful%20influence,meaning_ja
powerful tool,強力なツール,Data analytics has become a powerful tool for modern businesses.,データ分析は現代のビジネスにとって強力なツールとなっています。,https://ejje.weblio.jp/content/powerful%20tool,404 Client Error: 404 for url: https://ejje.weblio.jp/content/powerful%20tool,meaning_ja
practical consideration,実務上の考慮事項,Implementing the plan requires careful practical consideration of resources and logistics.,計画の実行には、資源と物流に関する慎重な実務上の考慮事項が必要です。,https://ejje.weblio.jp/content/practical%20consideration,404 Client Error: 404 for url: https://ejje.weblio.jp/content/practical%20consideration,meaning_ja
practical difficulties,実務上の困難,"The project faced several practical difficulties, including funding and staffing.",そのプロジェクトは、資金調達や人員配置など、いくつかの実務上の困難に直面しました。,https://ejje.weblio.jp/content/practical%20difficulties,404 Client Error: 404 for url: https://ejje.weblio.jp/content/practical%20difficulties,meaning_ja
practical issue,実務上の問題,Addressing the practical issue of waste management is a global priority.,廃棄物管理の実務上の問題に対処することは、世界的な優先事項です。,https://ejje.weblio.jp/content/practical%20issue,404 Client Error: 404 for url: https://ejje.weblio.jp/content/practical%20issue,meaning_ja
practical significance,実際的意義,The research findings have considerable practical significance for public health.,その研究結果は、公衆衛生にとってかなりの実際的意義を持っています。,https://ejje.weblio.jp/content/practical%20significance,,
preceding chapter,前章,"As discussed in the preceding chapter, economic factors are crucial.",前章で議論したように、経済的要因は極めて重要です。,https://ejje.weblio.jp/content/preceding%20chapter,,
preceding discussion,前述の議論,"Building on the preceding discussion, we will explore new perspectives.",前述の議論に基づいて、新しい視点を探求します。,https://ejje.weblio.jp/content/preceding%20discussion,404 Client Error: 404 for url: https://ejje.weblio.jp/content/preceding%20discussion,meaning_ja
preceding section,前のセクション,The methodology was detailed in the preceding section of this report.,その方法論は、本レポートの前のセクションで詳述されました。,https://ejje.weblio.jp/content/preceding%20section,404 Client Error: 404 for url: https://ejje.weblio.jp/content/preceding%20section,meaning_ja
precise definition,厳密な定義,Providing a precise definition is crucial for academic clarity.,正確な定義を提供することは、学術的な明確さにとって不可欠です。,https://ejje.weblio.jp/content/precise%20definition,,meaning_ja
precise nature,正確な性質,The precise nature of the relationship between the variables is still unclear.,変数間の関係の正確な性質は、まだ不明確です。,https://ejje.weblio.jp/content/precise%20nature,404 Client Error: 404 for url: https://ejje.weblio.jp/content/precise%20nature,meaning_ja
predictive power,予知力,The new model demonstrates strong predictive power for market trends.,その新しいモデルは、市場トレンドに対して強力な予知力を示しています。,https://ejje.weblio.jp/content/predictive%20power,,
preferential treatment,優待、特恵、優先扱い、特別扱い、優遇措置、〈特別有利に扱うこと〉・優待、特別待遇、優遇、特別扱い、特恵,Some countries offer preferential treatment to trading partners for specific goods.,一部の国は、特定の品目について貿易相手国に優遇措置を提供します。,https://ejje.weblio.jp/content/preferential%20treatment,,
preliminary data,予備資料; 予備データ,"Preliminary data suggests a positive trend, but further analysis is needed.",予備資料は肯定的な傾向を示唆していますが、さらなる分析が必要です。,https://ejje.weblio.jp/content/preliminary%20data,,
preliminary findings,予備的な調査結果,The preliminary findings of the study were presented at the conference.,その研究の予備的な調査結果は会議で発表されました。,https://ejje.weblio.jp/content/preliminary%20findings,,meaning_ja
preliminary result,予備調査結果; 序報; 一次結果; 予備試験成績; 予試験成績,We are awaiting the preliminary result of the clinical trial next month.,来月、臨床試験の予備調査結果を待っています。,https://ejje.weblio.jp/content/preliminary%20result,,
premature death,premature mortalityや若年死亡率の同義語(異表記)、若死に、早死に,Lifestyle choices can significantly impact the risk of premature death.,ライフスタイルの選択は、若死にのリスクに大きく影響を与える可能性があります。,https://ejje.weblio.jp/content/premature%20death,,
present context,現在の状況,It is important to analyze the issue within its present context.,その問題を現在の状況の中で分析することが重要です。,https://ejje.weblio.jp/content/present%20context,404 Client Error: 404 for url: https://ejje.weblio.jp/content/present%20context,meaning_ja
present data,現状データ,We need to collect and present data clearly for the stakeholders.,利害関係者に対してデータを明確に収集し、提示する必要があります。,https://ejje.weblio.jp/content/present%20data,,
present difficulties,現在の課題,The committee is working to overcome the present difficulties in funding.,委員会は、資金調達における現在の課題を克服するために活動しています。,https://ejje.weblio.jp/content/present%20difficulties,404 Client Error: 404 for url: https://ejje.weblio.jp/content/present%20difficulties,meaning_ja
present evidence,証拠を提示する,Researchers must present evidence to support their scientific claims.,研究者は、自身の科学的主張を裏付ける証拠を提示しなければなりません。,https://ejje.weblio.jp/content/present%20evidence,404 Client Error: 404 for url: https://ejje.weblio.jp/content/present%20evidence,meaning_ja
present a challenge,～は課題をもたらす,The aging population will present a challenge to social welfare systems.,高齢化は、社会福祉制度に課題をもたらすでしょう。,https://ejje.weblio.jp/content/present%20a%20challenge,,
present a summary,概要を提示する,I will now present a summary of our key findings.,これから、主要な調査結果の概要を提示します。,https://ejje.weblio.jp/content/present%20a%20summary,404 Client Error: 404 for url: https://ejje.weblio.jp/content/present%20a%20summary,meaning_ja
present an argument,論点を提示する,It is important to logically present an argument in academic writing.,学術論文では、論点を論理的に提示することが重要です。,https://ejje.weblio.jp/content/present%20an%20argument,404 Client Error: 404 for url: https://ejje.weblio.jp/content/present%20an%20argument,meaning_ja
presidential election,総裁選挙; 大統領選; 大統領選挙,The upcoming presidential election is expected to be closely contested.,来る大統領選挙は、接戦になると予想されています。,https://ejje.weblio.jp/content/presidential%20election,,
previous chapter,前の章,The concepts introduced in the previous chapter are fundamental to this discussion.,前の章で導入された概念は、この議論の基礎となります。,https://ejje.weblio.jp/content/previous%20chapter,404 Client Error: 404 for url: https://ejje.weblio.jp/content/previous%20chapter,meaning_ja
previous decade,過去10年間,Economic growth has accelerated significantly compared to the previous decade.,経済成長は、過去10年間と比較して著しく加速しました。,https://ejje.weblio.jp/content/previous%20decade,404 Client Error: 404 for url: https://ejje.weblio.jp/content/previous%20decade,meaning_ja
previous discussion,前回の議論,"Building on our previous discussion, let's consider the next steps.",前回の議論に基づいて、次のステップを検討しましょう。,https://ejje.weblio.jp/content/previous%20discussion,,meaning_ja
previous experience,これまでの経験,Candidates with relevant previous experience are preferred for this position.,この職位には、関連するこれまでの経験を持つ候補者が好まれます。,https://ejje.weblio.jp/content/previous%20experience,,meaning_ja
previous generation,一世代前、前世代,The challenges faced by the previous generation were quite different.,一世代前が直面した課題は、かなり異なっていました。,https://ejje.weblio.jp/content/previous%20generation,,
previous knowledge,予備知識,Students should activate their previous knowledge before learning new material.,学生は新しい教材を学ぶ前に、予備知識を活性化すべきです。,https://ejje.weblio.jp/content/previous%20knowledge,404 Client Error: 404 for url: https://ejje.weblio.jp/content/previous%20knowledge,meaning_ja
previous paragraph,前条,Refer to the previous paragraph for details on the experimental setup.,実験設定の詳細については、前条を参照してください。,https://ejje.weblio.jp/content/previous%20paragraph,,
previous part,前のパート,We concluded the analysis of the data in the previous part.,データの分析は前のパートで完了しました。,https://ejje.weblio.jp/content/previous%20part,404 Client Error: 404 for url: https://ejje.weblio.jp/content/previous%20part,meaning_ja
previous research,これまでの研究,Our study builds upon the findings of previous research in this field.,私たちの研究は、この分野のこれまでの研究の知見に基づいています。,https://ejje.weblio.jp/content/previous%20research,404 Client Error: 404 for url: https://ejje.weblio.jp/content/previous%20research,meaning_ja
previous section,前のセクション,The definitions of key terms were provided in the previous section.,主要な用語の定義は、前のセクションで提供されました。,https://ejje.weblio.jp/content/previous%20section,404 Client Error: 404 for url: https://ejje.weblio.jp/content/previous%20section,meaning_ja
previous study,従来研究,This new approach addresses limitations found in a previous study.,この新しいアプローチは、従来研究で見られた限界に対処しています。,https://ejje.weblio.jp/content/previous%20study,,
previous work,前作、先行研究,This paper critically reviews and expands upon previous work in the area.,この論文は、その分野の先行研究を批判的にレビューし、拡張しています。,https://ejje.weblio.jp/content/previous%20work,,
previously described,前述した,The method used here is similar to that previously described in our paper.,ここで使用された方法は、私たちの論文で前述した方法と似ています。,https://ejje.weblio.jp/content/previously%20described,,
previously discussed,以前議論された,"As previously discussed, collaboration is key to achieving our goals.",以前議論されたように、協力は私たちの目標達成の鍵です。,https://ejje.weblio.jp/content/previously%20discussed,404 Client Error: 404 for url: https://ejje.weblio.jp/content/previously%20discussed,meaning_ja
previously known,以前は～と呼ばれていた,The discovery challenged what was previously known about the species.,その発見は、その種について以前は知られていた知識に異議を唱えました。,https://ejje.weblio.jp/content/previously%20known,404 Client Error: 404 for url: https://ejje.weblio.jp/content/previously%20known,meaning_ja
previously mentioned,既述,The factors previously mentioned contribute to the overall complexity.,既述の要因が、全体的な複雑さに寄与しています。,https://ejje.weblio.jp/content/previously%20mentioned,,
previously thought,以前は考えていた,The findings contradict what was previously thought about the phenomenon.,その発見は、その現象について以前は考えていたことと矛盾します。,https://ejje.weblio.jp/content/previously%20thought,404 Client Error: 404 for url: https://ejje.weblio.jp/content/previously%20thought,meaning_ja
primarily concerned with,主に……に関する,This report is primarily concerned with the economic implications of the policy.,この報告書は、主にその政策の経済的影響に関するものです。,https://ejje.weblio.jp/content/primarily%20concerned%20with,404 Client Error: 404 for url: https://ejje.weblio.jp/content/primarily%20concerned%20with,meaning_ja
primarily responsible for,主に担当するのは,The project manager is primarily responsible for overseeing the team's progress.,プロジェクトマネージャーは、主にチームの進捗状況を監督する責任があります。,https://ejje.weblio.jp/content/primarily%20responsible%20for,404 Client Error: 404 for url: https://ejje.weblio.jp/content/primarily%20responsible%20for,meaning_ja
primary aim,主たる目的,The primary aim of the research is to understand consumer behavior.,その研究の主たる目的は、消費者の行動を理解することです。,https://ejje.weblio.jp/content/primary%20aim,404 Client Error: 404 for url: https://ejje.weblio.jp/content/primary%20aim,meaning_ja
primary care,プライマリケア、プライマリーケア、一次医療,Access to affordable primary care is essential for public health.,手頃な価格のプライマリケアへのアクセスは、公衆衛生にとって不可欠です。,https://ejje.weblio.jp/content/primary%20care,,
primary concern,最大の懸念事項,Environmental protection is a primary concern for many citizens today.,環境保護は、今日の多くの市民にとって最大の懸念事項です。,https://ejje.weblio.jp/content/primary%20concern,404 Client Error: 404 for url: https://ejje.weblio.jp/content/primary%20concern,meaning_ja
primary data,一次データ,The study relied heavily on primary data collected through surveys.,その研究は、調査を通じて収集された一次データに大きく依存していました。,https://ejje.weblio.jp/content/primary%20data,,
primary education,初等教育,Universal access to primary education is a fundamental human right.,初等教育への普遍的なアクセスは、基本的な人権です。,https://ejje.weblio.jp/content/primary%20education,,
primary focus,主眼,The primary focus of the meeting was on strategic planning for the next quarter.,会議の主眼は、次四半期の戦略的計画にありました。,https://ejje.weblio.jp/content/primary%20focus,,
primary function,主要業務,The primary function of the liver is to detoxify the blood.,肝臓の主要業務は、血液を解毒することです。,https://ejje.weblio.jp/content/primary%20function,,
primary objective,一番の目的,Our primary objective is to improve customer satisfaction and retention.,私たちの一番の目的は、顧客満足度と定着率を向上させることです。,https://ejje.weblio.jp/content/primary%20objective,,
primary purpose,主目的,The primary purpose of this document is to outline the project scope.,この文書の主目的は、プロジェクトの範囲を概説することです。,https://ejje.weblio.jp/content/primary%20purpose,,
primary reason,主な理由,The primary reason for the delay was unforeseen technical difficulties.,遅延の主な理由は、予期せぬ技術的な困難でした。,https://ejje.weblio.jp/content/primary%20reason,,meaning_ja
primary research,一次調査; 初期調査,Conducting primary research involves collecting new data directly from sources.,一次調査の実施には、情報源から直接新しいデータを収集することが含まれます。,https://ejje.weblio.jp/content/primary%20research,,
primary responsibility,主責任,Ensuring public safety is the government's primary responsibility.,公衆の安全を確保することは、政府の主責任です。,https://ejje.weblio.jp/content/primary%20responsibility,,
primary source,一次的供給者; 一次電源装置; 一次資料,Historians often rely on primary source documents for accurate information.,歴史家は正確な情報のために、しばしば一次資料に頼ります。,https://ejje.weblio.jp/content/primary%20source,,
primary task,1次タスク,The primary task of the team is to develop a new software module.,チームの1次タスクは、新しいソフトウェアモジュールを開発することです。,https://ejje.weblio.jp/content/primary%20task,,
prime example,最高の[典型的な]例,The company's success is a prime example of effective strategic planning.,その会社の成功は、効果的な戦略的計画の最高の例です。,https://ejje.weblio.jp/content/prime%20example,,
prime time,プライムタイム,Advertising during prime time reaches the largest television audience.,プライムタイムの広告は、最も多くのテレビ視聴者に届きます。,https://ejje.weblio.jp/content/prime%20time,,meaning_ja
principal source,主な情報源,The internet has become the principal source of news for many people.,インターネットは、多くの人にとって主な情報源となっています。,https://ejje.weblio.jp/content/principal%20source,404 Client Error: 404 for url: https://ejje.weblio.jp/content/principal%20source,meaning_ja
prior experience,これまでの経験,Prior experience in project management is highly valued for this role.,プロジェクト管理におけるこれまでの経験は、この役割で非常に高く評価されます。,https://ejje.weblio.jp/content/prior%20experience,404 Client Error: 404 for url: https://ejje.weblio.jp/content/prior%20experience,meaning_ja
prior knowledge,事前知識,Students' prior knowledge can significantly influence new learning outcomes.,学生の事前知識は、新しい学習成果に大きく影響を与える可能性があります。,https://ejje.weblio.jp/content/prior%20knowledge,,
private individual,私人,Data privacy is a critical concern for every private individual.,データプライバシーは、すべての私人にとって極めて重要な懸念事項です。,https://ejje.weblio.jp/content/private%20individual,,
private investment,個人投資,Government policies aim to encourage private investment in infrastructure projects.,政府の政策は、インフラプロジェクトへの個人投資を奨励することを目指しています。,https://ejje.weblio.jp/content/private%20investment,,
private sector,民間部門,Innovation often flourishes within the dynamic environment of the private sector.,革新はしばしば、民間部門のダイナミックな環境の中で栄えます。,https://ejje.weblio.jp/content/private%20sector,,meaning_ja
private sphere,私的領域,The concept of privacy protects an individual's right to their private sphere.,プライバシーの概念は、個人の私的領域に対する権利を保護します。,https://ejje.weblio.jp/content/private%20sphere,404 Client Error: 404 for url: https://ejje.weblio.jp/content/private%20sphere,meaning_ja
privileged position,特権的な立場,Those in a privileged position should use their influence responsibly for the greater good.,特権的な立場にある人々は、より大きな善のためにその影響力を責任を持って使うべきです。,https://ejje.weblio.jp/content/privileged%20position,404 Client Error: 404 for url: https://ejje.weblio.jp/content/privileged%20position,meaning_ja
problem area,問題領域,Identifying the core problem area is crucial for effective strategic planning.,効果的な戦略計画のためには、核となる問題領域を特定することが重要です。,https://ejje.weblio.jp/content/problem%20area,,
process data,データを処理する,Modern computers are designed to efficiently process data at high speeds.,現代のコンピューターは、データを高速で効率的に処理するように設計されています。,https://ejje.weblio.jp/content/process%20data,,meaning_ja
process information,プロセス情報,The human brain can process information remarkably quickly from various sources.,人間の脳は、さまざまな情報源から情報を驚くほど速く処理できます。,https://ejje.weblio.jp/content/process%20information,,
professional activity,職業活動,Ethical guidelines govern every professional activity within the organization.,倫理的ガイドラインは、組織内のあらゆる職業活動を規定しています。,https://ejje.weblio.jp/content/professional%20activity,404 Client Error: 404 for url: https://ejje.weblio.jp/content/professional%20activity,meaning_ja
professional body,専門機関、職能団体,Membership in a professional body often signifies adherence to high standards.,専門機関への所属は、高い基準への順守を示すことが多いです。,https://ejje.weblio.jp/content/professional%20body,,
professional colleague,職場の同僚,Collaborating with a professional colleague can enhance project outcomes significantly.,職場の同僚との協力は、プロジェクトの成果を大幅に向上させることができます。,https://ejje.weblio.jp/content/professional%20colleague,404 Client Error: 404 for url: https://ejje.weblio.jp/content/professional%20colleague,meaning_ja
professional development,専門能力開発,The philosopher offered a radical critique of traditional political systems.,その哲学者は、伝統的な政治システムに対して根本的な批判を提示しました。,https://ejje.weblio.jp/content/professional%20development,,meaning_ja
professional experience,キャリア、実務経験,Her extensive professional experience made her an ideal candidate for the leadership role.,彼女の豊富な実務経験が、リーダーシップの役割に理想的な候補者としました。,https://ejje.weblio.jp/content/professional%20experience,,
professional knowledge,専門的知識,Acquiring professional knowledge is vital for advancing in any specialized field.,専門的知識を習得することは、あらゆる専門分野で進歩するために不可欠です。,https://ejje.weblio.jp/content/professional%20knowledge,,
professional practice,士業,Ethical considerations are central to good professional practice in healthcare.,倫理的配慮は、医療における優れた専門的実務の中心です。,https://ejje.weblio.jp/content/professional%20practice,,
professional qualification,専門資格,Obtaining a professional qualification can significantly boost career prospects.,専門資格を取得することは、キャリアの見通しを大幅に向上させることができます。,https://ejje.weblio.jp/content/professional%20qualification,,meaning_ja
professional staff,専門職員,The department relies heavily on its highly skilled professional staff.,その部署は、高度な技能を持つ専門職員に大きく依存しています。,https://ejje.weblio.jp/content/professional%20staff,,
professional standard,プロフェッショナル基準,All employees are expected to maintain a high professional standard of conduct.,全従業員は、高いプロフェッショナル基準の行動を維持することが期待されています。,https://ejje.weblio.jp/content/professional%20standard,404 Client Error: 404 for url: https://ejje.weblio.jp/content/professional%20standard,meaning_ja
professional status,専門職としての地位,Education and experience contribute significantly to one's professional status.,教育と経験は、個人の専門職としての地位に大きく貢献します。,https://ejje.weblio.jp/content/professional%20status,,meaning_ja
professional support,専門的なサポート,We offer professional support to help clients achieve their business goals.,私たちは、顧客がビジネス目標を達成できるよう専門的なサポートを提供します。,https://ejje.weblio.jp/content/professional%20support,,meaning_ja
professional training,職業訓練,Effective professional training programs are crucial for employee skill enhancement.,効果的な職業訓練プログラムは、従業員のスキル向上に不可欠です。,https://ejje.weblio.jp/content/professional%20training,,
professional work,プロの仕事,Delivering high-quality professional work is a hallmark of our organization.,高品質なプロの仕事を提供することが、私たちの組織の特徴です。,https://ejje.weblio.jp/content/professional%20work,,
profound effect,甚大な影響,Climate change will have a profound effect on global ecosystems.,気候変動は、地球の生態系に甚大な影響を与えるでしょう。,https://ejje.weblio.jp/content/profound%20effect,404 Client Error: 404 for url: https://ejje.weblio.jp/content/profound%20effect,meaning_ja
profound impact,甚大な影響,Technological advancements often have a profound impact on society.,技術の進歩は、しばしば社会に甚大な影響を与えます。,https://ejje.weblio.jp/content/profound%20impact,404 Client Error: 404 for url: https://ejje.weblio.jp/content/profound%20impact,meaning_ja
prominent feature,際立った特徴,A prominent feature of the new design is its energy efficiency.,新しいデザインの際立った特徴は、そのエネルギー効率です。,https://ejje.weblio.jp/content/prominent%20feature,,meaning_ja
prominent member,有力なメンバー,"She is a prominent member of the research team, contributing valuable insights.",彼女は研究チームの有力なメンバーであり、貴重な洞察に貢献しています。,https://ejje.weblio.jp/content/prominent%20member,404 Client Error: 404 for url: https://ejje.weblio.jp/content/prominent%20member,meaning_ja
prominent role,重要な役割,The organization plays a prominent role in advocating for environmental protection.,その組織は、環境保護の提唱において重要な役割を果たしています。,https://ejje.weblio.jp/content/prominent%20role,404 Client Error: 404 for url: https://ejje.weblio.jp/content/prominent%20role,meaning_ja
promote equality,平等を推進する,Policies are being developed to promote equality in the workplace.,職場における平等を推進するための政策が策定されています。,https://ejje.weblio.jp/content/promote%20equality,404 Client Error: 404 for url: https://ejje.weblio.jp/content/promote%20equality,meaning_ja
promote the development of,…の発達を助ける[妨げる],Education aims to promote the development of critical thinking skills in students.,教育は、学生の批判的思考スキルの発達を助けることを目指しています。,https://ejje.weblio.jp/content/promote%20the%20development%20of,,
properly understood,正しく理解される,"For any theory to be effective, it must be properly understood.",どんな理論も効果的であるためには、正しく理解される必要があります。,https://ejje.weblio.jp/content/properly%20understood,404 Client Error: 404 for url: https://ejje.weblio.jp/content/properly%20understood,meaning_ja
proposed legislation,法案案,The committee is currently reviewing the details of the proposed legislation.,委員会は現在、その法案案の詳細を検討しています。,https://ejje.weblio.jp/content/proposed%20legislation,404 Client Error: 404 for url: https://ejje.weblio.jp/content/proposed%20legislation,meaning_ja
prove successful,成功,The new marketing strategy is expected to prove successful.,新しいマーケティング戦略は成功すると予想されています。,https://ejje.weblio.jp/content/prove%20successful,,
prove useful,役に立つ,This research may prove useful for future studies in the field.,この研究は、この分野の将来の研究に役立つかもしれません。,https://ejje.weblio.jp/content/prove%20useful,,meaning_ja
provide access to,へのアクセスを提供する,Libraries provide access to a vast array of information and resources.,図書館は、膨大な情報とリソースへのアクセスを提供します。,https://ejje.weblio.jp/content/provide%20access%20to,404 Client Error: 404 for url: https://ejje.weblio.jp/content/provide%20access%20to,meaning_ja
provide assistance,支援を行う,We are here to provide assistance to those in need.,私たちは困っている人々に支援を行うためにここにいます。,https://ejje.weblio.jp/content/provide%20assistance,404 Client Error: 404 for url: https://ejje.weblio.jp/content/provide%20assistance,meaning_ja
provide care,ケアを提供する,Hospitals aim to provide care that is both effective and compassionate.,病院は、効果的かつ思いやりのあるケアを提供することを目指しています。,https://ejje.weblio.jp/content/provide%20care,,meaning_ja
provide context,文脈を与える,Historical background can provide context for understanding current events.,歴史的背景は、現在の出来事を理解するための文脈を与えることができます。,https://ejje.weblio.jp/content/provide%20context,,
provide coverage,報道を行う,The media is expected to provide coverage of important global issues.,メディアは、重要な地球規模の問題について報道を行うことが期待されています。,https://ejje.weblio.jp/content/provide%20coverage,404 Client Error: 404 for url: https://ejje.weblio.jp/content/provide%20coverage,meaning_ja
provide data,データを提供する,The sensors are designed to provide data on environmental conditions.,センサーは、環境条件に関するデータを提供するように設計されています。,https://ejje.weblio.jp/content/provide%20data,404 Client Error: 404 for url: https://ejje.weblio.jp/content/provide%20data,meaning_ja
provide details,詳細を記載する,Please provide details of your qualifications and relevant experience.,あなたの資格と関連する経験の詳細を記載してください。,https://ejje.weblio.jp/content/provide%20details,404 Client Error: 404 for url: https://ejje.weblio.jp/content/provide%20details,meaning_ja
provide evidence,証拠を提示する,Researchers must provide evidence to support their claims and findings.,研究者は、自らの主張と発見を裏付ける証拠を提示しなければなりません。,https://ejje.weblio.jp/content/provide%20evidence,404 Client Error: 404 for url: https://ejje.weblio.jp/content/provide%20evidence,meaning_ja
provide feedback,フィードバックを送信する,Students were encouraged to provide feedback on the course content.,学生たちは、コース内容についてフィードバックを送信するよう奨励されました。,https://ejje.weblio.jp/content/provide%20feedback,,meaning_ja
provide guidance,指針を示す,Mentors play a crucial role in providing guidance to junior employees.,メンターは、若手従業員に指針を示す上で重要な役割を果たします。,https://ejje.weblio.jp/content/provide%20guidance,404 Client Error: 404 for url: https://ejje.weblio.jp/content/provide%20guidance,meaning_ja
provide information,情報を提供する,The website aims to provide information on various health topics.,そのウェブサイトは、さまざまな健康トピックに関する情報を提供することを目指しています。,https://ejje.weblio.jp/content/provide%20information,,meaning_ja
provide insight into,～が … に洞察を加える,This study aims to provide insight into consumer behavior.,この研究は、消費者の行動に洞察を加えることを目指しています。,https://ejje.weblio.jp/content/provide%20insight%20into,,
provide material,資料を提供する,We need to provide material for the upcoming conference presentation.,今後の会議発表のために資料を提供する必要があります。,https://ejje.weblio.jp/content/provide%20material,404 Client Error: 404 for url: https://ejje.weblio.jp/content/provide%20material,meaning_ja
provide resources,リソースを提供する,Governments should provide resources to support education and healthcare.,政府は、教育と医療を支援するためのリソースを提供するべきです。,https://ejje.weblio.jp/content/provide%20resources,404 Client Error: 404 for url: https://ejje.weblio.jp/content/provide%20resources,meaning_ja
provide support,支援を行う,The organization works to provide support for vulnerable communities.,その組織は、脆弱なコミュニティに支援を行うために活動しています。,https://ejje.weblio.jp/content/provide%20support,404 Client Error: 404 for url: https://ejje.weblio.jp/content/provide%20support,meaning_ja
provide a benefit,利益をもたらす,Investing in education will provide a benefit to society as a whole.,教育への投資は、社会全体に利益をもたらすでしょう。,https://ejje.weblio.jp/content/provide%20a%20benefit,404 Client Error: 404 for url: https://ejje.weblio.jp/content/provide%20a%20benefit,meaning_ja
provide a clue,手がかりを与える,The ancient artifact may provide a clue to understanding past civilizations.,その古代の遺物は、過去の文明を理解する手がかりを与えるかもしれません。,https://ejje.weblio.jp/content/provide%20a%20clue,404 Client Error: 404 for url: https://ejje.weblio.jp/content/provide%20a%20clue,meaning_ja
provide a focus,焦点を定める,The project aims to provide a focus on sustainable energy solutions.,そのプロジェクトは、持続可能なエネルギーソリューションに焦点を定めることを目指しています。,https://ejje.weblio.jp/content/provide%20a%20focus,404 Client Error: 404 for url: https://ejje.weblio.jp/content/provide%20a%20focus,meaning_ja
provide a foundation for,～の基盤を提供する,Basic research often provides a foundation for future technological innovations.,基礎研究は、しばしば将来の技術革新の基盤を提供します。,https://ejje.weblio.jp/content/provide%20a%20foundation%20for,404 Client Error: 404 for url: https://ejje.weblio.jp/content/provide%20a%20foundation%20for,meaning_ja
provide a service,サービスを提供する,Many companies aim to provide a service that exceeds customer expectations.,多くの企業は、顧客の期待を超えるサービスを提供することを目指しています。,https://ejje.weblio.jp/content/provide%20a%20service,404 Client Error: 404 for url: https://ejje.weblio.jp/content/provide%20a%20service,meaning_ja
provide a source,出典を明記する,Always provide a source for any information you use in academic writing.,学術論文で使う情報は、常にその出典を明記してください。,https://ejje.weblio.jp/content/provide%20a%20source,404 Client Error: 404 for url: https://ejje.weblio.jp/content/provide%20a%20source,meaning_ja
provide a summary,概要をまとめる,Please provide a summary of your findings at the end of the report.,報告書の最後に、あなたの発見の概要をまとめてください。,https://ejje.weblio.jp/content/provide%20a%20summary,,
provide an alternative,別の選択肢を提供する,We need to provide an alternative solution if the current plan fails.,現在の計画が失敗した場合、別の選択肢を提供する必要があります。,https://ejje.weblio.jp/content/provide%20an%20alternative,404 Client Error: 404 for url: https://ejje.weblio.jp/content/provide%20an%20alternative,meaning_ja
provide an example,例を挙げてみてください,Could you provide an example to illustrate your point more clearly?,あなたの点をより明確にするために、例を挙げてもらえますか？,https://ejje.weblio.jp/content/provide%20an%20example,404 Client Error: 404 for url: https://ejje.weblio.jp/content/provide%20an%20example,meaning_ja
provide an explanation,説明を述べる,The speaker will provide an explanation of the complex economic theory.,講演者は、その複雑な経済理論について説明を述べるでしょう。,https://ejje.weblio.jp/content/provide%20an%20explanation,404 Client Error: 404 for url: https://ejje.weblio.jp/content/provide%20an%20explanation,meaning_ja
provide an illustration,図を示す,The textbook aims to provide an illustration of difficult concepts.,その教科書は、難しい概念の図を示すことを目的としています。,https://ejje.weblio.jp/content/provide%20an%20illustration,404 Client Error: 404 for url: https://ejje.weblio.jp/content/provide%20an%20illustration,meaning_ja
provide an indication of,..... ～は … を示す指標となる,Economic indicators provide an indication of the overall health of the market.,経済指標は、市場全体の健全性を示す指標となります。,https://ejje.weblio.jp/content/provide%20an%20indication%20of,,
provide an opportunity,機会を与える,This program aims to provide an opportunity for students to gain practical experience.,このプログラムは、学生に実務経験を積む機会を与えることを目指しています。,https://ejje.weblio.jp/content/provide%20an%20opportunity,,
provide an overview of,の概要を説明する,The presentation will provide an overview of the project's key objectives.,このプレゼンテーションでは、プロジェクトの主要な目標の概要を説明します。,https://ejje.weblio.jp/content/provide%20an%20overview%20of,404 Client Error: 404 for url: https://ejje.weblio.jp/content/provide%20an%20overview%20of,meaning_ja
public access,視聴者制作番組,Ensuring public access to government information is crucial for transparency.,政府情報への一般公開を確保することは、透明性のために不可欠です。,https://ejje.weblio.jp/content/public%20access,,
public administration,行政機関; 行政体,Effective public administration is vital for a well-functioning society.,効果的な行政機関は、うまく機能する社会にとって不可欠です。,https://ejje.weblio.jp/content/public%20administration,,
public attitudes,世論,Changes in public attitudes can significantly influence policy decisions.,世論の変化は、政策決定に大きく影響を与える可能性があります。,https://ejje.weblio.jp/content/public%20attitudes,404 Client Error: 404 for url: https://ejje.weblio.jp/content/public%20attitudes,meaning_ja
public authority,公的認可,Decisions made by a public authority must be transparent and accountable.,公的機関によって下された決定は、透明で説明責任があるものでなければなりません。,https://ejje.weblio.jp/content/public%20authority,,
public awareness,普及啓発、啓発,Raising public awareness about environmental issues is a key objective.,環境問題に関する普及啓発を高めることが、主要な目標です。,https://ejje.weblio.jp/content/public%20awareness,,
public debate,公開討論; 立ち会い演説,The new policy has sparked a lively public debate among citizens.,新しい政策は、市民の間で活発な公開討論を巻き起こしました。,https://ejje.weblio.jp/content/public%20debate,,
public discourse,公の議論,Social media has reshaped the nature of public discourse significantly.,ソーシャルメディアは、公の議論の性質を大きく変えました。,https://ejje.weblio.jp/content/public%20discourse,,meaning_ja
public display,公開展示,The museum features a fascinating public display of ancient artifacts.,その博物館は、古代の遺物の魅力的な公開展示を特徴としています。,https://ejje.weblio.jp/content/public%20display,404 Client Error: 404 for url: https://ejje.weblio.jp/content/public%20display,meaning_ja
public domain,公有,Works in the public domain can be freely used by anyone.,公有の作品は誰でも自由に利用できます。,https://ejje.weblio.jp/content/public%20domain,,
public expenditure,公共支出,The government increased public expenditure on infrastructure projects.,政府はインフラプロジェクトへの公共支出を増やしました。,https://ejje.weblio.jp/content/public%20expenditure,,
public funds,公的資金,The project is funded primarily by public funds and private donations.,そのプロジェクトは主に公的資金と私的な寄付によって資金提供されています。,https://ejje.weblio.jp/content/public%20funds,,meaning_ja
public image,公的なイメージ,Companies strive to maintain a positive public image through their actions.,企業は、その行動を通じて肯定的な公的なイメージを維持するよう努めます。,https://ejje.weblio.jp/content/public%20image,,meaning_ja
public institution,公設機関; 公器; 公的機関,Universities are often considered a vital public institution for societal progress.,大学は、社会の進歩にとって不可欠な公的機関と見なされることが多いです。,https://ejje.weblio.jp/content/public%20institution,,
public perception,世間の認識,The company's public perception was negatively affected by the scandal.,その会社の世間の認識は、スキャンダルによって悪影響を受けました。,https://ejje.weblio.jp/content/public%20perception,,meaning_ja
public policy,公共政策,Research on social issues informs the development of effective public policy.,社会問題に関する研究は、効果的な公共政策の策定に情報を提供します。,https://ejje.weblio.jp/content/public%20policy,,
public sector,公共部門,Employment in the public sector offers stability and often good benefits.,公共部門での雇用は、安定性としばしば良い福利厚生を提供します。,https://ejje.weblio.jp/content/public%20sector,,meaning_ja
public sphere,公共圏、公共圏（こうきょうけん、ドイツ語: Öffentlichkeit、英語: public sphere）は、ドイツの哲学者ユルゲン・ハーバーマス、フランスの哲学者ルイ・アルチュセール、ミシェル・フーコーなどヨーロッパ大陸の哲学や批評において盛んに使われる概念で、私圏（または私領域）の対語。,Social media platforms have become a significant part of the public sphere.,ソーシャルメディアプラットフォームは、公共圏の重要な一部となっています。,https://ejje.weblio.jp/content/public%20sphere,,
public transport,公共交通機関,Investing in efficient public transport is crucial for urban development.,効率的な公共交通機関への投資は、都市開発にとって不可欠です。,https://ejje.weblio.jp/content/public%20transport,,
public welfare,公共の福祉,Government policies should always prioritize the public welfare of citizens.,政府の政策は、常に市民の公共の福祉を優先すべきです。,https://ejje.weblio.jp/content/public%20welfare,,
publicly available,一般に公開されている,The research data will be made publicly available for further analysis.,その研究データは、さらなる分析のために一般に公開される予定です。,https://ejje.weblio.jp/content/publicly%20available,404 Client Error: 404 for url: https://ejje.weblio.jp/content/publicly%20available,meaning_ja
publish research,研究を発表する,Academics are encouraged to publish research in peer-reviewed journals.,学者は、査読付きジャーナルに研究を発表することが奨励されています。,https://ejje.weblio.jp/content/publish%20research,404 Client Error: 404 for url: https://ejje.weblio.jp/content/publish%20research,meaning_ja
publish a journal,雑誌を発行する,Many academic societies publish a journal to disseminate new findings.,多くの学会は、新しい発見を広めるために雑誌を発行しています。,https://ejje.weblio.jp/content/publish%20a%20journal,404 Client Error: 404 for url: https://ejje.weblio.jp/content/publish%20a%20journal,meaning_ja
publish a report,レポートを提出する,The organization plans to publish a report on global environmental trends.,その組織は、世界の環境トレンドに関するレポートを発表する予定です。,https://ejje.weblio.jp/content/publish%20a%20report,,
publish an article,記事を掲載する,Researchers often publish an article to share their latest discoveries.,研究者は、最新の発見を共有するために記事を掲載することがよくあります。,https://ejje.weblio.jp/content/publish%20an%20article,,
published literature,発表文献; 既刊文献,A thorough review of published literature is essential for any new study.,発表文献の徹底的なレビューは、あらゆる新しい研究にとって不可欠です。,https://ejje.weblio.jp/content/published%20literature,,
published material,出版物,Please cite all published material correctly in your bibliography.,参考文献では、すべての出版物を正しく引用してください。,https://ejje.weblio.jp/content/published%20material,,
published research,公表された研究,We based our conclusions on extensive published research in the field.,私たちの結論は、この分野における広範な公表された研究に基づいています。,https://ejje.weblio.jp/content/published%20research,404 Client Error: 404 for url: https://ejje.weblio.jp/content/published%20research,meaning_ja
published work,出版物,The author's published work has received widespread critical acclaim.,その著者の出版物は、広範な批評的称賛を受けています。,https://ejje.weblio.jp/content/published%20work,404 Client Error: 404 for url: https://ejje.weblio.jp/content/published%20work,meaning_ja
purchasing power,購買力,Inflation can significantly reduce the purchasing power of consumers.,インフレは、消費者の購買力を大幅に低下させる可能性があります。,https://ejje.weblio.jp/content/purchasing%20power,,
qualitative analysis,定性分析法,The study employed qualitative analysis to understand user experiences in depth.,その研究は、ユーザー体験を深く理解するために定性分析法を用いました。,https://ejje.weblio.jp/content/qualitative%20analysis,,
qualitative approach,定性的考察; 定性的アプローチ,A qualitative approach is often used for exploring complex social phenomena.,複雑な社会現象を探索するために、定性的アプローチがしばしば用いられます。,https://ejje.weblio.jp/content/qualitative%20approach,,
qualitative data,定性データとは、データ分析に用いられるデータのうち、数値化による把握が難しく、心理的・感覚的な判断を要するデータのことである。、質的データ,Interviews and observations provide rich qualitative data for research.,インタビューと観察は、研究のための豊富な定性データを提供します。,https://ejje.weblio.jp/content/qualitative%20data,,
qualitative method,定性的方法,Ethnography is a well-known qualitative method in social sciences.,民族誌学は、社会科学におけるよく知られた定性的方法です。,https://ejje.weblio.jp/content/qualitative%20method,,
qualitative research,質的研究、定性的研究,Qualitative research helps uncover underlying reasons and motivations.,定性的研究は、根底にある理由や動機を明らかにします。,https://ejje.weblio.jp/content/qualitative%20research,,
qualitative study,定性調査,This qualitative study explores the perceptions of healthcare professionals.,この定性調査は、医療専門家の認識を探求します。,https://ejje.weblio.jp/content/qualitative%20study,404 Client Error: 404 for url: https://ejje.weblio.jp/content/qualitative%20study,meaning_ja
qualitatively different,質的に異なる,"The two approaches are not just quantitatively, but qualitatively different.",その2つのアプローチは、量的にだけでなく、質的に異なります。,https://ejje.weblio.jp/content/qualitatively%20different,404 Client Error: 404 for url: https://ejje.weblio.jp/content/qualitatively%20different,meaning_ja
quantitative analysis,定量分析、定量的解析、定量解析,Statistical tools are essential for conducting robust quantitative analysis.,統計ツールは、堅牢な定量分析を行うために不可欠です。,https://ejje.weblio.jp/content/quantitative%20analysis,,
quantitative approach,定量的アプローチ,A quantitative approach uses numerical data to test hypotheses.,定量的アプローチは、仮説を検証するために数値データを使用します。,https://ejje.weblio.jp/content/quantitative%20approach,404 Client Error: 404 for url: https://ejje.weblio.jp/content/quantitative%20approach,meaning_ja
quantitative data,定量データとは、データ分析に用いられるデータのうち、数値化して把握できるデータのことである。、量的データ,Surveys often collect quantitative data that can be statistically analyzed.,アンケート調査は、統計的に分析できる定量データを収集することがよくあります。,https://ejje.weblio.jp/content/quantitative%20data,,
quantitative method,定量方法; 定量法,Experiments are a common quantitative method in scientific research.,実験は、科学研究における一般的な定量方法です。,https://ejje.weblio.jp/content/quantitative%20method,,
quantitative research,定量（的）調査、クォンタティブリサーチ,Quantitative research measures variables and tests relationships between them.,定量的研究は、変数を測定し、それらの間の関係をテストします。,https://ejje.weblio.jp/content/quantitative%20research,,
quantitative result,定量的結果,The experiment yielded clear quantitative results that supported the hypothesis.,その実験は、仮説を支持する明確な定量的結果をもたらしました。,https://ejje.weblio.jp/content/quantitative%20result,404 Client Error: 404 for url: https://ejje.weblio.jp/content/quantitative%20result,meaning_ja
quantitative study,定量研究,This quantitative study examined the correlation between education and income.,この定量研究は、教育と収入の相関関係を調査しました。,https://ejje.weblio.jp/content/quantitative%20study,,
racial differences,人種間の違い,Understanding racial differences is important for promoting social justice.,人種間の違いを理解することは、社会正義を促進するために重要です。,https://ejje.weblio.jp/content/racial%20differences,404 Client Error: 404 for url: https://ejje.weblio.jp/content/racial%20differences,meaning_ja
racial discrimination,人種差別,Laws are in place to combat racial discrimination in all forms.,あらゆる形態の人種差別と闘うための法律が施行されています。,https://ejje.weblio.jp/content/racial%20discrimination,,translated_sentence
racial equality,人種平等,Achieving racial equality remains a significant challenge for many societies.,人種平等の達成は、多くの社会にとって依然として大きな課題です。,https://ejje.weblio.jp/content/racial%20equality,404 Client Error: 404 for url: https://ejje.weblio.jp/content/racial%20equality,meaning_ja
racial group,人種グループ,Diversity policies aim to ensure fair representation for every racial group.,多様性に関する政策は、すべての人種グループに公平な代表が確保されることを目指しています。,https://ejje.weblio.jp/content/racial%20group,404 Client Error: 404 for url: https://ejje.weblio.jp/content/racial%20group,meaning_ja
racial stereotype,人種的ステレオタイプ,Education plays a key role in challenging and overcoming racial stereotypes.,教育は、人種的ステレオタイプに異議を唱え、克服する上で重要な役割を果たします。,https://ejje.weblio.jp/content/racial%20stereotype,404 Client Error: 404 for url: https://ejje.weblio.jp/content/racial%20stereotype,meaning_ja
radical change,根本的な変更,The company underwent a radical change in its business model.,その会社は、ビジネスモデルにおいて根本的な変更を経験しました。,https://ejje.weblio.jp/content/radical%20change,,
radical critique,根本的な批判,The professor offered a radical critique of the existing economic theories during the lecture.,教授は講義の中で、既存の経済理論に対して根本的な批判を展開した。,https://ejje.weblio.jp/content/radical%20critique,404 Client Error: 404 for url: https://ejje.weblio.jp/content/radical%20critique,meaning_ja
radical differences,根本的な違い,There are radical differences in opinion regarding the proposed reforms.,提案された改革に関して、意見には根本的な違いがあります。,https://ejje.weblio.jp/content/radical%20differences,404 Client Error: 404 for url: https://ejje.weblio.jp/content/radical%20differences,meaning_ja
radical transformation,抜本的な変革,Digital technology has led to a radical transformation of industries.,デジタル技術は、産業の抜本的な変革をもたらしました。,https://ejje.weblio.jp/content/radical%20transformation,404 Client Error: 404 for url: https://ejje.weblio.jp/content/radical%20transformation,meaning_ja
radically different,根本的に異なる,Their approach to problem-solving was radically different from ours.,彼らの問題解決へのアプローチは、私たちのものとは根本的に異なりました。,https://ejje.weblio.jp/content/radically%20different,404 Client Error: 404 for url: https://ejje.weblio.jp/content/radically%20different,meaning_ja
raise awareness,意識啓発,Campaigns aim to raise awareness about mental health issues.,キャンペーンは、メンタルヘルス問題に関する意識啓発を高めることを目指しています。,https://ejje.weblio.jp/content/raise%20awareness,,
raise a question,問題を起こす,The new findings raise a question about the previous assumptions.,新しい発見は、以前の仮定について疑問を提起します。,https://ejje.weblio.jp/content/raise%20a%20question,,
raise an issue,問題を論じる[提起する],It is important to raise an issue before it escalates.,問題がエスカレートする前にそれを提起することが重要です。,https://ejje.weblio.jp/content/raise%20an%20issue,,
random error,偶発誤差、偶然誤差,Careful experimental design helps minimize the impact of random error.,慎重な実験設計は、偶発誤差の影響を最小限に抑えるのに役立ちます。,https://ejje.weblio.jp/content/random%20error,,
random sample,無作為(抽出)標本,"To ensure validity, researchers selected a random sample from the population.",妥当性を確保するため、研究者は母集団から無作為抽出標本を選びました。,https://ejje.weblio.jp/content/random%20sample,,
random variable,確率変数,"In statistics, a random variable represents the outcome of a random phenomenon.",統計学において、確率変数はランダムな現象の結果を表します。,https://ejje.weblio.jp/content/random%20variable,,
randomly assigned to,無作為に割り当てられた,Participants were randomly assigned to either the control or experimental group.,参加者は、対照群または実験群のいずれかに無作為に割り当てられました。,https://ejje.weblio.jp/content/randomly%20assigned%20to,404 Client Error: 404 for url: https://ejje.weblio.jp/content/randomly%20assigned%20to,meaning_ja
randomly chosen,無作為に選ばれた,Every member of the population had an equal chance of being randomly chosen.,母集団のすべてのメンバーは、無作為に選ばれる等しい機会がありました。,https://ejje.weblio.jp/content/randomly%20chosen,404 Client Error: 404 for url: https://ejje.weblio.jp/content/randomly%20chosen,meaning_ja
randomly selected,無作為に選ばれた,Survey respondents were randomly selected to ensure representative results.,調査回答者は、代表的な結果を確保するために無作為に選ばれました。,https://ejje.weblio.jp/content/randomly%20selected,404 Client Error: 404 for url: https://ejje.weblio.jp/content/randomly%20selected,meaning_ja
rapid expansion,急速拡大,The company experienced rapid expansion into new international markets.,その会社は、新しい国際市場への急速拡大を経験しました。,https://ejje.weblio.jp/content/rapid%20expansion,,
rapidly changing,急速に変化している,We must adapt to the rapidly changing demands of the global economy.,私たちは、急速に変化している世界経済の要求に適応しなければなりません。,https://ejje.weblio.jp/content/rapidly%20changing,404 Client Error: 404 for url: https://ejje.weblio.jp/content/rapidly%20changing,meaning_ja
rapidly growing,急速に成長している,The tech industry is a rapidly growing sector of the economy.,テック業界は、経済の急速に成長している部門です。,https://ejje.weblio.jp/content/rapidly%20growing,404 Client Error: 404 for url: https://ejje.weblio.jp/content/rapidly%20growing,meaning_ja
raw data,生データ、ローデータ,Researchers collected raw data from the field for later analysis.,研究者たちは、後の分析のために現場から生データを収集しました。,https://ejje.weblio.jp/content/raw%20data,,
reach a consensus,全員の意見が一致する,It took hours for the committee to finally reach a consensus.,委員会が最終的に全員の意見が一致するまでに数時間かかりました。,https://ejje.weblio.jp/content/reach%20a%20consensus,,
reach a peak,気運が高まる、機運が高まる,Demand for the product is expected to reach a peak next quarter.,その製品の需要は、次の四半期にピークに達すると予想されています。,https://ejje.weblio.jp/content/reach%20a%20peak,,
reach an agreement,合意に至る,"After lengthy negotiations, both parties managed to reach an agreement.",長い交渉の後、両当事者は合意に至ることができました。,https://ejje.weblio.jp/content/reach%20an%20agreement,,
readily accessible,手軽に利用できる,Public libraries make knowledge readily accessible to everyone.,公立図書館は、知識を誰にでも手軽に利用できるようにします。,https://ejje.weblio.jp/content/readily%20accessible,404 Client Error: 404 for url: https://ejje.weblio.jp/content/readily%20accessible,meaning_ja
readily available,すぐに利用可能な,Fresh produce is readily available at the local market.,新鮮な農産物は、地元の市場ですぐに利用可能です。,https://ejje.weblio.jp/content/readily%20available,,
readily understood,容易に理解できる,The instructions were clear and readily understood by all users.,その指示は明確で、すべてのユーザーに容易に理解できました。,https://ejje.weblio.jp/content/readily%20understood,404 Client Error: 404 for url: https://ejje.weblio.jp/content/readily%20understood,meaning_ja
ready access,容易なアクセス,Digital resources provide ready access to a wealth of information.,デジタルリソースは、豊富な情報への容易なアクセスを提供します。,https://ejje.weblio.jp/content/ready%20access,404 Client Error: 404 for url: https://ejje.weblio.jp/content/ready%20access,meaning_ja
real issue,本当の問題,We need to address the real issue behind these symptoms.,これらの症状の背後にある本当の問題に対処する必要があります。,https://ejje.weblio.jp/content/real%20issue,404 Client Error: 404 for url: https://ejje.weblio.jp/content/real%20issue,meaning_ja
receive feedback,意見を受け取る,Employees are encouraged to receive feedback on their performance regularly.,従業員は、自分のパフォーマンスについて定期的に意見を受け取るよう奨励されています。,https://ejje.weblio.jp/content/receive%20feedback,,
receive information,情報を引き出す,It is crucial to receive information from reliable sources.,信頼できる情報源から情報を受け取ることが重要です。,https://ejje.weblio.jp/content/receive%20information,,
receive treatment,治療を受ける,Patients will receive treatment tailored to their specific needs.,患者は、彼らの特定のニーズに合わせて調整された治療を受けるでしょう。,https://ejje.weblio.jp/content/receive%20treatment,,
recent decades,ここ数十年,"Technology has advanced significantly in recent decades, impacting daily life.",ここ数十年で技術は大きく進歩し、日常生活に影響を与えています。,https://ejje.weblio.jp/content/recent%20decades,404 Client Error: 404 for url: https://ejje.weblio.jp/content/recent%20decades,meaning_ja
recent evidence,最近の証拠,Recent evidence suggests a strong link between diet and health.,最近の証拠は、食事と健康の間に強い関連性があることを示唆しています。,https://ejje.weblio.jp/content/recent%20evidence,,
recent research,最近の研究,Recent research highlights the importance of sustainable energy solutions.,最近の研究は、持続可能なエネルギーソリューションの重要性を強調しています。,https://ejje.weblio.jp/content/recent%20research,404 Client Error: 404 for url: https://ejje.weblio.jp/content/recent%20research,meaning_ja
recent study,最近の研究,A recent study found a correlation between exercise and improved mood.,最近の研究で、運動と気分の改善との間に相関関係があることがわかりました。,https://ejje.weblio.jp/content/recent%20study,,
recent survey,最近の調査,A recent survey indicates a shift in consumer preferences.,最近の調査は、消費者の嗜好の変化を示しています。,https://ejje.weblio.jp/content/recent%20survey,404 Client Error: 404 for url: https://ejje.weblio.jp/content/recent%20survey,meaning_ja
reciprocal relationship,相互関係,There is a reciprocal relationship between supply and demand in economics.,経済学では、供給と需要の間には相互関係があります。,https://ejje.weblio.jp/content/reciprocal%20relationship,,
record data,記録データ,Scientists use specialized equipment to record data accurately during experiments.,科学者は、実験中にデータを正確に記録するために特殊な機器を使用します。,https://ejje.weblio.jp/content/record%20data,,
recurrent theme,繰り返し登場するテーマ,Social inequality is a recurrent theme in many contemporary novels.,社会的不平等は、多くの現代小説における繰り返し登場するテーマです。,https://ejje.weblio.jp/content/recurrent%20theme,404 Client Error: 404 for url: https://ejje.weblio.jp/content/recurrent%20theme,meaning_ja
reduce emissions,排出量を削減する,Many countries are committed to policies that reduce emissions significantly.,多くの国が、排出量を大幅に削減する政策にコミットしています。,https://ejje.weblio.jp/content/reduce%20emissions,404 Client Error: 404 for url: https://ejje.weblio.jp/content/reduce%20emissions,meaning_ja
reduce stress,ストレスを軽減する,Regular exercise is known to effectively reduce stress levels.,定期的な運動は、ストレスレベルを効果的に軽減することが知られています。,https://ejje.weblio.jp/content/reduce%20stress,,
reduce the likelihood,発生の可能性を低減する,Implementing safety measures can significantly reduce the likelihood of accidents.,安全対策を実施することで、事故の発生の可能性を大幅に低減できます。,https://ejje.weblio.jp/content/reduce%20the%20likelihood,404 Client Error: 404 for url: https://ejje.weblio.jp/content/reduce%20the%20likelihood,meaning_ja
reflective practice,省察的実践,Engaging in reflective practice helps professionals learn from their experiences.,省察的実践に取り組むことで、専門家は自分の経験から学ぶことができます。,https://ejje.weblio.jp/content/reflective%20practice,404 Client Error: 404 for url: https://ejje.weblio.jp/content/reflective%20practice,meaning_ja
reflective question,内省的な問い,The facilitator posed a reflective question to encourage deeper thinking.,ファシリテーターは、より深い思考を促すために内省的な問いを投げかけました。,https://ejje.weblio.jp/content/reflective%20question,404 Client Error: 404 for url: https://ejje.weblio.jp/content/reflective%20question,meaning_ja
regional development,地域活性,Government initiatives are focused on promoting regional development and economic growth.,政府のイニシアチブは、地域活性と経済成長の促進に焦点を当てています。,https://ejje.weblio.jp/content/regional%20development,,
regional differences,地域格差,The study examined regional differences in economic development across the country.,その研究は、全国の経済発展における地域格差を調査した。,https://ejje.weblio.jp/content/regional%20differences,,
regional variation,地域差,There is significant regional variation in consumer preferences for certain products.,特定の製品に対する消費者の嗜好には顕著な地域差がある。,https://ejje.weblio.jp/content/regional%20variation,,
regulatory agency,規制当局,The new policy requires approval from the primary regulatory agency.,新しい政策は、主要な規制当局からの承認を必要とする。,https://ejje.weblio.jp/content/regulatory%20agency,,
regulatory framework,規制体制,Governments are working to establish a robust regulatory framework for emerging technologies.,政府は、新興技術のための堅固な規制体制を確立しようとしている。,https://ejje.weblio.jp/content/regulatory%20framework,,
related activity,関連する活動,"Project planning often involves various related activities, such as resource allocation.",プロジェクト計画には、資源配分など様々な関連する活動が伴うことが多い。,https://ejje.weblio.jp/content/related%20activity,404 Client Error: 404 for url: https://ejje.weblio.jp/content/related%20activity,meaning_ja
related area,関連分野,His research in physics extends into a related area of material science.,彼の物理学の研究は、材料科学の関連分野にまで及んでいる。,https://ejje.weblio.jp/content/related%20area,404 Client Error: 404 for url: https://ejje.weblio.jp/content/related%20area,meaning_ja
related aspect,関連する側面,We need to consider every related aspect of the proposal before making a decision.,決定を下す前に、提案のすべての関連する側面を考慮する必要がある。,https://ejje.weblio.jp/content/related%20aspect,404 Client Error: 404 for url: https://ejje.weblio.jp/content/related%20aspect,meaning_ja
related factor,関連因子,Environmental conditions are a key related factor influencing agricultural yield.,環境条件は、農業収穫量に影響を与える重要な関連因子である。,https://ejje.weblio.jp/content/related%20factor,,
related information,関連情報,Please provide all related information to support your claim.,あなたの主張を裏付けるすべての関連情報を提供してください。,https://ejje.weblio.jp/content/related%20information,,
related issue,関連銘柄,The committee discussed the main topic and several related issues.,委員会は主要な議題といくつかの関連する問題について議論した。,https://ejje.weblio.jp/content/related%20issue,,
related problem,関連する問題,Addressing this challenge will also help solve a related problem in resource management.,この課題に対処することは、資源管理における関連する問題の解決にも役立つだろう。,https://ejje.weblio.jp/content/related%20problem,404 Client Error: 404 for url: https://ejje.weblio.jp/content/related%20problem,meaning_ja
related question,関連質問,The speaker answered the primary query and then a related question from the audience.,講演者は主要な質問に答え、その後、聴衆からの関連質問にも答えた。,https://ejje.weblio.jp/content/related%20question,,
related topic,関連項目,The professor introduced the main subject and then moved to a related topic.,教授は主要な主題を紹介し、その後、関連するトピックに移った。,https://ejje.weblio.jp/content/related%20topic,,
relative autonomy,相対的自治,Local governments often seek greater relative autonomy in decision-making.,地方政府は意思決定において、より大きな相対的自治を求めることが多い。,https://ejje.weblio.jp/content/relative%20autonomy,404 Client Error: 404 for url: https://ejje.weblio.jp/content/relative%20autonomy,meaning_ja
relative merits,優劣,The team debated the relative merits of the two proposed strategies.,チームは提案された2つの戦略の優劣について議論した。,https://ejje.weblio.jp/content/relative%20merits,,
relative status,相対的な地位,Social mobility can change an individual's relative status within a community.,社会移動は、コミュニティ内での個人の相対的な地位を変える可能性がある。,https://ejje.weblio.jp/content/relative%20status,404 Client Error: 404 for url: https://ejje.weblio.jp/content/relative%20status,meaning_ja
relatively common,比較的よくある,"In this region, heavy rainfall is a relatively common occurrence during summer.",この地域では、夏の間の大雨は比較的よくある現象だ。,https://ejje.weblio.jp/content/relatively%20common,404 Client Error: 404 for url: https://ejje.weblio.jp/content/relatively%20common,meaning_ja
relatively constant,比較的一定,"Despite market fluctuations, the demand for essential goods remained relatively constant.",市場の変動にもかかわらず、必需品の需要は比較的一定を保った。,https://ejje.weblio.jp/content/relatively%20constant,404 Client Error: 404 for url: https://ejje.weblio.jp/content/relatively%20constant,meaning_ja
relatively few,比較的少ない,Relatively few studies have explored this specific phenomenon in depth.,この特定の現象を深く探求した研究は比較的少ない。,https://ejje.weblio.jp/content/relatively%20few,404 Client Error: 404 for url: https://ejje.weblio.jp/content/relatively%20few,meaning_ja
relatively high,比較的高い,The company reported a relatively high profit margin this quarter.,その会社は今四半期、比較的高い利益率を報告した。,https://ejje.weblio.jp/content/relatively%20high,404 Client Error: 404 for url: https://ejje.weblio.jp/content/relatively%20high,meaning_ja
relatively little,比較的少ない,There is relatively little evidence to support the new hypothesis.,新しい仮説を裏付ける証拠は比較的少ない。,https://ejje.weblio.jp/content/relatively%20little,404 Client Error: 404 for url: https://ejje.weblio.jp/content/relatively%20little,meaning_ja
relatively low,比較的低い,The project was completed with a relatively low budget compared to similar ventures.,そのプロジェクトは、同様の事業に比べて比較的低い予算で完了した。,https://ejje.weblio.jp/content/relatively%20low,404 Client Error: 404 for url: https://ejje.weblio.jp/content/relatively%20low,meaning_ja
relatively minor,比較的軽微な,"The issue was considered a relatively minor concern, easily resolvable.",その問題は比較的軽微な懸念であり、容易に解決可能と見なされた。,https://ejje.weblio.jp/content/relatively%20minor,404 Client Error: 404 for url: https://ejje.weblio.jp/content/relatively%20minor,meaning_ja
relatively rare,比較的珍しい,This species of bird is relatively rare in this part of the world.,この種の鳥は、世界のこの地域では比較的珍しい。,https://ejje.weblio.jp/content/relatively%20rare,404 Client Error: 404 for url: https://ejje.weblio.jp/content/relatively%20rare,meaning_ja
relatively recent,比較的最近,"The technology is relatively recent, having been developed in the last decade.",この技術は比較的最近のもので、過去10年間に開発された。,https://ejje.weblio.jp/content/relatively%20recent,404 Client Error: 404 for url: https://ejje.weblio.jp/content/relatively%20recent,meaning_ja
relatively simple,比較的簡単,The proposed solution is relatively simple and can be implemented quickly.,提案された解決策は比較的簡単で、迅速に実行できる。,https://ejje.weblio.jp/content/relatively%20simple,404 Client Error: 404 for url: https://ejje.weblio.jp/content/relatively%20simple,meaning_ja
relatively stable,比較的安定している,"Despite global uncertainties, the local economy remained relatively stable.",世界的な不確実性にもかかわらず、地域経済は比較的に安定していた。,https://ejje.weblio.jp/content/relatively%20stable,404 Client Error: 404 for url: https://ejje.weblio.jp/content/relatively%20stable,meaning_ja
relatively straightforward,比較的単純明快,The procedure for applying for the grant is relatively straightforward.,助成金の申請手続きは比較的単純明快である。,https://ejje.weblio.jp/content/relatively%20straightforward,404 Client Error: 404 for url: https://ejje.weblio.jp/content/relatively%20straightforward,meaning_ja
relevant data,関連データ,Researchers collected all relevant data for their comprehensive analysis.,研究者たちは、包括的な分析のためにすべての関連データを収集した。,https://ejje.weblio.jp/content/relevant%20data,404 Client Error: 404 for url: https://ejje.weblio.jp/content/relevant%20data,meaning_ja
relevant factors,関連因子,Identifying all relevant factors is crucial for accurate prediction.,正確な予測のためには、すべての関連因子を特定することが極めて重要である。,https://ejje.weblio.jp/content/relevant%20factors,,
relevant information,関連情報,Make sure to include all relevant information in your report.,報告書にはすべての関連情報を含めるようにしてください。,https://ejje.weblio.jp/content/relevant%20information,,
relevant issue,関連する問題,The discussion focused on the main topic and its relevant issues.,議論は主要なトピックとそれに関連する問題に焦点を当てた。,https://ejje.weblio.jp/content/relevant%20issue,404 Client Error: 404 for url: https://ejje.weblio.jp/content/relevant%20issue,meaning_ja
relevant literature,関連文献,Students are encouraged to review the relevant literature before starting their essays.,学生は、論文を始める前に関連文献をレビューすることが推奨される。,https://ejje.weblio.jp/content/relevant%20literature,,
relevant material,関連資料,The presentation should include all relevant material to support the findings.,プレゼンテーションには、調査結果を裏付けるすべての関連資料を含めるべきだ。,https://ejje.weblio.jp/content/relevant%20material,,meaning_ja
reliable data,信頼できるデータ,The study relies on reliable data collected over several years.,その研究は、数年間にわたって収集された信頼できるデータに基づいている。,https://ejje.weblio.jp/content/reliable%20data,404 Client Error: 404 for url: https://ejje.weblio.jp/content/reliable%20data,meaning_ja
reliable information,確かな情報、確実な情報,It is essential to verify sources for reliable information in research.,研究において、確実な情報源を検証することは不可欠である。,https://ejje.weblio.jp/content/reliable%20information,,
religious belief,信教,Freedom of religious belief is a fundamental human right.,信教の自由は基本的な人権である。,https://ejje.weblio.jp/content/religious%20belief,,
religious faith,信仰、信仰、宗教,Many people find comfort and guidance in their religious faith.,多くの人々が宗教的信仰の中に安らぎと導きを見出す。,https://ejje.weblio.jp/content/religious%20faith,,
religious freedom,信教の自由,Societies strive to protect the religious freedom of all their citizens.,社会はすべての市民の信教の自由を保護しようと努める。,https://ejje.weblio.jp/content/religious%20freedom,,
religious group,宗教団体,Various religious groups coexist peacefully within the diverse community.,多様なコミュニティ内では、様々な宗教団体が平和的に共存している。,https://ejje.weblio.jp/content/religious%20group,,
religious identity,宗教的アイデンティティ,"For many, religious identity plays a significant role in their daily lives.",多くの人にとって、宗教的アイデンティティは日常生活で重要な役割を果たす。,https://ejje.weblio.jp/content/religious%20identity,404 Client Error: 404 for url: https://ejje.weblio.jp/content/religious%20identity,meaning_ja
religious movement,宗教改革を成し遂げようとする運動,"A new religious movement emerged, attracting many followers.",新しい宗教運動が起こり、多くの信者を集めた。,https://ejje.weblio.jp/content/religious%20movement,,
religious practice,礼拝式,Different cultures have unique forms of religious practice and tradition.,異なる文化には、独自の宗教的慣行と伝統がある。,https://ejje.weblio.jp/content/religious%20practice,,
rely heavily on,…に依存するところが大きい,The industry continues to rely heavily on fossil fuels for energy.,その産業は、エネルギー源として化石燃料に大きく依存し続けている。,https://ejje.weblio.jp/content/rely%20heavily%20on,,
remain constant,一定のまま,The population size is expected to remain constant over the next decade.,人口規模は今後10年間で一定のまま推移すると予想されている。,https://ejje.weblio.jp/content/remain%20constant,404 Client Error: 404 for url: https://ejje.weblio.jp/content/remain%20constant,meaning_ja
remain stable,安定した状態を維持する,"Despite the economic downturn, the housing market managed to remain stable.",経済の低迷にもかかわらず、住宅市場は安定した状態を維持した。,https://ejje.weblio.jp/content/remain%20stable,,meaning_ja
remain unchanged,横ばいである,Key policies will remain unchanged for the foreseeable future.,主要な政策は、当面の間、変更されないままだろう。,https://ejje.weblio.jp/content/remain%20unchanged,,
remain unclear,依然として不明である,The exact cause of the phenomenon continues to remain unclear.,その現象の正確な原因は依然として不明である。,https://ejje.weblio.jp/content/remain%20unclear,404 Client Error: 404 for url: https://ejje.weblio.jp/content/remain%20unclear,meaning_ja
remarkably similar,驚くほど似ている,"The two research findings were remarkably similar, confirming the hypothesis.",2つの研究結果は驚くほど似ており、仮説を裏付けた。,https://ejje.weblio.jp/content/remarkably%20similar,404 Client Error: 404 for url: https://ejje.weblio.jp/content/remarkably%20similar,meaning_ja
renewable energy,再生可能エネルギー,Investing in renewable energy sources is crucial for a sustainable future.,再生可能エネルギー源への投資は、持続可能な未来のために不可欠である。,https://ejje.weblio.jp/content/renewable%20energy,,
renewed interest,再燃した関心,There is renewed interest in exploring ancient civilizations.,古代文明の探求に再燃した関心がある。,https://ejje.weblio.jp/content/renewed%20interest,404 Client Error: 404 for url: https://ejje.weblio.jp/content/renewed%20interest,meaning_ja
report data,報告データ,Companies are required to report data on their environmental impact.,企業は環境への影響に関するデータを報告することが求められている。,https://ejje.weblio.jp/content/report%20data,,
report findings,調査結果の報告,The research team will report findings at the upcoming conference.,研究チームは、次回の会議で調査結果を報告する予定だ。,https://ejje.weblio.jp/content/report%20findings,404 Client Error: 404 for url: https://ejje.weblio.jp/content/report%20findings,meaning_ja
representative government,代議政治,Many nations operate under a system of representative government.,多くの国が代議政治のシステムの下で運営されている。,https://ejje.weblio.jp/content/representative%20government,,
require consideration,検討が必要である,The complex ethical dilemma will require careful consideration from the committee.,その複雑な倫理的ジレンマは、委員会による慎重な検討を必要とするだろう。,https://ejje.weblio.jp/content/require%20consideration,404 Client Error: 404 for url: https://ejje.weblio.jp/content/require%20consideration,meaning_ja
require knowledge,知識が必要,Solving this problem will require specialized knowledge and expertise.,この問題を解決するには、専門的な知識と専門技術が必要となる。,https://ejje.weblio.jp/content/require%20knowledge,404 Client Error: 404 for url: https://ejje.weblio.jp/content/require%20knowledge,meaning_ja
require resources,リソースが必要,Large-scale projects often require significant resources and funding.,大規模プロジェクトは、しばしば多大なリソースと資金を必要とする。,https://ejje.weblio.jp/content/require%20resources,404 Client Error: 404 for url: https://ejje.weblio.jp/content/require%20resources,meaning_ja
research effort,研究活動,The collaborative research effort yielded groundbreaking results.,共同研究活動は画期的な結果を生み出した。,https://ejje.weblio.jp/content/research%20effort,404 Client Error: 404 for url: https://ejje.weblio.jp/content/research%20effort,meaning_ja
research evidence,研究による証拠,Policies should be based on robust research evidence and data.,政策は、堅固な研究による証拠とデータに基づくべきである。,https://ejje.weblio.jp/content/research%20evidence,404 Client Error: 404 for url: https://ejje.weblio.jp/content/research%20evidence,meaning_ja
research findings,研究知見；研究結果,The latest research findings were published in a reputable journal.,最新の研究結果は権威あるジャーナルに掲載された。,https://ejje.weblio.jp/content/research%20findings,,
research methodology,data qualityやスコアリング法の同義語(異表記),The paper detailed the innovative research methodology employed in the study.,その論文は、研究で用いられた革新的な研究方法論を詳述した。,https://ejje.weblio.jp/content/research%20methodology,,
research purposes,研究目的,The collected samples are strictly for research purposes only.,収集されたサンプルは、厳密に研究目的のみに使用される。,https://ejje.weblio.jp/content/research%20purposes,404 Client Error: 404 for url: https://ejje.weblio.jp/content/research%20purposes,meaning_ja
research topic,研究課題,Identifying a compelling research topic is the first step in academic inquiry.,魅力的な研究課題を特定することが、学術的探求の第一歩である。,https://ejje.weblio.jp/content/research%20topic,,
resolve a conflict,対立を解決する,Negotiations are underway to resolve a conflict between the two parties.,両当事者間の対立を解決するために交渉が進行中である。,https://ejje.weblio.jp/content/resolve%20a%20conflict,404 Client Error: 404 for url: https://ejje.weblio.jp/content/resolve%20a%20conflict,meaning_ja
resolve a dispute,紛争を解決する,Mediation is often used to resolve a dispute peacefully.,紛争を平和的に解決するために、調停がよく用いられる。,https://ejje.weblio.jp/content/resolve%20a%20dispute,404 Client Error: 404 for url: https://ejje.weblio.jp/content/resolve%20a%20dispute,meaning_ja
respond appropriately,適切に対応する,It is crucial to respond appropriately to unexpected challenges.,予期せぬ課題に適切に対応することが重要である。,https://ejje.weblio.jp/content/respond%20appropriately,404 Client Error: 404 for url: https://ejje.weblio.jp/content/respond%20appropriately,meaning_ja
review a study,研究を検証する,Peer reviewers will carefully review a study before its publication.,査読者は、研究が発表される前に慎重にそれを検証するだろう。,https://ejje.weblio.jp/content/review%20a%20study,404 Client Error: 404 for url: https://ejje.weblio.jp/content/review%20a%20study,meaning_ja
revised edition,改定版; 改訂版; 新訂版; 修正版; 校訂版,The publisher released a revised edition of the popular textbook.,出版社は人気教科書の改訂版をリリースした。,https://ejje.weblio.jp/content/revised%20edition,,
revised version,改訳聖書,Please submit the revised version of your proposal by the deadline.,締め切りまでに提案書の改訂版を提出してください。,https://ejje.weblio.jp/content/revised%20version,,
rich source,豊かな源；豊かな糧；豊かな材料,The historical archives proved to be a rich source of information for researchers.,その歴史的アーカイブは、研究者にとって情報源の豊かな源であることが証明された。,https://ejje.weblio.jp/content/rich%20source,,
rising cost,コストの上昇,Businesses are concerned about the rising cost of raw materials.,企業は原材料のコスト上昇について懸念している。,https://ejje.weblio.jp/content/rising%20cost,404 Client Error: 404 for url: https://ejje.weblio.jp/content/rising%20cost,meaning_ja
risk assessment,リスク評価、リスクアセスメント,A thorough risk assessment is essential before starting any new project.,新しいプロジェクトを開始する前に、徹底的なリスク評価が不可欠である。,https://ejje.weblio.jp/content/risk%20assessment,,
roughly equal,ほぼ同等,The two groups had roughly equal numbers of participants.,2つのグループにはほぼ同数の参加者がいた。,https://ejje.weblio.jp/content/roughly%20equal,404 Client Error: 404 for url: https://ejje.weblio.jp/content/roughly%20equal,meaning_ja
roughly equivalent,おおよそ同等,One hour of intense exercise is roughly equivalent to two hours of moderate activity.,1時間の激しい運動は、2時間の中程度の活動とおおよそ同等である。,https://ejje.weblio.jp/content/roughly%20equivalent,404 Client Error: 404 for url: https://ejje.weblio.jp/content/roughly%20equivalent,meaning_ja
ruling class,支配階級,"Historically, the ruling class often held significant power and influence.",歴史的に、支配階級はしばしば大きな権力と影響力を持っていた。,https://ejje.weblio.jp/content/ruling%20class,,
ruling party,与党; 政府与党,The ruling party introduced new legislation to address economic issues.,与党は経済問題に対処するための新しい法案を提出した。,https://ejje.weblio.jp/content/ruling%20party,,
rural area,へき地,Many challenges exist in providing adequate healthcare in a rural area.,農村地域で適切な医療を提供するには多くの課題が存在する。,https://ejje.weblio.jp/content/rural%20area,,
rural community,農村; 村落,The government launched initiatives to support economic growth in the rural community.,政府は農村地域での経済成長を支援する取り組みを開始した。,https://ejje.weblio.jp/content/rural%20community,,
rural economy,農村経済,Diversifying industries is key to strengthening the rural economy.,産業の多様化は農村経済を強化する鍵である。,https://ejje.weblio.jp/content/rural%20economy,,
rural population,農村人口,The migration to cities has led to a decline in the rural population.,都市への移住は農村人口の減少につながっている。,https://ejje.weblio.jp/content/rural%20population,,
rural society,農村社会,Traditional values are often preserved in a rural society.,伝統的な価値観はしばしば農村社会で保存されている。,https://ejje.weblio.jp/content/rural%20society,,
safe sex,安全なセックス,Education on safe sex practices is vital for public health.,安全なセックスに関する教育は公衆衛生にとって不可欠である。,https://ejje.weblio.jp/content/safe%20sex,,meaning_ja
salient characteristic,顕著な特徴,A salient characteristic of this phenomenon is its rapid spread.,この現象の顕著な特徴は、その急速な広がりである。,https://ejje.weblio.jp/content/salient%20characteristic,404 Client Error: 404 for url: https://ejje.weblio.jp/content/salient%20characteristic,meaning_ja
salient feature,特徴,The most salient feature of the new design is its energy efficiency.,新しいデザインの最も顕著な特徴は、そのエネルギー効率である。,https://ejje.weblio.jp/content/salient%20feature,,
scarce resources,稀少資源,Managing scarce resources effectively is a global challenge.,希少資源を効果的に管理することは世界的な課題である。,https://ejje.weblio.jp/content/scarce%20resources,,
schematic representation,略図,The diagram provides a clear schematic representation of the system's architecture.,その図は、システムのアーキテクチャの明確な略図を提供している。,https://ejje.weblio.jp/content/schematic%20representation,,
scholarly journal,学術雑誌、学術雑誌,His article was published in a highly respected scholarly journal.,彼の論文は、高く評価されている学術雑誌に掲載された。,https://ejje.weblio.jp/content/scholarly%20journal,,
scholarly literature,学術文献,Researchers must review existing scholarly literature to avoid duplication.,研究者は重複を避けるために既存の学術文献をレビューしなければならない。,https://ejje.weblio.jp/content/scholarly%20literature,404 Client Error: 404 for url: https://ejje.weblio.jp/content/scholarly%20literature,meaning_ja
scholarly research,学術研究,The university promotes scholarly research across various disciplines.,その大学は様々な分野で学術研究を推進している。,https://ejje.weblio.jp/content/scholarly%20research,404 Client Error: 404 for url: https://ejje.weblio.jp/content/scholarly%20research,meaning_ja
scholarly work,学術研究,His latest scholarly work explores the history of economic thought.,彼の最新の学術研究は、経済思想の歴史を探求している。,https://ejje.weblio.jp/content/scholarly%20work,404 Client Error: 404 for url: https://ejje.weblio.jp/content/scholarly%20work,meaning_ja
scientific community,科学界；科学団体；科学コミュニティ,The discovery was widely acclaimed by the scientific community.,その発見は科学界によって広く称賛された。,https://ejje.weblio.jp/content/scientific%20community,,
scientific discourse,科学的言説,Open access to data fosters a more robust scientific discourse.,データへのオープンアクセスは、より堅固な科学的言説を育む。,https://ejje.weblio.jp/content/scientific%20discourse,404 Client Error: 404 for url: https://ejje.weblio.jp/content/scientific%20discourse,meaning_ja
scientific evidence,科学的根拠,Claims must be supported by strong scientific evidence.,主張は強力な科学的根拠によって裏付けられなければならない。,https://ejje.weblio.jp/content/scientific%20evidence,,meaning_ja
scientific investigation,学術調査,The phenomenon warrants further scientific investigation.,その現象はさらなる科学的調査を保証する。,https://ejje.weblio.jp/content/scientific%20investigation,,
scientific method,科学的方法,The scientific method is fundamental to all empirical research.,科学的方法はすべての経験的研究の基本である。,https://ejje.weblio.jp/content/scientific%20method,,
scientific objectivity,科学的客観性,Maintaining scientific objectivity is crucial for credible research.,科学的客観性を維持することは、信頼できる研究にとって極めて重要である。,https://ejje.weblio.jp/content/scientific%20objectivity,404 Client Error: 404 for url: https://ejje.weblio.jp/content/scientific%20objectivity,meaning_ja
scientific research,科学研究,Funding for scientific research is essential for innovation.,科学研究への資金提供は革新のために不可欠である。,https://ejje.weblio.jp/content/scientific%20research,,
scientific theory,科学理論、科学理論（かがくりろん、英: scientific theory）とは、自然界の諸現象について、観測・測定・実験などによって得られた証拠を総合し、それらを統一的に説明・予測するための体系的な説明枠組みである。,Evolution is a well-established scientific theory supported by vast evidence.,進化論は、膨大な証拠に裏付けられた確立された科学理論である。,https://ejje.weblio.jp/content/scientific%20theory,,
secondary data,二次データ,Analyzing secondary data can provide valuable insights without new collection.,二次データを分析することで、新たな収集なしに貴重な洞察が得られる。,https://ejje.weblio.jp/content/secondary%20data,,
secondary education,中等教育,Access to quality secondary education is vital for societal development.,質の高い中等教育へのアクセスは社会の発展にとって不可欠である。,https://ejje.weblio.jp/content/secondary%20education,,
secondary source,二次的供給者; 二次資料; 二次電源装置,Historical research often involves consulting various secondary sources.,歴史研究では、様々な二次資料を参照することがよくある。,https://ejje.weblio.jp/content/secondary%20source,,
security policy,セキュリティポリシーとは、企業や組織におけるコンピューターのセキュリティに関する方針や行動指針のことである。、安全保護方針、セキュリティー‐ポリシー,Implementing a robust security policy is essential for protecting sensitive information.,堅牢なセキュリティポリシーを導入することは、機密情報を保護するために不可欠である。,https://ejje.weblio.jp/content/security%20policy,,
seek help,助け[援助、救助]を求める,It is important to seek help when facing complex personal or professional challenges.,複雑な個人的または職業的課題に直面したとき、助けを求めることは重要である。,https://ejje.weblio.jp/content/seek%20help,,
seek information,問い合わせる、問合わせる、問合せる、問い合せる、問い合わす、問い合わせる,Consumers often seek information online before making purchasing decisions.,消費者は購入決定を下す前に、しばしばオンラインで情報を求める。,https://ejje.weblio.jp/content/seek%20information,,
seem appropriate,妥当と思われる,The proposed solution does not seem appropriate for the current situation.,提案された解決策は、現在の状況には妥当とは思えない。,https://ejje.weblio.jp/content/seem%20appropriate,404 Client Error: 404 for url: https://ejje.weblio.jp/content/seem%20appropriate,meaning_ja
seem obvious,当然のことのように思える,"At first glance, the answer might seem obvious, but it requires deeper analysis.",一見すると、答えは当然のことのように思えるかもしれないが、より深い分析が必要である。,https://ejje.weblio.jp/content/seem%20obvious,404 Client Error: 404 for url: https://ejje.weblio.jp/content/seem%20obvious,meaning_ja
seem plausible,もっともらしい,His explanation for the anomaly does not seem plausible without further evidence.,その異常に対する彼の説明は、さらなる証拠なしにはもっともらしく思えない。,https://ejje.weblio.jp/content/seem%20plausible,404 Client Error: 404 for url: https://ejje.weblio.jp/content/seem%20plausible,meaning_ja
seem unlikely,ありそうもない,It would seem unlikely that the project could be completed on schedule.,そのプロジェクトが予定通りに完了することはありそうにないだろう。,https://ejje.weblio.jp/content/seem%20unlikely,404 Client Error: 404 for url: https://ejje.weblio.jp/content/seem%20unlikely,meaning_ja
seminal study,画期的な研究,This seminal study fundamentally changed our understanding of the phenomenon.,この画期的な研究は、その現象に対する我々の理解を根本的に変えた。,https://ejje.weblio.jp/content/seminal%20study,404 Client Error: 404 for url: https://ejje.weblio.jp/content/seminal%20study,meaning_ja
seminal work,後世に影響を与える作品,Her seminal work in sociology continues to influence contemporary thought.,彼女の社会学における後世に影響を与える作品は、現代の思想に影響を与え続けている。,https://ejje.weblio.jp/content/seminal%20work,,translated_sentence
senior management,経営陣,The decision was approved by the senior management team.,その決定は経営陣によって承認された。,https://ejje.weblio.jp/content/senior%20management,,meaning_ja
separate entity,別会社,The new division will operate as a separate entity within the corporation.,新しい部門は、企業内で別会社として運営される。,https://ejje.weblio.jp/content/separate%20entity,,
serious challenge,深刻な課題,Addressing climate change presents a serious challenge for global leaders.,気候変動への対処は、世界のリーダーにとって深刻な課題を提示している。,https://ejje.weblio.jp/content/serious%20challenge,404 Client Error: 404 for url: https://ejje.weblio.jp/content/serious%20challenge,meaning_ja
serious consequences,深刻な結果,Failing to comply with regulations can lead to serious consequences.,規制に従わないことは深刻な結果につながる可能性がある。,https://ejje.weblio.jp/content/serious%20consequences,404 Client Error: 404 for url: https://ejje.weblio.jp/content/serious%20consequences,meaning_ja
serious offence,重大な犯罪,Fraud is considered a serious offence in most legal systems.,詐欺はほとんどの法制度において重大な犯罪とみなされている。,https://ejje.weblio.jp/content/serious%20offence,404 Client Error: 404 for url: https://ejje.weblio.jp/content/serious%20offence,meaning_ja
serve a function,役割を果たす,Every component in the system must serve a specific function.,システム内のすべてのコンポーネントは特定の役割を果たす必要がある。,https://ejje.weblio.jp/content/serve%20a%20function,,
service sector,サービス業界,The service sector plays a crucial role in the national economy.,サービス業界は国民経済において重要な役割を担っている。,https://ejje.weblio.jp/content/service%20sector,,
set a goal,目標を設定する,It is essential to set a clear goal for the project.,プロジェクトの明確な目標を設定することが不可欠である。,https://ejje.weblio.jp/content/set%20a%20goal,,
set a target,目標を設定する,We need to set a realistic target for reducing emissions.,排出量削減のために現実的な目標を設定する必要がある。,https://ejje.weblio.jp/content/set%20a%20target,404 Client Error: 404 for url: https://ejje.weblio.jp/content/set%20a%20target,meaning_ja
set an objective,目標を設定する,"Before starting, we must set an objective for our research.",開始する前に、研究の目標を設定しなければならない。,https://ejje.weblio.jp/content/set%20an%20objective,404 Client Error: 404 for url: https://ejje.weblio.jp/content/set%20an%20objective,meaning_ja
set the agenda,議題を設定する,The committee will meet to set the agenda for the upcoming conference.,委員会は、今後の会議の議題を設定するために集まる。,https://ejje.weblio.jp/content/set%20the%20agenda,404 Client Error: 404 for url: https://ejje.weblio.jp/content/set%20the%20agenda,meaning_ja
set the parameters,パラメータを設定する,Researchers must carefully set the parameters for their experimental design.,研究者は実験デザインのパラメータを慎重に設定しなければならない。,https://ejje.weblio.jp/content/set%20the%20parameters,404 Client Error: 404 for url: https://ejje.weblio.jp/content/set%20the%20parameters,meaning_ja
severely affect,深刻な影響を及ぼす,Economic instability can severely affect the livelihoods of many people.,経済の不安定さは多くの人々の生活に深刻な影響を及ぼす可能性がある。,https://ejje.weblio.jp/content/severely%20affect,404 Client Error: 404 for url: https://ejje.weblio.jp/content/severely%20affect,meaning_ja
sexual abuse,性的虐待、性虐待,Education is vital in preventing and addressing sexual abuse.,性的虐待の防止と対処には教育が不可欠である。,https://ejje.weblio.jp/content/sexual%20abuse,,
sexual act,性的行動,Consent is a fundamental principle concerning any sexual act.,同意は、いかなる性的行動においても基本的な原則である。,https://ejje.weblio.jp/content/sexual%20act,,
sexual behaviour,性行動、性行為,Cultural norms often influence patterns of sexual behaviour.,文化規範はしばしば性行動のパターンに影響を与える。,https://ejje.weblio.jp/content/sexual%20behaviour,,
sexual contact,性的接触,It is important to discuss consent regarding any sexual contact.,性的接触に関しては同意について話し合うことが重要である。,https://ejje.weblio.jp/content/sexual%20contact,,meaning_ja
sexual difference,性差; 雌雄差,Studies explore how sexual difference impacts social interactions.,研究は性差が社会的相互作用にどのように影響するかを探求している。,https://ejje.weblio.jp/content/sexual%20difference,,
sexual exploitation,性搾取、性的搾取,Governments aim to combat human trafficking and sexual exploitation.,各政府は人身売買と性的搾取と戦うことを目指している。,https://ejje.weblio.jp/content/sexual%20exploitation,,
sexual identity,性同定; 性アイデンティティ,Understanding one's sexual identity is a deeply personal journey.,自身の性アイデンティティを理解することは、非常に個人的な旅である。,https://ejje.weblio.jp/content/sexual%20identity,,
sexual intercourse,性交,Education about safe sexual intercourse is crucial for public health.,安全な性交に関する教育は公衆衛生にとって極めて重要である。,https://ejje.weblio.jp/content/sexual%20intercourse,,
sexual orientation,性的指向、性指向,Discrimination based on sexual orientation is prohibited by law.,性的指向に基づく差別は法律で禁止されている。,https://ejje.weblio.jp/content/sexual%20orientation,,
sexual violence,性暴力,Efforts are ongoing to prevent and respond to sexual violence.,性暴力の防止と対応に向けた取り組みが進行中である。,https://ejje.weblio.jp/content/sexual%20violence,,
share information,情報を共有する,Teams need to share information effectively to ensure project success.,プロジェクトの成功を確実にするためには、チームは情報を効果的に共有する必要がある。,https://ejje.weblio.jp/content/share%20information,,
shared experience,共有された経験,A shared experience can build strong bonds among individuals.,共有された経験は、個人の間に強い絆を築くことができる。,https://ejje.weblio.jp/content/shared%20experience,404 Client Error: 404 for url: https://ejje.weblio.jp/content/shared%20experience,meaning_ja
shared meaning,共有された意味,Effective communication relies on establishing a shared meaning.,効果的なコミュニケーションは、共有された意味を確立することにかかっている。,https://ejje.weblio.jp/content/shared%20meaning,404 Client Error: 404 for url: https://ejje.weblio.jp/content/shared%20meaning,meaning_ja
shared values,共通の価値観,Organizations thrive when members operate with shared values.,組織は、メンバーが共通の価値観を持って活動するときに繁栄する。,https://ejje.weblio.jp/content/shared%20values,,meaning_ja
sharp contrast,明確な対照、著しい対照,There is a sharp contrast between the two economic models.,2つの経済モデルの間には明確な対照がある。,https://ejje.weblio.jp/content/sharp%20contrast,,
sharp distinction,明確な区別,It is important to draw a sharp distinction between theory and practice.,理論と実践の間に明確な区別を引くことが重要である。,https://ejje.weblio.jp/content/sharp%20distinction,404 Client Error: 404 for url: https://ejje.weblio.jp/content/sharp%20distinction,meaning_ja
shift emphasis,重点を移す,The company decided to shift emphasis from production to innovation.,その会社は生産から革新へと重点を移すことを決定した。,https://ejje.weblio.jp/content/shift%20emphasis,404 Client Error: 404 for url: https://ejje.weblio.jp/content/shift%20emphasis,meaning_ja
short duration,短時間,The training program was of a relatively short duration.,その研修プログラムは比較的短時間だった。,https://ejje.weblio.jp/content/short%20duration,,
short period,短周期; 短期間,"Economic growth occurred over a short period, leading to instability.",経済成長は短期間で起こり、不安定さにつながった。,https://ejje.weblio.jp/content/short%20period,,
show evidence,証拠を示す,The study did not show clear evidence of a direct link.,その研究は直接的な関連性の明確な証拠を示さなかった。,https://ejje.weblio.jp/content/show%20evidence,404 Client Error: 404 for url: https://ejje.weblio.jp/content/show%20evidence,meaning_ja
show variation,バリエーションを表示,The data collected from different regions show variation.,異なる地域から収集されたデータはバリエーションを示している。,https://ejje.weblio.jp/content/show%20variation,404 Client Error: 404 for url: https://ejje.weblio.jp/content/show%20variation,meaning_ja
show a tendency,傾向が見られる,Consumer behavior often shows a tendency to follow seasonal trends.,消費者の行動はしばしば季節的な傾向に従う傾向が見られる。,https://ejje.weblio.jp/content/show%20a%20tendency,404 Client Error: 404 for url: https://ejje.weblio.jp/content/show%20a%20tendency,meaning_ja
show a trend,傾向が見られる,Recent reports show a trend towards increasing remote work options.,最近の報告書は、リモートワークの選択肢が増加する傾向を示している。,https://ejje.weblio.jp/content/show%20a%20trend,404 Client Error: 404 for url: https://ejje.weblio.jp/content/show%20a%20trend,meaning_ja
sign a treaty,条約に調印する,Nations gathered to sign a treaty on environmental protection.,各国は環境保護に関する条約に調印するために集まった。,https://ejje.weblio.jp/content/sign%20a%20treaty,,
significant amount of,かなりの量の,A significant amount of research has been conducted on this topic.,このトピックに関してかなりの量の研究が行われてきた。,https://ejje.weblio.jp/content/significant%20amount%20of,404 Client Error: 404 for url: https://ejje.weblio.jp/content/significant%20amount%20of,meaning_ja
significant change,著しい変化[増加],The new policy brought about a significant change in public opinion.,新しい政策は世論に著しい変化をもたらした。,https://ejje.weblio.jp/content/significant%20change,,
significant contribution,多大な貢献,Her research made a significant contribution to the field of medicine.,彼女の研究は医学分野に多大な貢献をした。,https://ejje.weblio.jp/content/significant%20contribution,404 Client Error: 404 for url: https://ejje.weblio.jp/content/significant%20contribution,meaning_ja
significant correlation,有意な相関,The analysis revealed a significant correlation between diet and health.,その分析は食事と健康の間に有意な相関を明らかにした。,https://ejje.weblio.jp/content/significant%20correlation,404 Client Error: 404 for url: https://ejje.weblio.jp/content/significant%20correlation,meaning_ja
significant degree of,かなりの程度の,The project requires a significant degree of coordination among teams.,そのプロジェクトはチーム間のかなりの程度の調整を必要とする。,https://ejje.weblio.jp/content/significant%20degree%20of,404 Client Error: 404 for url: https://ejje.weblio.jp/content/significant%20degree%20of,meaning_ja
significant development,重要な進展,The discovery of the new material marks a significant development.,新しい材料の発見は重要な進展を示す。,https://ejje.weblio.jp/content/significant%20development,404 Client Error: 404 for url: https://ejje.weblio.jp/content/significant%20development,meaning_ja
significant difference,重要な違い；大きな違い,There was a significant difference in results between the two groups.,2つのグループの結果には重要な違いがあった。,https://ejje.weblio.jp/content/significant%20difference,,
significant effect,大きな影響；優れた効果,The new drug had a significant effect on patient recovery rates.,その新薬は患者の回復率に大きな影響を与えた。,https://ejje.weblio.jp/content/significant%20effect,,
significant factor,重要な要因,Education is a significant factor in determining an individual's future.,教育は個人の将来を決定する上で重要な要因である。,https://ejje.weblio.jp/content/significant%20factor,404 Client Error: 404 for url: https://ejje.weblio.jp/content/significant%20factor,meaning_ja
significant feature,重要な特徴,A significant feature of this software is its user-friendly interface.,このソフトウェアの重要な特徴は、その使いやすいインターフェースである。,https://ejje.weblio.jp/content/significant%20feature,404 Client Error: 404 for url: https://ejje.weblio.jp/content/significant%20feature,meaning_ja
significant figures,有効数字,Always use the correct number of significant figures in scientific calculations.,科学計算では常に正しい有効数字の数を使用してください。,https://ejje.weblio.jp/content/significant%20figures,,
significant growth,著しい成長,The company reported significant growth in its overseas markets last quarter.,その会社は前四半期に海外市場で著しい成長を報告した。,https://ejje.weblio.jp/content/significant%20growth,404 Client Error: 404 for url: https://ejje.weblio.jp/content/significant%20growth,meaning_ja
significant impact,影響が大きい,Climate change will have a significant impact on global ecosystems.,気候変動は地球の生態系に大きな影響を与えるだろう。,https://ejje.weblio.jp/content/significant%20impact,,
significant improvement,著しい改善,The new system led to a significant improvement in efficiency.,新しいシステムは効率の大幅な改善につながった。,https://ejje.weblio.jp/content/significant%20improvement,,meaning_ja
significant increase,大幅な増加,We observed a significant increase in demand for sustainable products.,持続可能な製品に対する需要が大幅に増加していることが観測された。,https://ejje.weblio.jp/content/significant%20increase,404 Client Error: 404 for url: https://ejje.weblio.jp/content/significant%20increase,meaning_ja
significant influence,重要な影響カテゴリビジネス用語,Technological advancements have a significant influence on modern society.,技術の進歩は現代社会に重要な影響を与えている。,https://ejje.weblio.jp/content/significant%20influence,,
significant interaction,有意な相互作用,The study found a significant interaction between the two variables.,その研究は2つの変数間に有意な相互作用を発見した。,https://ejje.weblio.jp/content/significant%20interaction,404 Client Error: 404 for url: https://ejje.weblio.jp/content/significant%20interaction,meaning_ja
significant number,重要な数；大きな数；大量の～,A significant number of participants reported positive outcomes from the program.,多数の参加者がそのプログラムから肯定的な結果を報告した。,https://ejje.weblio.jp/content/significant%20number,,
significant part,有効部分,Communication plays a significant part in effective leadership.,コミュニケーションは効果的なリーダーシップにおいて重要な役割を果たす。,https://ejje.weblio.jp/content/significant%20part,,
significant portion,かなりの割合,A significant portion of the budget was allocated to research and development.,予算のかなりの割合が研究開発に割り当てられた。,https://ejje.weblio.jp/content/significant%20portion,404 Client Error: 404 for url: https://ejje.weblio.jp/content/significant%20portion,meaning_ja
significant proportion of,かなりの割合の,A significant proportion of the population now uses social media daily.,現在、人口のかなりの割合が毎日ソーシャルメディアを利用している。,https://ejje.weblio.jp/content/significant%20proportion%20of,404 Client Error: 404 for url: https://ejje.weblio.jp/content/significant%20proportion%20of,meaning_ja
significant reduction,大幅な減少,The new policy aims for a significant reduction in waste.,新しい政策は廃棄物の大幅な減少を目指している。,https://ejje.weblio.jp/content/significant%20reduction,,meaning_ja
significant relationship,有意な関係,Research indicates a significant relationship between exercise and mental health.,研究は運動と精神的健康の間に有意な関係があることを示している。,https://ejje.weblio.jp/content/significant%20relationship,404 Client Error: 404 for url: https://ejje.weblio.jp/content/significant%20relationship,meaning_ja
significant role,重要な役割,Technology plays a significant role in modern education.,テクノロジーは現代教育において重要な役割を果たす。,https://ejje.weblio.jp/content/significant%20role,404 Client Error: 404 for url: https://ejje.weblio.jp/content/significant%20role,meaning_ja
significant shift,大きな変化,We are observing a significant shift towards renewable energy sources.,再生可能エネルギー源への大きな変化が観測されている。,https://ejje.weblio.jp/content/significant%20shift,404 Client Error: 404 for url: https://ejje.weblio.jp/content/significant%20shift,meaning_ja
significant variation,著しいばらつき,There was significant variation in test scores across different schools.,異なる学校間でテストの点数に著しいばらつきがあった。,https://ejje.weblio.jp/content/significant%20variation,404 Client Error: 404 for url: https://ejje.weblio.jp/content/significant%20variation,meaning_ja
significantly affect,著しい影響を与える,Economic policies can significantly affect the lives of citizens.,経済政策は市民の生活に著しい影響を与える可能性がある。,https://ejje.weblio.jp/content/significantly%20affect,404 Client Error: 404 for url: https://ejje.weblio.jp/content/significantly%20affect,meaning_ja
significantly correlated with,と有意な相関が見られた,The variable was significantly correlated with overall project success.,その変数はプロジェクト全体の成功と有意な相関が見られた。,https://ejje.weblio.jp/content/significantly%20correlated%20with,404 Client Error: 404 for url: https://ejje.weblio.jp/content/significantly%20correlated%20with,meaning_ja
significantly higher,著しく高い,The reported profits were significantly higher than initial projections.,報告された利益は当初の予測よりも著しく高かった。,https://ejje.weblio.jp/content/significantly%20higher,404 Client Error: 404 for url: https://ejje.weblio.jp/content/significantly%20higher,meaning_ja
significantly increase,大幅に増加する,Automation can significantly increase productivity in manufacturing processes.,自動化は製造プロセスの生産性を大幅に増加させることができる。,https://ejje.weblio.jp/content/significantly%20increase,404 Client Error: 404 for url: https://ejje.weblio.jp/content/significantly%20increase,meaning_ja
significantly reduced,大幅に減少した,The new treatment significantly reduced the symptoms of the disease.,新しい治療法は病気の症状を大幅に減少させた。,https://ejje.weblio.jp/content/significantly%20reduced,404 Client Error: 404 for url: https://ejje.weblio.jp/content/significantly%20reduced,meaning_ja
similar approach,同様のアプローチ,We adopted a similar approach to problem-solving in both cases.,我々は両方のケースで問題解決に同様のアプローチを採用した。,https://ejje.weblio.jp/content/similar%20approach,404 Client Error: 404 for url: https://ejje.weblio.jp/content/similar%20approach,meaning_ja
similar argument,同様の議論,Critics often present a similar argument against the proposed policy.,批評家はしばしば提案された政策に対して同様の議論を提示する。,https://ejje.weblio.jp/content/similar%20argument,404 Client Error: 404 for url: https://ejje.weblio.jp/content/similar%20argument,meaning_ja
similar characteristics,類似した特徴,"The two species share similar characteristics, making classification difficult.",その2つの種は類似した特徴を共有しており、分類を困難にしている。,https://ejje.weblio.jp/content/similar%20characteristics,404 Client Error: 404 for url: https://ejje.weblio.jp/content/similar%20characteristics,meaning_ja
similar effect,類似効果,Both interventions produced a similar effect on the outcome.,両方の介入が結果に類似効果をもたらした。,https://ejje.weblio.jp/content/similar%20effect,,
similar issue,同様の問題,Many countries face a similar issue regarding aging populations.,多くの国が高齢化社会に関して同様の問題に直面している。,https://ejje.weblio.jp/content/similar%20issue,404 Client Error: 404 for url: https://ejje.weblio.jp/content/similar%20issue,meaning_ja
similar pattern,類型、類形,The data showed a similar pattern of growth in both regions.,そのデータは両地域で同様の成長パターンを示した。,https://ejje.weblio.jp/content/similar%20pattern,,
similar properties,類似の物件,These compounds exhibit similar properties under high pressure.,これらの化合物は高圧下で類似の特性を示す。,https://ejje.weblio.jp/content/similar%20properties,404 Client Error: 404 for url: https://ejje.weblio.jp/content/similar%20properties,meaning_ja
similar result,同様の結果,Repeating the experiment yielded a similar result.,実験を繰り返したところ、同様の結果が得られた。,https://ejje.weblio.jp/content/similar%20result,404 Client Error: 404 for url: https://ejje.weblio.jp/content/similar%20result,meaning_ja
similar situation,似たような状況,Companies facing a similar situation should learn from this case.,似たような状況に直面している企業はこの事例から学ぶべきだ。,https://ejje.weblio.jp/content/similar%20situation,404 Client Error: 404 for url: https://ejje.weblio.jp/content/similar%20situation,meaning_ja
simple majority,単純過半数,The motion passed with a simple majority vote.,その動議は単純過半数の投票で可決された。,https://ejje.weblio.jp/content/simple%20majority,,meaning_ja
simplified version,簡略版、簡易版,"For clarity, we will present a simplified version of the model.",明確にするために、モデルの簡略版を提示します。,https://ejje.weblio.jp/content/simplified%20version,,
single currency,単一通貨,The adoption of a single currency facilitated trade among member states.,単一通貨の採用は加盟国間の貿易を促進した。,https://ejje.weblio.jp/content/single%20currency,,
single element,一元,The design focuses on a single element to create visual impact.,そのデザインは視覚的インパクトを生み出すために単一の要素に焦点を当てている。,https://ejje.weblio.jp/content/single%20element,,
single entity,単一の（企業）実体,The merger created a new company operating as a single entity.,その合併により、単一の企業実体として運営される新会社が誕生した。,https://ejje.weblio.jp/content/single%20entity,,
single individual,一人の個人,The decision should not rest on a single individual.,その決定は一人の個人に委ねられるべきではない。,https://ejje.weblio.jp/content/single%20individual,404 Client Error: 404 for url: https://ejje.weblio.jp/content/single%20individual,meaning_ja
single issue,単一の問題,The debate often narrows down to a single issue.,議論はしばしば単一の問題に絞られる。,https://ejje.weblio.jp/content/single%20issue,,meaning_ja
single source,単一源,Relying on a single source of information can be risky.,単一の情報源に依存することは危険を伴う可能性がある。,https://ejje.weblio.jp/content/single%20source,,
single variable,単一変数,The experiment isolated the effect of a single variable.,その実験は単一変数の効果を分離した。,https://ejje.weblio.jp/content/single%20variable,,
skilled worker,熟練労働者; 熟練作業者; スキルドワーカー,There is a high demand for skilled worker in the manufacturing industry.,製造業では熟練労働者の需要が高い。,https://ejje.weblio.jp/content/skilled%20worker,,
slightly different,少し違う,Their perspectives on the matter were only slightly different.,その件に関する彼らの視点はわずかに異なっていただけだ。,https://ejje.weblio.jp/content/slightly%20different,,
slightly higher,小高い,The average temperature this year was slightly higher than last year.,今年の平均気温は昨年より小高かった。,https://ejje.weblio.jp/content/slightly%20higher,,
slow process,スロー‐プロセス,Organizational change is often a slow process requiring patience.,組織の変革はしばしば忍耐を要するスロープロセスである。,https://ejje.weblio.jp/content/slow%20process,,
small fraction,九牛の一毛、九牛一毛,Only a small fraction of the data was analyzed.,データの九牛の一毛だけが分析された。,https://ejje.weblio.jp/content/small%20fraction,,
small minority,ごく一部の少数派,A small minority of respondents expressed dissatisfaction with the service.,ごく一部の少数派の回答者がサービスに不満を表明した。,https://ejje.weblio.jp/content/small%20minority,,meaning_ja
small percentage,僅かな割合,Only a small percentage of startups achieve long-term success.,ごく僅かな割合のスタートアップ企業だけが長期的な成功を収める。,https://ejje.weblio.jp/content/small%20percentage,,
small portion,小盛り、小盛,A small portion of the budget was allocated to unexpected expenses.,予算の小盛が予期せぬ費用に割り当てられた。,https://ejje.weblio.jp/content/small%20portion,,
small proportion of,ごく一部の,Only a small proportion of the population has access to these resources.,人口のごく一部の人がこれらのリソースにアクセスできる。,https://ejje.weblio.jp/content/small%20proportion%20of,404 Client Error: 404 for url: https://ejje.weblio.jp/content/small%20proportion%20of,meaning_ja
small quantities of,少量の,The experiment requires only small quantities of the rare chemical.,その実験には少量の希少化学物質しか必要としない。,https://ejje.weblio.jp/content/small%20quantities%20of,404 Client Error: 404 for url: https://ejje.weblio.jp/content/small%20quantities%20of,meaning_ja
social activity,社会的活動,Participating in social activity can improve overall well-being.,社会的活動に参加することは全体的な幸福感を向上させることができる。,https://ejje.weblio.jp/content/social%20activity,,
social aspect,社会面; 社会相,The report examines the economic and social aspect of the policy.,その報告書は政策の経済面と社会面を検証している。,https://ejje.weblio.jp/content/social%20aspect,,
social attitudes,社会的態度,Public education campaigns aim to influence social attitudes towards diversity.,公教育キャンペーンは多様性に対する社会的態度に影響を与えることを目指している。,https://ejje.weblio.jp/content/social%20attitudes,,
social background,社会背景,An individual's social background can significantly impact their opportunities.,個人の社会背景は彼らの機会に著しく影響を与える可能性がある。,https://ejje.weblio.jp/content/social%20background,,
social behaviour,社会的行動、社会行動、社会的行為,Observing animal social behaviour provides insights into human interactions.,動物の社会的行動を観察することは人間の相互作用への洞察を提供する。,https://ejje.weblio.jp/content/social%20behaviour,,
social circumstances,社会事情,Policies must consider the diverse social circumstances of the population.,政策は人口の多様な社会事情を考慮しなければならない。,https://ejje.weblio.jp/content/social%20circumstances,,
social conflict,社会葛藤,Economic disparities often lead to increased social conflict.,経済格差はしばしば社会葛藤の増加につながる。,https://ejje.weblio.jp/content/social%20conflict,,
social consequences,社会的影響,The decision may have far-reaching social consequences.,その決定は広範囲にわたる社会的影響を及ぼす可能性がある。,https://ejje.weblio.jp/content/social%20consequences,404 Client Error: 404 for url: https://ejje.weblio.jp/content/social%20consequences,meaning_ja
social construct,社会的構築物,Gender is often viewed as a social construct rather than purely biological.,ジェンダーは純粋に生物学的なものというより、しばしば社会的構築物と見なされる。,https://ejje.weblio.jp/content/social%20construct,,meaning_ja
social contact,社会的接触,Maintaining regular social contact is important for mental health.,定期的な社会的接触を維持することは精神衛生にとって重要である。,https://ejje.weblio.jp/content/social%20contact,,
social context,社会的関係,Understanding the social context is crucial for interpreting historical events.,歴史的出来事を解釈するためには、社会的関係を理解することが極めて重要である。,https://ejje.weblio.jp/content/social%20context,,
social democracy,社会民主主義,Many European countries operate under principles of social democracy.,多くのヨーロッパ諸国は社会民主主義の原則の下で運営されている。,https://ejje.weblio.jp/content/social%20democracy,,meaning_ja
social dimension,社会的側面,Sustainable development must address its environmental and social dimension.,持続可能な開発は、その環境的および社会的側面に対処しなければならない。,https://ejje.weblio.jp/content/social%20dimension,,
social environment,社会環境,An individual's development is shaped by their social environment.,個人の発達は彼らの社会環境によって形作られる。,https://ejje.weblio.jp/content/social%20environment,,
social equality,社会的平等（しゃかいてきびょうどう、英: social equality）とは、社会のすべての構成員が、権利・自由・社会的地位の面で平等に扱われる状態を指す概念である。,Achieving social equality remains a fundamental goal for many societies.,社会的平等の達成は、多くの社会にとって基本的な目標であり続けている。,https://ejje.weblio.jp/content/social%20equality,,
social exclusion,社会的排除,Policies aim to reduce social exclusion and promote inclusion.,政策は社会的排除を減らし、包摂を促進することを目指している。,https://ejje.weblio.jp/content/social%20exclusion,,meaning_ja
social expectations,社会的期待,Individuals often feel pressure to conform to social expectations.,個人はしばしば社会的期待に合わせるよう圧力を感じる。,https://ejje.weblio.jp/content/social%20expectations,404 Client Error: 404 for url: https://ejje.weblio.jp/content/social%20expectations,meaning_ja
social factors,社会的要因、社会的因子,Health outcomes are influenced by various biological and social factors.,健康の結果は様々な生物学的および社会的要因に影響される。,https://ejje.weblio.jp/content/social%20factors,,
social function,社会的機能,Language plays a vital social function in human communication.,言語は人間のコミュニケーションにおいて重要な社会的機能を果たす。,https://ejje.weblio.jp/content/social%20function,,
social identity,social identificationや社会的同定の同義語(異表記),Group membership often contributes to an individual's social identity.,グループへの所属はしばしば個人の社会的アイデンティティに貢献する。,https://ejje.weblio.jp/content/social%20identity,,
social implications,社会的意味,Technological advancements have significant social implications for society.,技術の進歩は社会に重要な社会的意味を持つ。,https://ejje.weblio.jp/content/social%20implications,,
social inequality,貧富の差、社会格差,Governments strive to address issues of social inequality through various policies.,各政府は様々な政策を通じて社会格差の問題に対処しようと努めている。,https://ejje.weblio.jp/content/social%20inequality,,
social institution,社会慣習,Marriage is a fundamental social institution in many cultures.,結婚は多くの文化において基本的な社会慣習である。,https://ejje.weblio.jp/content/social%20institution,,
social integration,社会統合、同和、同和,Education is key to promoting social integration among diverse communities.,教育は多様なコミュニティ間の社会統合を促進する鍵である。,https://ejje.weblio.jp/content/social%20integration,,
social interaction,社会的相互作用、社会的相互行為,Digital platforms have transformed the nature of social interaction.,デジタルプラットフォームは社会的相互作用の性質を変革した。,https://ejje.weblio.jp/content/social%20interaction,,
social isolation,社会的隔離,Loneliness and social isolation can negatively impact mental health.,孤独と社会的隔離は精神衛生に悪影響を与える可能性がある。,https://ejje.weblio.jp/content/social%20isolation,,
social mobility,1916年の米国雑誌の裏表紙にある職業訓練学校の広告のイラスト。、社会移動,Access to education is crucial for fostering social mobility.,教育へのアクセスは社会移動を促進するために極めて重要である。,https://ejje.weblio.jp/content/social%20mobility,,
social movement,社会運動; 社会動向,The social movement advocated for significant political reforms.,その社会運動は重要な政治改革を提唱した。,https://ejje.weblio.jp/content/social%20movement,,
social norm,社会規範、社会的規範、社会的通念,Changing a deeply ingrained social norm requires sustained effort.,深く根付いた社会規範を変えるには持続的な努力が必要である。,https://ejje.weblio.jp/content/social%20norm,,
social organization,社会組織,Understanding the social organization of a community is vital.,コミュニティの社会組織を理解することは不可欠である。,https://ejje.weblio.jp/content/social%20organization,,
social phenomenon,社会現象,Globalization is a complex social phenomenon with widespread effects.,グローバリゼーションは広範囲にわたる影響を持つ複雑な社会現象である。,https://ejje.weblio.jp/content/social%20phenomenon,,
social policy,社会政策,The government introduced a new social policy to support families.,政府は家族を支援するための新しい社会政策を導入した。,https://ejje.weblio.jp/content/social%20policy,,
social reform,社会改良; 世直し,The era was marked by significant social reform efforts.,その時代は重要な社会改良の努力によって特徴づけられた。,https://ejje.weblio.jp/content/social%20reform,,
social relationship,社会的関係、義理合い,Strong social relationship are essential for individual well-being.,強い社会的関係は個人の幸福にとって不可欠である。,https://ejje.weblio.jp/content/social%20relationship,,
social responsibility,社会的責任,Companies are increasingly focusing on corporate social responsibility.,企業はますます企業の社会的責任に焦点を当てている。,https://ejje.weblio.jp/content/social%20responsibility,,
social setting,社会的状況,Behavior can vary significantly depending on the social setting.,行動は社会的状況によって大きく異なることがある。,https://ejje.weblio.jp/content/social%20setting,404 Client Error: 404 for url: https://ejje.weblio.jp/content/social%20setting,meaning_ja
social significance,社会的意義,The event held great social significance for the community.,その出来事は地域社会にとって大きな社会的意義を持っていた。,https://ejje.weblio.jp/content/social%20significance,,
social status,社会的地位,Education often plays a role in determining social status.,教育はしばしば社会的地位を決定する上で役割を果たす。,https://ejje.weblio.jp/content/social%20status,,
social structure,社会構造,Researchers analyze how economic changes impact social structure.,研究者は経済的変化が社会構造にどのように影響するかを分析する。,https://ejje.weblio.jp/content/social%20structure,,
social theory,社会理論,This social theory offers a new perspective on human behavior.,この社会理論は人間の行動に新しい視点を提供する。,https://ejje.weblio.jp/content/social%20theory,,
social transformation,社会改革,Digital technology is driving a rapid social transformation.,デジタル技術は急速な社会改革を推進している。,https://ejje.weblio.jp/content/social%20transformation,,
social trend,社会的潮流,Analyzing demographic data helps identify emerging social trend.,人口統計データを分析することは、新たな社会的潮流を特定するのに役立つ。,https://ejje.weblio.jp/content/social%20trend,,
social welfare,社会福祉、社会奉仕,Governments implement policies to improve public health and social welfare.,各政府は公衆衛生と社会福祉を向上させるための政策を実施している。,https://ejje.weblio.jp/content/social%20welfare,,
socially acceptable,社会的に受け入れられる,What is considered socially acceptable can change over time.,社会的に受け入れられると見なされるものは時間とともに変化する可能性がある。,https://ejje.weblio.jp/content/socially%20acceptable,404 Client Error: 404 for url: https://ejje.weblio.jp/content/socially%20acceptable,meaning_ja
socially constructed,社会的に構築された,Many aspects of identity are often considered socially constructed.,アイデンティティの多くの側面はしばしば社会的に構築されたものと見なされる。,https://ejje.weblio.jp/content/socially%20constructed,404 Client Error: 404 for url: https://ejje.weblio.jp/content/socially%20constructed,meaning_ja
socially desirable,社会的に望ましい,People often respond in ways they perceive as socially desirable.,人々はしばしば社会的に望ましいと認識するような方法で反応する。,https://ejje.weblio.jp/content/socially%20desirable,404 Client Error: 404 for url: https://ejje.weblio.jp/content/socially%20desirable,meaning_ja
socially responsible,社会的責任を重視する,Consumers increasingly prefer companies that are socially responsible.,消費者はますます社会的責任を重視する企業を好む。,https://ejje.weblio.jp/content/socially%20responsible,404 Client Error: 404 for url: https://ejje.weblio.jp/content/socially%20responsible,meaning_ja
socioeconomic status,社会経済的状況,Research explores the link between health and socioeconomic status.,研究は健康と社会経済的状況との関連性を探求している。,https://ejje.weblio.jp/content/socioeconomic%20status,,
solar energy,太陽エネルギー,Investing in solar energy is key to a sustainable future.,太陽エネルギーへの投資は持続可能な未来への鍵である。,https://ejje.weblio.jp/content/solar%20energy,,
solar panel,太陽電池板,Many homes are now installing solar panel to reduce electricity costs.,多くの家が電気代を削減するために太陽電池板を設置している。,https://ejje.weblio.jp/content/solar%20panel,,
solar power,ソーラパワー; 太陽電力,The region has great potential for generating solar power.,その地域は太陽電力を生成する大きな可能性を秘めている。,https://ejje.weblio.jp/content/solar%20power,,
solar system,太陽系、(他の)太陽系,Our solar system is part of the vast Milky Way galaxy.,私たちの太陽系は広大な天の川銀河の一部です。,https://ejje.weblio.jp/content/solar%20system,,
source material,原料物質,Researchers analyze the source material to understand its origin and properties.,研究者はその起源と特性を理解するため、原料物質を分析します。,https://ejje.weblio.jp/content/source%20material,,
sovereign state,主権国家、独立国家,Each sovereign state has the right to govern its own affairs.,各主権国家は自国の事柄を統治する権利を持っています。,https://ejje.weblio.jp/content/sovereign%20state,,
sparsely populated,人口がまばらな,The northern regions are sparsely populated due to harsh climate conditions.,北部地域は厳しい気候条件のため、人口がまばらです。,https://ejje.weblio.jp/content/sparsely%20populated,404 Client Error: 404 for url: https://ejje.weblio.jp/content/sparsely%20populated,meaning_ja
special circumstances,特段の事情,This rule can be waived under special circumstances.,この規則は特段の事情がある場合に免除されることがあります。,https://ejje.weblio.jp/content/special%20circumstances,,
special emphasis,特に重点を置く,The report places special emphasis on sustainable development goals.,その報告書は持続可能な開発目標に特に重点を置いています。,https://ejje.weblio.jp/content/special%20emphasis,404 Client Error: 404 for url: https://ejje.weblio.jp/content/special%20emphasis,meaning_ja
special issue,特集; 増刊; 特別号,The journal published a special issue on artificial intelligence.,その学術誌は人工知能に関する特集号を出版しました。,https://ejje.weblio.jp/content/special%20issue,,
special relationship,特別の関係,The two countries maintain a special relationship based on shared history.,両国は共有された歴史に基づき、特別な関係を維持しています。,https://ejje.weblio.jp/content/special%20relationship,,
special status,特別な地位,Certain regions are granted special status for cultural preservation.,特定の地域は文化保存のために特別な地位を与えられています。,https://ejje.weblio.jp/content/special%20status,404 Client Error: 404 for url: https://ejje.weblio.jp/content/special%20status,meaning_ja
specific area,特定地域,The study focuses on a specific area of economic policy.,この研究は経済政策の特定地域に焦点を当てています。,https://ejje.weblio.jp/content/specific%20area,,
specific aspect,特定の側面,We need to examine this problem from a specific aspect.,私たちはこの問題を特定の側面から検討する必要があります。,https://ejje.weblio.jp/content/specific%20aspect,404 Client Error: 404 for url: https://ejje.weblio.jp/content/specific%20aspect,meaning_ja
specific case,特定の事例,"The findings are applicable to a specific case, not universally.",その発見は普遍的ではなく、特定の事例に適用可能です。,https://ejje.weblio.jp/content/specific%20case,404 Client Error: 404 for url: https://ejje.weblio.jp/content/specific%20case,meaning_ja
specific characteristic,特性,Each material has a specific characteristic that determines its use.,各素材にはその用途を決定する特定の特性があります。,https://ejje.weblio.jp/content/specific%20characteristic,,
specific context,具体的な文脈,The meaning of a word can change depending on its specific context.,単語の意味は具体的な文脈によって変わることがあります。,https://ejje.weblio.jp/content/specific%20context,404 Client Error: 404 for url: https://ejje.weblio.jp/content/specific%20context,meaning_ja
specific example,具体例,Please provide a specific example to clarify your point.,あなたの点を明確にするために、具体例を挙げてください。,https://ejje.weblio.jp/content/specific%20example,,
specific factor,特異的因子; 特異因子,"Several factors contribute, but one specific factor stands out.",いくつかの要因が寄与しますが、一つの特異的因子が際立っています。,https://ejje.weblio.jp/content/specific%20factor,,
specific feature,特徴,This model offers a specific feature designed for advanced users.,このモデルは、上級ユーザー向けに設計された特定の機能を提供します。,https://ejje.weblio.jp/content/specific%20feature,404 Client Error: 404 for url: https://ejje.weblio.jp/content/specific%20feature,meaning_ja
specific focus,重点分野,The project has a specific focus on renewable energy sources.,そのプロジェクトは再生可能エネルギー源に重点を置いています。,https://ejje.weblio.jp/content/specific%20focus,404 Client Error: 404 for url: https://ejje.weblio.jp/content/specific%20focus,meaning_ja
specific form,特定の形式,Information is presented in a specific form for easy comprehension.,情報が理解しやすいように特定の形式で提示されます。,https://ejje.weblio.jp/content/specific%20form,404 Client Error: 404 for url: https://ejje.weblio.jp/content/specific%20form,meaning_ja
specific function,特異的機能,Each component serves a specific function within the system.,各コンポーネントはシステム内で特異的機能を果たします。,https://ejje.weblio.jp/content/specific%20function,,
specific information,固有情報,We require specific information to process your application.,申請を処理するには固有の情報が必要です。,https://ejje.weblio.jp/content/specific%20information,,
specific issue,具体的な問題,Let's address this specific issue before moving on.,次へ進む前に、この具体的な問題に対処しましょう。,https://ejje.weblio.jp/content/specific%20issue,404 Client Error: 404 for url: https://ejje.weblio.jp/content/specific%20issue,meaning_ja
specific knowledge,専門知識,Solving this problem requires specific knowledge and expertise.,この問題を解決するには専門知識と専門技術が必要です。,https://ejje.weblio.jp/content/specific%20knowledge,404 Client Error: 404 for url: https://ejje.weblio.jp/content/specific%20knowledge,meaning_ja
specific meaning,具体的な意味,The term has a specific meaning in legal discourse.,その用語は法的な議論において具体的な意味を持ちます。,https://ejje.weblio.jp/content/specific%20meaning,404 Client Error: 404 for url: https://ejje.weblio.jp/content/specific%20meaning,meaning_ja
specific needs,特定ニーズ,The program is tailored to meet the specific needs of students.,そのプログラムは学生の特定ニーズを満たすように調整されています。,https://ejje.weblio.jp/content/specific%20needs,,
specific problem,具体的な問題,We need to identify the specific problem to find a solution.,解決策を見つけるためには、具体的な問題を特定する必要があります。,https://ejje.weblio.jp/content/specific%20problem,404 Client Error: 404 for url: https://ejje.weblio.jp/content/specific%20problem,meaning_ja
specific purpose,特定の目的,This tool is designed for a specific purpose in data analysis.,このツールはデータ分析の特定の目的のために設計されています。,https://ejje.weblio.jp/content/specific%20purpose,404 Client Error: 404 for url: https://ejje.weblio.jp/content/specific%20purpose,meaning_ja
specific question,具体的な質問,I have a specific question regarding the research methodology.,研究方法論に関して具体的な質問があります。,https://ejje.weblio.jp/content/specific%20question,404 Client Error: 404 for url: https://ejje.weblio.jp/content/specific%20question,meaning_ja
specific reference,直接相互参照,Please provide a specific reference to the source document.,原典文書への直接相互参照を提供してください。,https://ejje.weblio.jp/content/specific%20reference,,
specific sense,特定の意味,"In a specific sense, the term refers to a technical process.",特定の意味では、その用語は技術的なプロセスを指します。,https://ejje.weblio.jp/content/specific%20sense,404 Client Error: 404 for url: https://ejje.weblio.jp/content/specific%20sense,meaning_ja
specific type,特殊タイプ,This approach is suitable for a specific type of data analysis.,このアプローチは特殊タイプのデータ分析に適しています。,https://ejje.weblio.jp/content/specific%20type,,
"specifically designed to, for",特に～のために設計されており、～のために,The software is specifically designed for scientific research.,そのソフトウェアは科学研究のために特に設計されています。,https://ejje.weblio.jp/content/specifically%20designed%20to%2C%20for,404 Client Error: 404 for url: https://ejje.weblio.jp/content/specifically%20designed%20to%2C%20for,meaning_ja
standard approach,標準的なアプローチ,We will follow the standard approach for data collection and analysis.,データ収集と分析には標準的なアプローチに従います。,https://ejje.weblio.jp/content/standard%20approach,404 Client Error: 404 for url: https://ejje.weblio.jp/content/standard%20approach,meaning_ja
standard error,標準誤差,The calculation of the standard error is crucial for statistical validity.,標準誤差の計算は統計的妥当性のために不可欠です。,https://ejje.weblio.jp/content/standard%20error,,
standard format,標準書式,All documents must be submitted in a standard format.,すべての文書は標準書式で提出されなければなりません。,https://ejje.weblio.jp/content/standard%20format,,
standard method,標準法,The experiment was conducted using a standard method.,その実験は標準法を用いて実施されました。,https://ejje.weblio.jp/content/standard%20method,,
stark contrast,著しい対照,There is a stark contrast between their economic policies.,彼らの経済政策には著しい対照があります。,https://ejje.weblio.jp/content/stark%20contrast,,
start a process,プロセスを開始する,We need to start a process to review the current regulations.,現行の規制を見直すプロセスを開始する必要があります。,https://ejje.weblio.jp/content/start%20a%20process,404 Client Error: 404 for url: https://ejje.weblio.jp/content/start%20a%20process,meaning_ja
state explicitly,はっきり述べる,The guidelines state explicitly that all data must be anonymized.,ガイドラインは、すべてのデータが匿名化されなければならないとはっきり述べています。,https://ejje.weblio.jp/content/state%20explicitly,,
state sector,公的部門,Employment in the state sector has seen significant growth.,公的部門での雇用は大幅な成長を見せています。,https://ejje.weblio.jp/content/state%20sector,404 Client Error: 404 for url: https://ejje.weblio.jp/content/state%20sector,meaning_ja
statistical analysis,統計解析、統計分析,The results were confirmed through rigorous statistical analysis.,結果は厳密な統計解析によって確認されました。,https://ejje.weblio.jp/content/statistical%20analysis,,
statistical data,統計資料,Reliable statistical data is essential for informed decision-making.,信頼できる統計資料は情報に基づいた意思決定に不可欠です。,https://ejje.weblio.jp/content/statistical%20data,,
statistical information,統計情報,Governments collect statistical information to track social trends.,政府は社会動向を追跡するために統計情報を収集します。,https://ejje.weblio.jp/content/statistical%20information,,
statistical method,検定法、統計手法、検定方法、統計法,Choosing the right statistical method is vital for accurate research.,正しい統計手法を選択することは正確な研究に不可欠です。,https://ejje.weblio.jp/content/statistical%20method,,
statistical significance,統計学的有意性、統計的有意性,The study found no statistical significance in the observed differences.,その研究では、観察された差異に統計学的有意性は見られませんでした。,https://ejje.weblio.jp/content/statistical%20significance,,
statistical technique,統計技術; 統計的手法,Advanced statistical technique was used to analyze the complex dataset.,複雑なデータセットを分析するために高度な統計技術が使用されました。,https://ejje.weblio.jp/content/statistical%20technique,,
statistical test,統計検定、統計試験,A specific statistical test confirmed the hypothesis.,特定の統計検定が仮説を裏付けました。,https://ejje.weblio.jp/content/statistical%20test,,
statistically significant,統計学的に有意な,The difference between the groups was statistically significant.,グループ間の差は統計学的に有意でした。,https://ejje.weblio.jp/content/statistically%20significant,,
store data,データを保存する,Modern systems can store data efficiently and securely.,現代のシステムはデータを効率的かつ安全に保存できます。,https://ejje.weblio.jp/content/store%20data,404 Client Error: 404 for url: https://ejje.weblio.jp/content/store%20data,meaning_ja
store information,店舗情報,We need a better way to store information about customer preferences.,顧客の好みに関する情報をより良く保存する方法が必要です。,https://ejje.weblio.jp/content/store%20information,,
strategic decision,戦略的意志決定; 戦略意思,This was a strategic decision to expand into new markets.,これは新しい市場へ拡大するための戦略的意志決定でした。,https://ejje.weblio.jp/content/strategic%20decision,,
strategic importance,戦略的重要性,The region holds strategic importance for global trade routes.,その地域は世界の貿易ルートにとって戦略的重要性を持っています。,https://ejje.weblio.jp/content/strategic%20importance,,meaning_ja
strategic management,戦略管理; 戦略経営,Effective strategic management is key to organizational success.,効果的な戦略管理は組織の成功の鍵です。,https://ejje.weblio.jp/content/strategic%20management,,
strategic objective,戦略目標,Our primary strategic objective is long-term sustainable growth.,私たちの主要な戦略目標は長期的な持続可能な成長です。,https://ejje.weblio.jp/content/strategic%20objective,,
strategic planning,戦略立案,Strategic planning helps define the future direction of the company.,戦略立案は会社の将来の方向性を定めるのに役立ちます。,https://ejje.weblio.jp/content/strategic%20planning,,
stress level,応力レベル,Monitoring stress level is important for employee well-being.,従業員の幸福のためには、応力レベルを監視することが重要です。,https://ejje.weblio.jp/content/stress%20level,,
striking contrast,著しい対照,The old and new buildings present a striking contrast.,古い建物と新しい建物は著しい対照をなしています。,https://ejje.weblio.jp/content/striking%20contrast,,
striking example,顕著な例,This case provides a striking example of successful innovation.,この事例は成功したイノベーションの顕著な例を提供します。,https://ejje.weblio.jp/content/striking%20example,404 Client Error: 404 for url: https://ejje.weblio.jp/content/striking%20example,meaning_ja
striking feature,際立った特徴,A striking feature of the design is its minimalist aesthetic.,そのデザインの際立った特徴はミニマリストな美学です。,https://ejje.weblio.jp/content/striking%20feature,404 Client Error: 404 for url: https://ejje.weblio.jp/content/striking%20feature,meaning_ja
strong bond,強い絆,A strong bond developed between the team members.,チームメンバー間に強い絆が生まれました。,https://ejje.weblio.jp/content/strong%20bond,404 Client Error: 404 for url: https://ejje.weblio.jp/content/strong%20bond,meaning_ja
strong correlation,強い相関,There is a strong correlation between education and income levels.,教育と所得水準の間には強い相関があります。,https://ejje.weblio.jp/content/strong%20correlation,,
strong emphasis,強い強調,The curriculum places a strong emphasis on critical thinking skills.,カリキュラムは批判的思考スキルに強い強調を置いています。,https://ejje.weblio.jp/content/strong%20emphasis,404 Client Error: 404 for url: https://ejje.weblio.jp/content/strong%20emphasis,meaning_ja
strong evidence,れっきとした証拠、有力な証拠,There is strong evidence to support the new theory.,新しい理論を裏付けるれっきとした証拠があります。,https://ejje.weblio.jp/content/strong%20evidence,,
strong link,強力なつながり,Research suggests a strong link between diet and health.,研究は食事と健康の間に強力なつながりがあることを示唆しています。,https://ejje.weblio.jp/content/strong%20link,,meaning_ja
strong reaction,拒否反応、拒絶反応,The announcement provoked a strong reaction from the public.,その発表は国民から強い反応を引き起こしました。,https://ejje.weblio.jp/content/strong%20reaction,,
strong relationship,強固な関係,Building a strong relationship with clients is crucial for business.,顧客との強固な関係を築くことはビジネスにとって不可欠です。,https://ejje.weblio.jp/content/strong%20relationship,404 Client Error: 404 for url: https://ejje.weblio.jp/content/strong%20relationship,meaning_ja
strong tendency,強い傾向,The data shows a strong tendency towards increased online shopping.,データはオンラインショッピングが増加する強い傾向を示しています。,https://ejje.weblio.jp/content/strong%20tendency,404 Client Error: 404 for url: https://ejje.weblio.jp/content/strong%20tendency,meaning_ja
strongly agree,強く同意する,Most participants strongly agree with the proposed policy changes.,ほとんどの参加者は提案された政策変更に強く同意します。,https://ejje.weblio.jp/content/strongly%20agree,404 Client Error: 404 for url: https://ejje.weblio.jp/content/strongly%20agree,meaning_ja
strongly associated with,密接に関連している,This phenomenon is strongly associated with environmental factors.,この現象は環境要因と密接に関連しています。,https://ejje.weblio.jp/content/strongly%20associated%20with,404 Client Error: 404 for url: https://ejje.weblio.jp/content/strongly%20associated%20with,meaning_ja
strongly correlated with,と強い相関関係がある,Higher education levels are strongly correlated with better job prospects.,高い教育水準はより良い仕事の見通しと強い相関関係があります。,https://ejje.weblio.jp/content/strongly%20correlated%20with,404 Client Error: 404 for url: https://ejje.weblio.jp/content/strongly%20correlated%20with,meaning_ja
strongly disagree,全く同意できない,A few stakeholders strongly disagree with the project's direction.,数名の利害関係者はプロジェクトの方向性に全く同意できません。,https://ejje.weblio.jp/content/strongly%20disagree,404 Client Error: 404 for url: https://ejje.weblio.jp/content/strongly%20disagree,meaning_ja
strongly influenced by,～の影響を強く受けている,The artist's work was strongly influenced by classical mythology.,その芸術家の作品は古典神話の影響を強く受けていました。,https://ejje.weblio.jp/content/strongly%20influenced%20by,404 Client Error: 404 for url: https://ejje.weblio.jp/content/strongly%20influenced%20by,meaning_ja
strongly linked,強く結びついている,Economic growth is strongly linked to technological innovation.,経済成長は技術革新と強く結びついています。,https://ejje.weblio.jp/content/strongly%20linked,404 Client Error: 404 for url: https://ejje.weblio.jp/content/strongly%20linked,meaning_ja
strongly opposed,強く反対した,The proposal was strongly opposed by several community groups.,その提案はいくつかの地域団体によって強く反対されました。,https://ejje.weblio.jp/content/strongly%20opposed,404 Client Error: 404 for url: https://ejje.weblio.jp/content/strongly%20opposed,meaning_ja
strongly related to,密接に関連している,These findings are strongly related to previous studies in the field.,これらの発見は、その分野の以前の研究と密接に関連しています。,https://ejje.weblio.jp/content/strongly%20related%20to,404 Client Error: 404 for url: https://ejje.weblio.jp/content/strongly%20related%20to,meaning_ja
strongly suggest,強くお勧めします,The preliminary results strongly suggest a new direction for research.,予備的な結果は、研究の新しい方向性を強く示唆しています。,https://ejje.weblio.jp/content/strongly%20suggest,404 Client Error: 404 for url: https://ejje.weblio.jp/content/strongly%20suggest,meaning_ja
structural adjustment,構造調整,Many countries underwent structural adjustment programs in the past.,多くの国が過去に構造調整プログラムを経験しました。,https://ejje.weblio.jp/content/structural%20adjustment,,
structural change,構造変化、立体構造変化、構造的変化、器質的変化,The industry is undergoing a significant structural change.,その業界は大きな構造変化を経験しています。,https://ejje.weblio.jp/content/structural%20change,,
structural element,構造要素,Each structural element plays a vital role in the building's stability.,各構造要素は建物の安定性において重要な役割を果たします。,https://ejje.weblio.jp/content/structural%20element,,
structural feature,構造的特徴,The bridge's structural feature ensures its resilience to seismic activity.,その橋の構造的特徴は、地震活動に対する回復力を保証します。,https://ejje.weblio.jp/content/structural%20feature,,
structural properties,局所構造,Scientists are studying the material's structural properties.,科学者たちはその材料の構造的特性を研究しています。,https://ejje.weblio.jp/content/structural%20properties,,
subject area,対象区域,This topic falls within a highly specialized subject area.,このトピックは高度に専門化された対象区域に属します。,https://ejje.weblio.jp/content/subject%20area,,
subsequent analysis,その後の分析,Subsequent analysis revealed additional patterns in the data.,その後の分析により、データにさらなるパターンが明らかになりました。,https://ejje.weblio.jp/content/subsequent%20analysis,404 Client Error: 404 for url: https://ejje.weblio.jp/content/subsequent%20analysis,meaning_ja
subsequent chapter,次の章,More details will be discussed in a subsequent chapter.,詳細については、次の章で議論されます。,https://ejje.weblio.jp/content/subsequent%20chapter,404 Client Error: 404 for url: https://ejje.weblio.jp/content/subsequent%20chapter,meaning_ja
subsequent development,続発,We need to consider the potential for subsequent development.,その後の発展の可能性を考慮する必要があります。,https://ejje.weblio.jp/content/subsequent%20development,,
subsequent study,その後の研究,A subsequent study confirmed the initial findings.,その後の研究が初期の発見を確認しました。,https://ejje.weblio.jp/content/subsequent%20study,404 Client Error: 404 for url: https://ejje.weblio.jp/content/subsequent%20study,meaning_ja
subsequent work,その後の研究,This publication provides a foundation for subsequent work.,この出版物はその後の研究の基礎を提供します。,https://ejje.weblio.jp/content/subsequent%20work,404 Client Error: 404 for url: https://ejje.weblio.jp/content/subsequent%20work,meaning_ja
substantial amount of,相当量の,The project requires a substantial amount of funding.,そのプロジェクトには相当量の資金が必要です。,https://ejje.weblio.jp/content/substantial%20amount%20of,404 Client Error: 404 for url: https://ejje.weblio.jp/content/substantial%20amount%20of,meaning_ja
substantial difference,実質的差異,There was a substantial difference in results between the two groups.,2つのグループ間で結果に実質的差異がありました。,https://ejje.weblio.jp/content/substantial%20difference,,
substantial evidence,実質的証拠,The court required substantial evidence to prove the claim.,裁判所はその主張を証明するために実質的証拠を要求しました。,https://ejje.weblio.jp/content/substantial%20evidence,,
substantial number,相当数,A substantial number of participants reported positive outcomes.,相当数の参加者が肯定的な結果を報告しました。,https://ejje.weblio.jp/content/substantial%20number,404 Client Error: 404 for url: https://ejje.weblio.jp/content/substantial%20number,meaning_ja
substantial part,相当な部分,A substantial part of the budget is allocated to research.,予算の相当な部分が研究に割り当てられています。,https://ejje.weblio.jp/content/substantial%20part,404 Client Error: 404 for url: https://ejje.weblio.jp/content/substantial%20part,meaning_ja
substantially different,著しく異なる,The revised plan is substantially different from the original proposal.,改訂された計画は元の提案と著しく異なります。,https://ejje.weblio.jp/content/substantially%20different,404 Client Error: 404 for url: https://ejje.weblio.jp/content/substantially%20different,meaning_ja
successful implementation,導入の成功,Successful implementation of the new system improved efficiency.,新システムの導入の成功により効率が向上しました。,https://ejje.weblio.jp/content/successful%20implementation,404 Client Error: 404 for url: https://ejje.weblio.jp/content/successful%20implementation,meaning_ja
sufficient condition,十分条件; 充分条件,Passing the exam is a sufficient condition for graduation.,試験に合格することは卒業の十分条件です。,https://ejje.weblio.jp/content/sufficient%20condition,,
sufficient detail,十分な詳細,The report provides sufficient detail for further investigation.,その報告書はさらなる調査のために十分な詳細を提供します。,https://ejje.weblio.jp/content/sufficient%20detail,404 Client Error: 404 for url: https://ejje.weblio.jp/content/sufficient%20detail,meaning_ja
sufficient evidence,十分な証拠,We need sufficient evidence to support our conclusions.,私たちの結論を裏付ける十分な証拠が必要です。,https://ejje.weblio.jp/content/sufficient%20evidence,404 Client Error: 404 for url: https://ejje.weblio.jp/content/sufficient%20evidence,meaning_ja
sufficient information,十分な情報,The document contains sufficient information for decision-making.,その文書には意思決定のための十分な情報が含まれています。,https://ejje.weblio.jp/content/sufficient%20information,404 Client Error: 404 for url: https://ejje.weblio.jp/content/sufficient%20information,meaning_ja
sufficient resources,十分なリソース,The team has sufficient resources to complete the project.,そのチームはプロジェクトを完了するための十分なリソースを持っています。,https://ejje.weblio.jp/content/sufficient%20resources,404 Client Error: 404 for url: https://ejje.weblio.jp/content/sufficient%20resources,meaning_ja
superior performance,優れた性能,The new engine demonstrates superior performance and fuel efficiency.,新しいエンジンは優れた性能と燃費を示します。,https://ejje.weblio.jp/content/superior%20performance,404 Client Error: 404 for url: https://ejje.weblio.jp/content/superior%20performance,meaning_ja
support an argument,主張を裏付ける,The data collected will support an argument for policy change.,収集されたデータは政策変更の主張を裏付けるでしょう。,https://ejje.weblio.jp/content/support%20an%20argument,404 Client Error: 404 for url: https://ejje.weblio.jp/content/support%20an%20argument,meaning_ja
supporting evidence,傍証,The theory lacks sufficient supporting evidence.,その理論には十分な傍証が欠けています。,https://ejje.weblio.jp/content/supporting%20evidence,,
survey data,調査データ,The analysis of survey data revealed interesting consumer trends.,調査データの分析により、興味深い消費者トレンドが明らかになりました。,https://ejje.weblio.jp/content/survey%20data,,
symbiotic relationship,共生関係,The two species have a symbiotic relationship in the ecosystem.,その2つの種は生態系において共生関係を持っています。,https://ejje.weblio.jp/content/symbiotic%20relationship,,
systematic analysis,システマティック解析; 系統的解析; 系統分析法,A systematic analysis of the market is crucial for new ventures.,市場の系統的解析は新規事業にとって不可欠です。,https://ejje.weblio.jp/content/systematic%20analysis,,
systematic approach,組織的手法; システマティックアプローチ,We adopted a systematic approach to problem-solving.,私たちは問題解決に組織的手法を採用しました。,https://ejje.weblio.jp/content/systematic%20approach,,
systematic study,体系的な研究,The phenomenon requires a systematic study to understand its complexity.,その現象は、その複雑さを理解するために体系的な研究が必要です。,https://ejje.weblio.jp/content/systematic%20study,404 Client Error: 404 for url: https://ejje.weblio.jp/content/systematic%20study,meaning_ja
tacit knowledge,暗黙知,Experienced professionals often rely on their tacit knowledge.,経験豊富な専門家はしばしば暗黙知に頼ります。,https://ejje.weblio.jp/content/tacit%20knowledge,,
take initiative,率先して行動する,Employees are encouraged to take initiative in their roles.,従業員は自分の役割において率先して行動することが奨励されます。,https://ejje.weblio.jp/content/take%20initiative,404 Client Error: 404 for url: https://ejje.weblio.jp/content/take%20initiative,meaning_ja
take precedence over,～より優先される,Safety regulations always take precedence over cost considerations.,安全規制は常に費用に関する考慮事項より優先されます。,https://ejje.weblio.jp/content/take%20precedence%20over,,meaning_ja
take responsibility,責任感がある,Leaders must take responsibility for their team's performance.,リーダーはチームのパフォーマンスに責任感を持つべきです。,https://ejje.weblio.jp/content/take%20responsibility,,
take a role in,～に関与する,Many organizations take a role in promoting environmental awareness.,多くの組織が環境意識の促進に関与しています。,https://ejje.weblio.jp/content/take%20a%20role%20in,404 Client Error: 404 for url: https://ejje.weblio.jp/content/take%20a%20role%20in,meaning_ja
take an approach,あるアプローチをとる,We need to take an approach that integrates different perspectives.,私たちは異なる視点を統合するアプローチをとる必要があります。,https://ejje.weblio.jp/content/take%20an%20approach,404 Client Error: 404 for url: https://ejje.weblio.jp/content/take%20an%20approach,meaning_ja
take into consideration,掬する、汲み入れる、手心を加える、論じる、考え合わせる、かれこれ思い合わせる、気を遣う、〈推察・理解する〉・汲み取る,We must take into consideration all relevant factors before deciding.,決定を下す前に、すべての関連要因を考慮に入れる必要があります。,https://ejje.weblio.jp/content/take%20into%20consideration,,
"take on the role role of, as",～の役割を担う、～として,She decided to take on the role of project leader for the new initiative.,彼女は新しい取り組みのプロジェクトリーダーの役割を担うことに決めた。,https://ejje.weblio.jp/content/take%20on%20the%20role%20role%20of%2C%20as,404 Client Error: 404 for url: https://ejje.weblio.jp/content/take%20on%20the%20role%20role%20of%2C%20as,meaning_ja
"take up the role of, as",～の役割を担う、～として,He decided to take up the role of mentor for new employees.,彼は新入社員のメンターの役割を担うことを決めました。,https://ejje.weblio.jp/content/take%20up%20the%20role%20of%2C%20as,404 Client Error: 404 for url: https://ejje.weblio.jp/content/take%20up%20the%20role%20of%2C%20as,meaning_ja
target audience,ターゲット層,The marketing campaign is designed for a specific target audience.,そのマーケティングキャンペーンは特定のターゲット層のために設計されています。,https://ejje.weblio.jp/content/target%20audience,,
teaching strategy,指導法,Innovative teaching strategy can significantly improve student engagement.,革新的な指導法は学生の参加度を著しく向上させることができます。,https://ejje.weblio.jp/content/teaching%20strategy,404 Client Error: 404 for url: https://ejje.weblio.jp/content/teaching%20strategy,meaning_ja
technical aspect,手技面; 技術的側面; 技術面,The team discussed the technical aspect of the new software.,チームは新しいソフトウェアの技術的側面について議論しました。,https://ejje.weblio.jp/content/technical%20aspect,,
technical assistance,技術援助,Developing countries often receive technical assistance from international bodies.,発展途上国はしばしば国際機関から技術援助を受けます。,https://ejje.weblio.jp/content/technical%20assistance,,
technical detail,技術的な詳細,The presentation avoided excessive technical detail to remain accessible.,プレゼンテーションは理解しやすいように過度な技術的な詳細を避けました。,https://ejje.weblio.jp/content/technical%20detail,404 Client Error: 404 for url: https://ejje.weblio.jp/content/technical%20detail,meaning_ja
technical expertise,技術的専門知識,The project requires specific technical expertise in material science.,そのプロジェクトは材料科学における技術的専門知識を必要とします。,https://ejje.weblio.jp/content/technical%20expertise,,meaning_ja
technical issue,技術的問題点,We encountered a minor technical issue during the system upgrade.,システムアップグレード中に軽微な技術的問題点に遭遇しました。,https://ejje.weblio.jp/content/technical%20issue,,
technical knowledge,専門知識、技術情報、専門(的)知識,Engineers need strong technical knowledge to design complex systems.,エンジニアは複雑なシステムを設計するために専門知識が必要です。,https://ejje.weblio.jp/content/technical%20knowledge,,
technical problem,技術的問題,The team quickly resolved the technical problem affecting the server.,チームはサーバーに影響を与えていた技術的問題を迅速に解決しました。,https://ejje.weblio.jp/content/technical%20problem,,
technical skill,技能、技能、技巧、技巧、テクニカルスキル,Mastering this technical skill is essential for career advancement.,この技能を習得することはキャリアアップに不可欠です。,https://ejje.weblio.jp/content/technical%20skill,,
technical support,技術支援,Our customers can access 24/7 technical support.,お客様は24時間体制の技術支援を受けることができます。,https://ejje.weblio.jp/content/technical%20support,,
technical term,術語、専門用語,The document explains complex concepts without using too many technical terms.,その文書は多くの専門用語を使わずに複雑な概念を説明しています。,https://ejje.weblio.jp/content/technical%20term,,
technological advances,技術の進歩,Rapid technological advances are transforming various industries.,急速な技術の進歩が様々な産業を変革しています。,https://ejje.weblio.jp/content/technological%20advances,404 Client Error: 404 for url: https://ejje.weblio.jp/content/technological%20advances,meaning_ja
technological change,技術変化; 技術変革,Companies must adapt to continuous technological change.,企業は継続的な技術変化に適応しなければなりません。,https://ejje.weblio.jp/content/technological%20change,,
technological development,技術の発展,Investment in technological development is crucial for future growth.,技術の発展への投資は将来の成長に不可欠です。,https://ejje.weblio.jp/content/technological%20development,,
technological innovation,技術革新,Technological innovation drives economic competitiveness and progress.,技術革新は経済の競争力と進歩を推進します。,https://ejje.weblio.jp/content/technological%20innovation,,
technological progress,経済[技術]的進歩,We are witnessing unprecedented technological progress in many fields.,私たちは多くの分野で前例のない技術的進歩を目の当たりにしています。,https://ejje.weblio.jp/content/technological%20progress,,
test score,テストの成績,Students' test scores improved significantly after the intervention.,介入後、学生のテストの成績は著しく向上しました。,https://ejje.weblio.jp/content/test%20score,,
test a theory,仮説を検証する,Scientists design experiments to test a theory.,科学者は仮説を検証するために実験を設計します。,https://ejje.weblio.jp/content/test%20a%20theory,404 Client Error: 404 for url: https://ejje.weblio.jp/content/test%20a%20theory,meaning_ja
textual analysis,字面解析,The study employed textual analysis to interpret literary works.,その研究は文学作品を解釈するために字面解析を用いました。,https://ejje.weblio.jp/content/textual%20analysis,,
thematic analysis,テーマ別分析,The qualitative data was processed using thematic analysis.,定性データはテーマ別分析を用いて処理されました。,https://ejje.weblio.jp/content/thematic%20analysis,404 Client Error: 404 for url: https://ejje.weblio.jp/content/thematic%20analysis,meaning_ja
theoretical analysis,理論的解析; 理論解析,This paper presents a theoretical analysis of market dynamics.,この論文は市場ダイナミクスの理論的解析を提示します。,https://ejje.weblio.jp/content/theoretical%20analysis,,
theoretical approach,理論近似,The research adopts a theoretical approach based on social constructivism.,その研究は社会構成主義に基づく理論近似を採用しています。,https://ejje.weblio.jp/content/theoretical%20approach,,
theoretical basis,理論基礎,The proposed model lacks a strong theoretical basis.,提案されたモデルは強固な理論基礎を欠いています。,https://ejje.weblio.jp/content/theoretical%20basis,,
theoretical concept,理論的概念,Understanding this theoretical concept is crucial for advanced studies.,この理論的概念を理解することは高度な研究にとって不可欠です。,https://ejje.weblio.jp/content/theoretical%20concept,404 Client Error: 404 for url: https://ejje.weblio.jp/content/theoretical%20concept,meaning_ja
theoretical debate,理論的な議論,The article contributes to the ongoing theoretical debate on causality.,その記事は因果関係に関する進行中の理論的な議論に貢献します。,https://ejje.weblio.jp/content/theoretical%20debate,404 Client Error: 404 for url: https://ejje.weblio.jp/content/theoretical%20debate,meaning_ja
theoretical framework,理論構成,The study is built upon a robust theoretical framework.,その研究は堅固な理論構成の上に構築されています。,https://ejje.weblio.jp/content/theoretical%20framework,,
theoretical issue,理論上の問題,The conference will address various theoretical issues in philosophy.,その会議では哲学における様々な理論上の問題が扱われます。,https://ejje.weblio.jp/content/theoretical%20issue,404 Client Error: 404 for url: https://ejje.weblio.jp/content/theoretical%20issue,meaning_ja
theoretical model,理論モデル,Researchers developed a new theoretical model to explain the phenomenon.,研究者たちはその現象を説明するための新しい理論モデルを開発しました。,https://ejje.weblio.jp/content/theoretical%20model,,
theoretical perspective,理論的展望,The analysis offers a new theoretical perspective on human behavior.,その分析は人間の行動に関する新しい理論的展望を提供します。,https://ejje.weblio.jp/content/theoretical%20perspective,,
theoretical study,理論研究,This theoretical study explores the potential of quantum computing.,この理論研究は量子コンピューティングの可能性を探求します。,https://ejje.weblio.jp/content/theoretical%20study,,
theoretical understanding,理論的な理解,A deep theoretical understanding is essential for practical application.,実用的な応用には深い理論的な理解が不可欠です。,https://ejje.weblio.jp/content/theoretical%20understanding,404 Client Error: 404 for url: https://ejje.weblio.jp/content/theoretical%20understanding,meaning_ja
theoretical work,理論的研究,His theoretical work laid the foundation for modern physics.,彼の理論的研究は現代物理学の基礎を築きました。,https://ejje.weblio.jp/content/theoretical%20work,404 Client Error: 404 for url: https://ejje.weblio.jp/content/theoretical%20work,meaning_ja
think differently,違った視点で考える,Innovation often requires us to think differently about problems.,革新にはしばしば問題について違った視点で考えることが必要です。,https://ejje.weblio.jp/content/think%20differently,404 Client Error: 404 for url: https://ejje.weblio.jp/content/think%20differently,meaning_ja
thinking process,思考過程,Understanding the thinking process is crucial for effective problem-solving.,思考過程を理解することは、効果的な問題解決にとって極めて重要である。,https://ejje.weblio.jp/content/thinking%20process,,
third party,第三者,A third party was brought in to mediate the dispute fairly.,紛争を公平に仲裁するため、第三者が介入した。,https://ejje.weblio.jp/content/third%20party,,meaning_ja
thought process,慎重に何かを考慮するというあなたの頭を使う過程,Her detailed report revealed a meticulous thought process behind the proposal.,彼女の詳細な報告書は、提案の背後にある綿密な思考過程を明らかにした。,https://ejje.weblio.jp/content/thought%20process,,
tightly controlled,厳重に管理されている,The experiment's variables were tightly controlled to ensure accurate results.,正確な結果を確実にするため、実験の変数は厳重に管理された。,https://ejje.weblio.jp/content/tightly%20controlled,404 Client Error: 404 for url: https://ejje.weblio.jp/content/tightly%20controlled,meaning_ja
top management,トップマネージメント; トップマネジメント,The new strategy was approved by top management after extensive discussion.,新しい戦略は、広範な議論の末、トップマネジメントによって承認された。,https://ejje.weblio.jp/content/top%20management,,
total income,総収入,We need to calculate the total income from all sources for tax purposes.,税務上の理由から、すべての収入源からの総収入を計算する必要がある。,https://ejje.weblio.jp/content/total%20income,,
totally different,まったく違う,Their approach to the project was totally different from ours.,彼らのプロジェクトへのアプローチは、私たちのものとはまったく異なっていた。,https://ejje.weblio.jp/content/totally%20different,,meaning_ja
traditional approach,従来のアプローチ,The company decided to abandon the traditional approach for a more innovative one.,その会社は、より革新的なアプローチのために従来のアプローチを捨てることを決定した。,https://ejje.weblio.jp/content/traditional%20approach,404 Client Error: 404 for url: https://ejje.weblio.jp/content/traditional%20approach,meaning_ja
traditional culture,伝統文化,Preserving traditional culture is essential for understanding our heritage.,伝統文化を保存することは、私たちの遺産を理解するために不可欠である。,https://ejje.weblio.jp/content/traditional%20culture,,
traditional form,伝統的な形式,The artist reinterpreted the traditional form with modern materials and techniques.,その芸術家は、現代の素材と技術で伝統的な形式を再解釈した。,https://ejje.weblio.jp/content/traditional%20form,404 Client Error: 404 for url: https://ejje.weblio.jp/content/traditional%20form,meaning_ja
traditional method,従来の方法,We are exploring alternatives to the traditional method of data collection.,私たちは、従来のデータ収集方法に代わるものを模索している。,https://ejje.weblio.jp/content/traditional%20method,,
traditional practice,伝統的な慣習,Many traditional practices are being re-evaluated in modern society.,現代社会では、多くの伝統的な慣習が再評価されている。,https://ejje.weblio.jp/content/traditional%20practice,404 Client Error: 404 for url: https://ejje.weblio.jp/content/traditional%20practice,meaning_ja
traditional research,従来の研究,This study builds upon findings from traditional research in the field.,この研究は、その分野における従来の研究の知見に基づいている。,https://ejje.weblio.jp/content/traditional%20research,404 Client Error: 404 for url: https://ejje.weblio.jp/content/traditional%20research,meaning_ja
traditional society,伝統的社会,The shift from a traditional society to an industrial one brought many changes.,伝統的社会から産業社会への移行は、多くの変化をもたらした。,https://ejje.weblio.jp/content/traditional%20society,,
traditional value,伝統的な価値観,Maintaining traditional values is important for cultural identity.,伝統的な価値観を維持することは、文化的アイデンティティにとって重要である。,https://ejje.weblio.jp/content/traditional%20value,404 Client Error: 404 for url: https://ejje.weblio.jp/content/traditional%20value,meaning_ja
traditional view,従来の見方,The new evidence challenged the traditional view on the subject.,その新しい証拠は、その主題に関する従来の見方に異議を唱えた。,https://ejje.weblio.jp/content/traditional%20view,404 Client Error: 404 for url: https://ejje.weblio.jp/content/traditional%20view,meaning_ja
transferable skill,汎用スキル,Communication is a highly transferable skill valuable in any profession.,コミュニケーションは、どの職業でも価値のある非常に汎用性の高いスキルである。,https://ejje.weblio.jp/content/transferable%20skill,,meaning_ja
transmit data,送信データ,Secure protocols are used to transmit data over the network.,ネットワーク上でデータを送信するために、安全なプロトコルが使用される。,https://ejje.weblio.jp/content/transmit%20data,,
transmit information,送信情報,Satellite technology can transmit information across vast distances.,衛星技術は、広大な距離を越えて情報を送信できる。,https://ejje.weblio.jp/content/transmit%20information,,
transport system,輸送系,An efficient transport system is vital for economic growth.,効率的な輸送システムは、経済成長にとって不可欠である。,https://ejje.weblio.jp/content/transport%20system,,
treat differently,区別して扱う,It is unethical to treat different groups differently without justification.,正当な理由なしに異なるグループを区別して扱うことは非倫理的である。,https://ejje.weblio.jp/content/treat%20differently,,meaning_ja
treat equally,同等に扱う,All employees should be treated equally regardless of their background.,すべての従業員は、その背景にかかわらず同等に扱われるべきである。,https://ejje.weblio.jp/content/treat%20equally,,
typical example,代表的な例,This case provides a typical example of current market trends.,この事例は、現在の市場動向の代表的な例を示している。,https://ejje.weblio.jp/content/typical%20example,,
ultimate goal,最終目的,The ultimate goal of the project is to improve public health.,そのプロジェクトの最終目的は、公衆衛生を改善することである。,https://ejje.weblio.jp/content/ultimate%20goal,,
undergo transformation,変容を遂げる,The industry is expected to undergo significant transformation in the next decade.,その業界は、今後10年間で大きな変容を遂げると予想されている。,https://ejje.weblio.jp/content/undergo%20transformation,404 Client Error: 404 for url: https://ejje.weblio.jp/content/undergo%20transformation,meaning_ja
underlying assumption,前提となる仮定,We must examine the underlying assumption before proceeding with the analysis.,分析を進める前に、前提となる仮定を検証しなければならない。,https://ejje.weblio.jp/content/underlying%20assumption,404 Client Error: 404 for url: https://ejje.weblio.jp/content/underlying%20assumption,meaning_ja
underlying cause,遠因,Identifying the underlying cause of the problem is the first step.,問題の遠因を特定することが最初のステップである。,https://ejje.weblio.jp/content/underlying%20cause,,
underlying principle,基礎原理,The research explores the underlying principle of quantum mechanics.,その研究は、量子力学の基礎原理を探求している。,https://ejje.weblio.jp/content/underlying%20principle,,
underlying process,基盤となるプロセス,Understanding the underlying process is key to optimizing the system.,基盤となるプロセスを理解することが、システム最適化の鍵である。,https://ejje.weblio.jp/content/underlying%20process,404 Client Error: 404 for url: https://ejje.weblio.jp/content/underlying%20process,meaning_ja
underlying reason,根本的な理由,We need to find the underlying reason for the decline in sales.,売上減少の根本的な理由を見つける必要がある。,https://ejje.weblio.jp/content/underlying%20reason,404 Client Error: 404 for url: https://ejje.weblio.jp/content/underlying%20reason,meaning_ja
underlying structure,基底構造,Linguists study the underlying structure of language to understand its rules.,言語学者は、言語の規則を理解するためにその基底構造を研究する。,https://ejje.weblio.jp/content/underlying%20structure,,
undertake research,研究を行う,The university plans to undertake research into renewable energy sources.,その大学は、再生可能エネルギー源に関する研究を行う予定である。,https://ejje.weblio.jp/content/undertake%20research,404 Client Error: 404 for url: https://ejje.weblio.jp/content/undertake%20research,meaning_ja
undertake work,業務を行う,Employees are expected to undertake work diligently and professionally.,従業員は、勤勉かつ専門的に業務を行うことが期待されている。,https://ejje.weblio.jp/content/undertake%20work,404 Client Error: 404 for url: https://ejje.weblio.jp/content/undertake%20work,meaning_ja
undertake an activity,活動を行う,The organization will undertake an activity to promote environmental awareness.,その組織は、環境意識を高めるための活動を行うだろう。,https://ejje.weblio.jp/content/undertake%20an%20activity,404 Client Error: 404 for url: https://ejje.weblio.jp/content/undertake%20an%20activity,meaning_ja
unequal power,不平等な権力,The negotiation was hampered by the presence of unequal power dynamics.,交渉は、不平等な権力関係の存在によって妨げられた。,https://ejje.weblio.jp/content/unequal%20power,404 Client Error: 404 for url: https://ejje.weblio.jp/content/unequal%20power,meaning_ja
unfair treatment,不当な扱い,The union advocates for workers who have experienced unfair treatment.,組合は、不当な扱いを受けた労働者のために活動している。,https://ejje.weblio.jp/content/unfair%20treatment,404 Client Error: 404 for url: https://ejje.weblio.jp/content/unfair%20treatment,meaning_ja
unintended consequences,ウサギによって引き起こされたオーストラリアのガリ。,New policies often have unintended consequences that must be addressed.,新しい政策には、対処すべき予期せぬ結果が伴うことがよくある。,https://ejje.weblio.jp/content/unintended%20consequences,,
unique individual,唯一無二の人物,Every student is a unique individual with their own strengths.,すべての生徒は、それぞれの強みを持つ唯一無二の人物である。,https://ejje.weblio.jp/content/unique%20individual,404 Client Error: 404 for url: https://ejje.weblio.jp/content/unique%20individual,meaning_ja
unique opportunity,またとない機会,This collaboration presents a unique opportunity for innovation.,この共同作業は、イノベーションにとってまたとない機会をもたらす。,https://ejje.weblio.jp/content/unique%20opportunity,404 Client Error: 404 for url: https://ejje.weblio.jp/content/unique%20opportunity,meaning_ja
unique position,独自の立場,The country holds a unique position in global trade relations.,その国は、世界の貿易関係において独自の立場を占めている。,https://ejje.weblio.jp/content/unique%20position,404 Client Error: 404 for url: https://ejje.weblio.jp/content/unique%20position,meaning_ja
universally accepted,広く認められている,The theory is now universally accepted by the scientific community.,その理論は現在、科学界に広く認められている。,https://ejje.weblio.jp/content/universally%20accepted,404 Client Error: 404 for url: https://ejje.weblio.jp/content/universally%20accepted,meaning_ja
unlimited access,常時接続カテゴリ IT 用語,Subscribers gain unlimited access to all digital content.,加入者は、すべてのデジタルコンテンツに無制限にアクセスできる。,https://ejje.weblio.jp/content/unlimited%20access,,
unskilled worker,非熟練労働者; 不熟練労働者; 未熟練工,Training programs aim to upskill unskilled workers for new industries.,研修プログラムは、非熟練労働者を新しい産業のためにスキルアップさせることを目指している。,https://ejje.weblio.jp/content/unskilled%20worker,,
urban area,都市域; 都市圏; 市街部; 市街地区域; 広域圏; 都市部,The population density in this urban area is very high.,この都市部の人口密度は非常に高い。,https://ejje.weblio.jp/content/urban%20area,,
urban center,都会の密集地,Many people commute daily from rural areas to the urban center.,多くの人々が、毎日地方から都市の中心部へ通勤している。,https://ejje.weblio.jp/content/urban%20center,,
urban design,都市設計,Good urban design improves the quality of life for residents.,優れた都市設計は、住民の生活の質を向上させる。,https://ejje.weblio.jp/content/urban%20design,,
urban development,市街地開発; 都市開発,Sustainable urban development is crucial for future generations.,持続可能な都市開発は、将来の世代にとって不可欠である。,https://ejje.weblio.jp/content/urban%20development,,
urban environment,市街環境; 都市環境,Green spaces are important for well-being in an urban environment.,都市環境における幸福のためには、緑地が重要である。,https://ejje.weblio.jp/content/urban%20environment,,
use criteria,使用基準,Researchers must use clear criteria to evaluate the data objectively.,研究者は、データを客観的に評価するために明確な基準を使用しなければならない。,https://ejje.weblio.jp/content/use%20criteria,404 Client Error: 404 for url: https://ejje.weblio.jp/content/use%20criteria,meaning_ja
use effectively,有効活用する；有効利用する,We must learn to use our time effectively to meet deadlines.,締め切りに間に合わせるためには、時間を有効活用することを学ばなければならない。,https://ejje.weblio.jp/content/use%20effectively,,
use resources,リソースを活用する,Companies must use resources efficiently to reduce waste.,企業は、廃棄物を削減するために資源を効率的に活用しなければならない。,https://ejje.weblio.jp/content/use%20resources,404 Client Error: 404 for url: https://ejje.weblio.jp/content/use%20resources,meaning_ja
use sparingly,控えめに使う,Certain chemicals should be used sparingly due to their environmental impact.,特定の化学物質は環境への影響から、控えめに使用すべきである。,https://ejje.weblio.jp/content/use%20sparingly,404 Client Error: 404 for url: https://ejje.weblio.jp/content/use%20sparingly,meaning_ja
use statistics,利用統計,The report will use statistics to support its conclusions.,その報告書は、結論を裏付けるために統計を使用するだろう。,https://ejje.weblio.jp/content/use%20statistics,404 Client Error: 404 for url: https://ejje.weblio.jp/content/use%20statistics,meaning_ja
use a format,書式を使用する,Please use a specific format for submitting your academic papers.,学術論文を提出する際は、特定の書式を使用してください。,https://ejje.weblio.jp/content/use%20a%20format,404 Client Error: 404 for url: https://ejje.weblio.jp/content/use%20a%20format,meaning_ja
use a method,メソッドを使用する,Scientists often use a method of trial and error in experiments.,科学者は実験において、しばしば試行錯誤の方法を使用する。,https://ejje.weblio.jp/content/use%20a%20method,404 Client Error: 404 for url: https://ejje.weblio.jp/content/use%20a%20method,meaning_ja
use a methodology,方法論を用いる,The study will use a methodology based on qualitative interviews.,その研究は、質的なインタビューに基づいた方法論を用いるだろう。,https://ejje.weblio.jp/content/use%20a%20methodology,404 Client Error: 404 for url: https://ejje.weblio.jp/content/use%20a%20methodology,meaning_ja
use a procedure,プロシージャを使用する,Always use a safety procedure when handling hazardous materials.,危険物を扱う際は、必ず安全手順を使用してください。,https://ejje.weblio.jp/content/use%20a%20procedure,404 Client Error: 404 for url: https://ejje.weblio.jp/content/use%20a%20procedure,meaning_ja
use a source,出典を明記する,You must use a reliable source for all factual claims in your essay.,エッセイ内のすべての事実の主張には、信頼できる出典を明記しなければならない。,https://ejje.weblio.jp/content/use%20a%20source,404 Client Error: 404 for url: https://ejje.weblio.jp/content/use%20a%20source,meaning_ja
use a strategy,戦略を立てる,We need to use a clear strategy to achieve our marketing goals.,マーケティング目標を達成するためには、明確な戦略を立てる必要がある。,https://ejje.weblio.jp/content/use%20a%20strategy,404 Client Error: 404 for url: https://ejje.weblio.jp/content/use%20a%20strategy,meaning_ja
use a technique,ある手法を用いる,The chef will use a special technique to prepare the delicate sauce.,そのシェフは、繊細なソースを準備するために特別な手法を用いるだろう。,https://ejje.weblio.jp/content/use%20a%20technique,404 Client Error: 404 for url: https://ejje.weblio.jp/content/use%20a%20technique,meaning_ja
use a theory,理論を用いる,Researchers often use a theory to frame their investigations.,研究者は、しばしば調査の枠組みとして理論を用いる。,https://ejje.weblio.jp/content/use%20a%20theory,404 Client Error: 404 for url: https://ejje.weblio.jp/content/use%20a%20theory,meaning_ja
use an analysis,分析を活用する,We can use an analysis of past trends to predict future outcomes.,過去の傾向の分析を活用して、将来の結果を予測できる。,https://ejje.weblio.jp/content/use%20an%20analysis,404 Client Error: 404 for url: https://ejje.weblio.jp/content/use%20an%20analysis,meaning_ja
use an approach,あるアプローチを用いる,The team decided to use an innovative approach to solve the problem.,そのチームは、問題を解決するために革新的なアプローチを用いることにした。,https://ejje.weblio.jp/content/use%20an%20approach,404 Client Error: 404 for url: https://ejje.weblio.jp/content/use%20an%20approach,meaning_ja
use an definition,定義を使用する,"For clarity, the report decided to use a standard definition of sustainability.",明確にするため、その報告書は持続可能性の標準的な定義を使用することにした。,https://ejje.weblio.jp/content/use%20an%20definition,404 Client Error: 404 for url: https://ejje.weblio.jp/content/use%20an%20definition,meaning_ja
use the concept concept,「コンセプト」という概念を用いる,The study decided to use the concept of cultural capital in its analysis.,その研究は、分析において文化資本という概念を用いることにした。,https://ejje.weblio.jp/content/use%20the%20concept%20concept,404 Client Error: 404 for url: https://ejje.weblio.jp/content/use%20the%20concept%20concept,meaning_ja
use the data data,データを使用する,Researchers will use the data collected from the survey to draw conclusions.,研究者たちは、調査で収集されたデータを用いて結論を導き出すだろう。,https://ejje.weblio.jp/content/use%20the%20data%20data,404 Client Error: 404 for url: https://ejje.weblio.jp/content/use%20the%20data%20data,meaning_ja
useful information,有用な情報,The seminar provided much useful information for small businesses.,そのセミナーは、中小企業にとって多くの有用な情報を提供した。,https://ejje.weblio.jp/content/useful%20information,,
useful material,有用物質,Recycling programs help turn waste into useful material.,リサイクルプログラムは、廃棄物を有用物質に変えるのに役立つ。,https://ejje.weblio.jp/content/useful%20material,,
useful means,有効な手段,Education is a useful means for social mobility and progress.,教育は、社会的な流動性と進歩のための有効な手段である。,https://ejje.weblio.jp/content/useful%20means,404 Client Error: 404 for url: https://ejje.weblio.jp/content/useful%20means,meaning_ja
useful source,参考になる情報源,The online database proved to be a very useful source for research.,そのオンラインデータベースは、研究にとって非常に参考になる情報源であることが証明された。,https://ejje.weblio.jp/content/useful%20source,404 Client Error: 404 for url: https://ejje.weblio.jp/content/useful%20source,meaning_ja
useful summary,役立つまとめ,The executive summary provided a useful summary of the entire report.,役員向け要約は、報告書全体の役立つまとめを提供した。,https://ejje.weblio.jp/content/useful%20summary,404 Client Error: 404 for url: https://ejje.weblio.jp/content/useful%20summary,meaning_ja
useful tool,便利ツール,Spreadsheets are a useful tool for organizing and analyzing numerical data.,スプレッドシートは、数値データを整理し分析するための便利なツールである。,https://ejje.weblio.jp/content/useful%20tool,,
valid argument,妥当な主張,The committee considered whether the proposal presented a valid argument.,委員会は、その提案が妥当な主張を提示しているかどうかを検討した。,https://ejje.weblio.jp/content/valid%20argument,404 Client Error: 404 for url: https://ejje.weblio.jp/content/valid%20argument,meaning_ja
valuable information,貴重な情報,The survey yielded valuable information about consumer preferences.,その調査は、消費者の嗜好に関する貴重な情報をもたらした。,https://ejje.weblio.jp/content/valuable%20information,,
valuable resources,貴重な資源,We must protect our planet's valuable resources for future generations.,私たちは、将来の世代のために地球の貴重な資源を保護しなければならない。,https://ejje.weblio.jp/content/valuable%20resources,404 Client Error: 404 for url: https://ejje.weblio.jp/content/valuable%20resources,meaning_ja
various aspects,諸相,The conference will cover various aspects of artificial intelligence.,その会議では、人工知能の諸相について取り上げる予定である。,https://ejje.weblio.jp/content/various%20aspects,,
vary considerably,かなり異なる,Project costs can vary considerably depending on the scope.,プロジェクトの費用は、範囲によってかなり異なる場合がある。,https://ejje.weblio.jp/content/vary%20considerably,404 Client Error: 404 for url: https://ejje.weblio.jp/content/vary%20considerably,meaning_ja
vary greatly,大きく異なる,Opinions on the new policy vary greatly among stakeholders.,新しい政策に関する意見は、関係者の間で大きく異なる。,https://ejje.weblio.jp/content/vary%20greatly,,
vary significantly,大きく異なる,The results may vary significantly based on the sample size.,結果は、サンプルサイズに基づいて大きく異なる可能性がある。,https://ejje.weblio.jp/content/vary%20significantly,404 Client Error: 404 for url: https://ejje.weblio.jp/content/vary%20significantly,meaning_ja
vary widely,ばらつきが大きい,Dietary needs can vary widely among individuals.,食事の必要性は、個人の間でばらつきが大きい場合がある。,https://ejje.weblio.jp/content/vary%20widely,,
varying degree,程度の違い,All systems are vulnerable to cyber threats to a varying degree.,すべてのシステムは、程度の違いはあれ、サイバー脅威に対して脆弱である。,https://ejje.weblio.jp/content/varying%20degree,404 Client Error: 404 for url: https://ejje.weblio.jp/content/varying%20degree,meaning_ja
vast amount of,膨大な量の,Researchers processed a vast amount of data for the study.,研究者は、その研究のために膨大な量のデータを処理した。,https://ejje.weblio.jp/content/vast%20amount%20of,404 Client Error: 404 for url: https://ejje.weblio.jp/content/vast%20amount%20of,meaning_ja
vast area,広大な地域,"The forest covers a vast area, supporting diverse wildlife.",その森は広大な地域を覆い、多様な野生生物を支えている。,https://ejje.weblio.jp/content/vast%20area,404 Client Error: 404 for url: https://ejje.weblio.jp/content/vast%20area,meaning_ja
vast array of,多種多様な,The museum exhibits a vast array of historical artifacts.,その博物館は、多種多様な歴史的遺物を展示している。,https://ejje.weblio.jp/content/vast%20array%20of,404 Client Error: 404 for url: https://ejje.weblio.jp/content/vast%20array%20of,meaning_ja
vast majority,大多数,The vast majority of people supported the proposed changes.,大多数の人々が、提案された変更を支持した。,https://ejje.weblio.jp/content/vast%20majority,,
vast number,膨大な数,A vast number of applications were received for the position.,その職位には、膨大な数の応募が寄せられた。,https://ejje.weblio.jp/content/vast%20number,404 Client Error: 404 for url: https://ejje.weblio.jp/content/vast%20number,meaning_ja
vast quantities of,膨大な量の,Industries consume vast quantities of water in their operations.,産業界は、その操業において膨大な量の水を消費する。,https://ejje.weblio.jp/content/vast%20quantities%20of,404 Client Error: 404 for url: https://ejje.weblio.jp/content/vast%20quantities%20of,meaning_ja
vast range of,多岐にわたる,The conference topics covered a vast range of contemporary issues.,会議の議題は、多岐にわたる現代的な問題を取り上げた。,https://ejje.weblio.jp/content/vast%20range%20of,404 Client Error: 404 for url: https://ejje.weblio.jp/content/vast%20range%20of,meaning_ja
verbal communication,言語によるコミュニケーション,Effective verbal communication is crucial in team settings.,効果的な言語によるコミュニケーションは、チーム環境において極めて重要である。,https://ejje.weblio.jp/content/verbal%20communication,,meaning_ja
verbal language,言語,Humans use verbal language to express complex thoughts and ideas.,人間は、複雑な思考やアイデアを表現するために言語を使用する。,https://ejje.weblio.jp/content/verbal%20language,404 Client Error: 404 for url: https://ejje.weblio.jp/content/verbal%20language,meaning_ja
vested interest,既得権、確定的権利、利害関係、利権、(営利事業・現存体制などからの)受益団体,Policy changes are often resisted by groups with a vested interest.,政策変更は、既得権を持つグループによってしばしば抵抗される。,https://ejje.weblio.jp/content/vested%20interest,,
virtual community,バーチャルコミュニティ,Online platforms foster a sense of belonging in a virtual community.,オンラインプラットフォームは、バーチャルコミュニティにおける帰属意識を育む。,https://ejje.weblio.jp/content/virtual%20community,,meaning_ja
virtually impossible,事実上不可能,"Without proper funding, completing the project is virtually impossible.",適切な資金がなければ、そのプロジェクトを完了することは事実上不可能である。,https://ejje.weblio.jp/content/virtually%20impossible,404 Client Error: 404 for url: https://ejje.weblio.jp/content/virtually%20impossible,meaning_ja
visual image,視像; 視覚像,Advertisements often use a strong visual image to capture attention.,広告は、注目を集めるために強い視覚像をよく使用する。,https://ejje.weblio.jp/content/visual%20image,,
visual media,映像メディア,The use of visual media enhances engagement in educational presentations.,映像メディアの使用は、教育プレゼンテーションにおけるエンゲージメントを高める。,https://ejje.weblio.jp/content/visual%20media,404 Client Error: 404 for url: https://ejje.weblio.jp/content/visual%20media,meaning_ja
visual perception,視覚認知、視知覚,The study investigated how visual perception influences decision-making.,その研究は、視覚認知が意思決定にどのように影響するかを調査した。,https://ejje.weblio.jp/content/visual%20perception,,
visual representation,可視化表現,Graphs and charts provide a clear visual representation of data.,グラフや図は、データの明確な可視化表現を提供する。,https://ejje.weblio.jp/content/visual%20representation,,
vital importance,極めて重要,Ensuring data security is of vital importance in today's digital world.,今日のデジタル世界では、データセキュリティの確保が極めて重要である。,https://ejje.weblio.jp/content/vital%20importance,404 Client Error: 404 for url: https://ejje.weblio.jp/content/vital%20importance,meaning_ja
vital part,重要部分,Collaboration is a vital part of successful team projects.,コラボレーションは、成功するチームプロジェクトの重要部分である。,https://ejje.weblio.jp/content/vital%20part,,
vital role,極めて重要な役割,Education plays a vital role in shaping future generations.,教育は、将来の世代を形成する上で極めて重要な役割を果たす。,https://ejje.weblio.jp/content/vital%20role,404 Client Error: 404 for url: https://ejje.weblio.jp/content/vital%20role,meaning_ja
vulnerable group,弱者,Society has a responsibility to protect vulnerable groups from harm.,社会には、弱者を危害から保護する責任がある。,https://ejje.weblio.jp/content/vulnerable%20group,,
welfare reform,福祉改革,The government implemented welfare reform to address social inequalities.,政府は、社会的不平等を是正するために福祉改革を実施した。,https://ejje.weblio.jp/content/welfare%20reform,,meaning_ja
well aware,十分に承知している,We are well aware of the challenges ahead in this complex project.,この複雑なプロジェクトにおいて、私たちは前途の課題を十分に承知している。,https://ejje.weblio.jp/content/well%20aware,,meaning_ja
well designed,よくデザインされている,A well designed system can significantly improve user experience.,よくデザインされたシステムは、ユーザーエクスペリエンスを大幅に向上させることができる。,https://ejje.weblio.jp/content/well%20designed,,meaning_ja
well documented,十分に記録されている,The historical event is well documented in various archives.,その歴史的出来事は、様々なアーカイブに十分に記録されている。,https://ejje.weblio.jp/content/well%20documented,,meaning_ja
well educated,高学歴の,A well educated workforce is essential for a competitive economy.,競争力のある経済のためには、高学歴の労働力が不可欠である。,https://ejje.weblio.jp/content/well%20educated,,
well established,確立した、定着した、ゆるぎない、定評のある、しにせの,The company has a well established reputation for quality products.,その会社は、高品質な製品で定評がある。,https://ejje.weblio.jp/content/well%20established,,
well received,歓迎された,The new policy was well received by the public and stakeholders.,新しい政策は、一般市民と関係者に歓迎された。,https://ejje.weblio.jp/content/well%20received,,
western democracy,西欧型民主主義,Principles of western democracy emphasize individual rights and freedoms.,西欧型民主主義の原則は、個人の権利と自由を強調する。,https://ejje.weblio.jp/content/western%20democracy,404 Client Error: 404 for url: https://ejje.weblio.jp/content/western%20democracy,meaning_ja
western society,西洋社会,Values in western society have evolved significantly over centuries.,西洋社会の価値観は、何世紀にもわたって大きく進化してきた。,https://ejje.weblio.jp/content/western%20society,404 Client Error: 404 for url: https://ejje.weblio.jp/content/western%20society,meaning_ja
western tradition,西洋の伝統,Classical music is a significant part of western tradition.,クラシック音楽は、西洋の伝統の重要な部分である。,https://ejje.weblio.jp/content/western%20tradition,404 Client Error: 404 for url: https://ejje.weblio.jp/content/western%20tradition,meaning_ja
whole area,全域,The city council decided to redevelop the whole area downtown.,市議会は、ダウンタウンの全域を再開発することを決定した。,https://ejje.weblio.jp/content/whole%20area,,
whole period,全期間,The data covers the whole period of the economic recession.,そのデータは、経済不況の全期間を網羅している。,https://ejje.weblio.jp/content/whole%20period,,
whole range of,あらゆる種類の,The program offers a whole range of services to support students.,そのプログラムは、学生を支援するためのあらゆる種類のサービスを提供している。,https://ejje.weblio.jp/content/whole%20range%20of,404 Client Error: 404 for url: https://ejje.weblio.jp/content/whole%20range%20of,meaning_ja
wide area,大域、広域、広域,The new network provides coverage across a wide area.,新しいネットワークは、広域にわたるカバレッジを提供する。,https://ejje.weblio.jp/content/wide%20area,,
wide array of,多岐にわたる,The research explored a wide array of factors influencing consumer behavior.,その研究は、消費者の行動に影響を与える多岐にわたる要因を探求した。,https://ejje.weblio.jp/content/wide%20array%20of,404 Client Error: 404 for url: https://ejje.weblio.jp/content/wide%20array%20of,meaning_ja
wide range of,幅広い,The university offers a wide range of courses in different disciplines.,その大学は、様々な分野で幅広いコースを提供している。,https://ejje.weblio.jp/content/wide%20range%20of,404 Client Error: 404 for url: https://ejje.weblio.jp/content/wide%20range%20of,meaning_ja
wide variation,大きなばらつき,There is a wide variation in climate across the region.,その地域全体で気候に大きなばらつきがある。,https://ejje.weblio.jp/content/wide%20variation,404 Client Error: 404 for url: https://ejje.weblio.jp/content/wide%20variation,meaning_ja
widely accepted,広く受け入れられている,This theory is now widely accepted in the scientific community.,この理論は現在、科学界で広く受け入れられている。,https://ejje.weblio.jp/content/widely%20accepted,404 Client Error: 404 for url: https://ejje.weblio.jp/content/widely%20accepted,meaning_ja
widely adopted,広く普及している,Cloud computing has been widely adopted by businesses worldwide.,クラウドコンピューティングは、世界中の企業に広く普及している。,https://ejje.weblio.jp/content/widely%20adopted,404 Client Error: 404 for url: https://ejje.weblio.jp/content/widely%20adopted,meaning_ja
widely available,広く入手可能,High-speed internet is now widely available in most urban areas.,高速インターネットは、現在ほとんどの都市部で広く入手可能である。,https://ejje.weblio.jp/content/widely%20available,404 Client Error: 404 for url: https://ejje.weblio.jp/content/widely%20available,meaning_ja
widely believed,広く信じられている,It is widely believed that exercise improves mental health.,運動が精神的な健康を改善すると広く信じられている。,https://ejje.weblio.jp/content/widely%20believed,404 Client Error: 404 for url: https://ejje.weblio.jp/content/widely%20believed,meaning_ja
widely different,大きく異なる,"Their cultural backgrounds are widely different, yet they cooperate well.",彼らの文化的背景は大きく異なるが、うまく協力している。,https://ejje.weblio.jp/content/widely%20different,404 Client Error: 404 for url: https://ejje.weblio.jp/content/widely%20different,meaning_ja
widely discussed,広く議論されている,The ethical implications of AI are widely discussed in academia.,AIの倫理的含意は、学術界で広く議論されている。,https://ejje.weblio.jp/content/widely%20discussed,404 Client Error: 404 for url: https://ejje.weblio.jp/content/widely%20discussed,meaning_ja
widely dispersed,広く分散している,The seeds of the plant are widely dispersed by wind and water.,その植物の種子は、風と水によって広く分散している。,https://ejje.weblio.jp/content/widely%20dispersed,404 Client Error: 404 for url: https://ejje.weblio.jp/content/widely%20dispersed,meaning_ja
widely distributed,世界の多くの地域で成長するか、または起こるさま,The software update was widely distributed to all users globally.,そのソフトウェアアップデートは、世界中のすべてのユーザーに広く配布された。,https://ejje.weblio.jp/content/widely%20distributed,,
widely known,世間周知、天下周知、周知の,The author is widely known for her insightful historical novels.,その著者は、洞察力に富んだ歴史小説で広く知られている。,https://ejje.weblio.jp/content/widely%20known,,
widely read,広く読まれている,His latest book is widely read and has received critical acclaim.,彼の最新の著書は広く読まれ、批評家から絶賛されている。,https://ejje.weblio.jp/content/widely%20read,,meaning_ja
widely recognized,広く認められている,This approach is widely recognized as the most effective solution.,このアプローチは、最も効果的な解決策として広く認められている。,https://ejje.weblio.jp/content/widely%20recognized,404 Client Error: 404 for url: https://ejje.weblio.jp/content/widely%20recognized,meaning_ja
widely regarded as,広く～と見なされている,The treaty is widely regarded as a significant diplomatic achievement.,その条約は、重要な外交的成果として広く見なされている。,https://ejje.weblio.jp/content/widely%20regarded%20as,404 Client Error: 404 for url: https://ejje.weblio.jp/content/widely%20regarded%20as,meaning_ja
widely shared,広く共有された,The findings of the report were widely shared among policy makers.,その報告書の調査結果は、政策立案者の間で広く共有された。,https://ejje.weblio.jp/content/widely%20shared,404 Client Error: 404 for url: https://ejje.weblio.jp/content/widely%20shared,meaning_ja
widely used,広く使われている,Social media platforms are now widely used for communication.,ソーシャルメディアプラットフォームは、現在コミュニケーションに広く使われている。,https://ejje.weblio.jp/content/widely%20used,404 Client Error: 404 for url: https://ejje.weblio.jp/content/widely%20used,meaning_ja
wider audience,より幅広い層,The documentary aims to reach a wider audience with its message.,そのドキュメンタリーは、そのメッセージをより幅広い層に届けようとしている。,https://ejje.weblio.jp/content/wider%20audience,404 Client Error: 404 for url: https://ejje.weblio.jp/content/wider%20audience,meaning_ja
wider community,より広い地域社会,The project benefits not only participants but also the wider community.,そのプロジェクトは、参加者だけでなく、より広い地域社会にも恩恵をもたらす。,https://ejje.weblio.jp/content/wider%20community,404 Client Error: 404 for url: https://ejje.weblio.jp/content/wider%20community,meaning_ja
wider context,より広い文脈,We must consider the issue within its wider context.,私たちは、その問題をより広い文脈の中で考慮しなければならない。,https://ejje.weblio.jp/content/wider%20context,,meaning_ja
wider implications,より広範な影響,The new law has wider implications for the entire industry.,その新しい法律は、業界全体により広範な影響を与える。,https://ejje.weblio.jp/content/wider%20implications,404 Client Error: 404 for url: https://ejje.weblio.jp/content/wider%20implications,meaning_ja
wider issue,より広範な問題,Climate change is a wider issue affecting all nations.,気候変動は、すべての国に影響を与えるより広範な問題である。,https://ejje.weblio.jp/content/wider%20issue,404 Client Error: 404 for url: https://ejje.weblio.jp/content/wider%20issue,meaning_ja
wider public,一般市民,The decision was made to inform the wider public about the changes.,その変更について、一般市民に知らせる決定がなされた。,https://ejje.weblio.jp/content/wider%20public,,meaning_ja
wider society,社会全体,Education plays a vital role in shaping individuals and wider society.,教育は、個人と社会全体を形成する上で極めて重要な役割を果たす。,https://ejje.weblio.jp/content/wider%20society,404 Client Error: 404 for url: https://ejje.weblio.jp/content/wider%20society,meaning_ja
widespread acceptance,市民権,The new technology gained widespread acceptance due to its efficiency.,その新技術は、その効率性により広く受け入れられた。,https://ejje.weblio.jp/content/widespread%20acceptance,,
widespread belief,広く信じられていること,There is a widespread belief that healthy eating improves well-being.,健康的な食事が幸福感を高めるという広く信じられていることがある。,https://ejje.weblio.jp/content/widespread%20belief,404 Client Error: 404 for url: https://ejje.weblio.jp/content/widespread%20belief,meaning_ja
widespread support,幅広い支持,The initiative received widespread support from various organizations.,そのイニシアチブは、様々な組織から幅広い支持を得た。,https://ejje.weblio.jp/content/widespread%20support,404 Client Error: 404 for url: https://ejje.weblio.jp/content/widespread%20support,meaning_ja
widespread use,通行,The widespread use of smartphones has transformed daily life.,スマートフォンの広く普及した使用は、日常生活を変革した。,https://ejje.weblio.jp/content/widespread%20use,,
work effectively,効果的に働く,Team members must learn to work effectively together to achieve goals.,チームメンバーは、目標を達成するために効果的に協力することを学ぶ必要がある。,https://ejje.weblio.jp/content/work%20effectively,404 Client Error: 404 for url: https://ejje.weblio.jp/content/work%20effectively,meaning_ja
written comment,書面による意見,Please submit your written comment on the proposal by Friday.,提案に対する書面による意見を金曜日までに提出してください。,https://ejje.weblio.jp/content/written%20comment,404 Client Error: 404 for url: https://ejje.weblio.jp/content/written%20comment,meaning_ja
written communication,書かれたシンボル（印刷または手書きのどちらかで）によって連絡する,Clear written communication is essential in professional environments.,プロフェッショナルな環境では、明確な書面でのコミュニケーションが不可欠である。,https://ejje.weblio.jp/content/written%20communication,,
written statement,調書、陳述書,The witness provided a detailed written statement to the police.,その証人は、警察に詳細な書面による陳述書を提出した。,https://ejje.weblio.jp/content/written%20statement,,
younger generation,後輩; 青少年; ヤンガージェネレーション,Educating the younger generation about climate change is crucial.,気候変動について若い世代を教育することは極めて重要である。,https://ejje.weblio.jp/content/younger%20generation,,